t,proc_cores,rss_gb,anon_gb,nproc,nthreads,cpus_busy_pct,node_used_gb
1790576421.860,0.00,190.224,189.555,4,420,100.0,733.22
1790576422.110,32.76,190.224,189.555,4,420,100.0,733.22
1790576422.360,33.16,190.224,189.555,4,420,100.0,733.22
1790576422.610,32.92,190.224,189.555,4,420,100.0,733.22
1790576422.860,33.48,190.224,189.555,4,420,100.0,733.23
1790576423.110,32.52,190.224,189.555,4,420,100.0,733.23
1790576423.360,33.00,190.224,189.555,4,420,100.0,733.23
1790576423.610,32.96,190.224,189.555,4,420,100.0,733.23
1790576423.860,33.24,190.224,189.555,4,420,100.0,733.23
1790576424.110,32.88,190.224,189.555,4,420,100.0,733.23
1790576424.360,33.16,190.224,189.555,4,420,100.0,733.23
1790576424.610,32.80,190.224,189.555,4,420,100.0,733.23
1790576424.860,33.20,190.224,189.555,4,420,100.0,733.23
1790576425.110,32.80,190.224,189.555,4,420,100.0,733.23
1790576425.360,33.00,190.224,189.555,4,420,100.0,733.23
1790576425.610,33.04,190.224,189.555,4,420,100.0,733.23
1790576425.860,33.00,190.225,189.555,4,420,100.0,733.23
1790576426.110,33.28,190.225,189.555,4,420,100.0,733.23
1790576426.360,32.72,190.225,189.555,4,420,100.0,733.23
1790576426.610,33.12,190.225,189.555,4,420,100.0,733.23
1790576426.860,33.16,190.225,189.555,4,420,100.0,733.22
1790576427.110,32.84,190.225,189.555,4,420,100.0,733.22
1790576427.360,32.88,190.225,189.555,4,420,100.0,733.22
1790576427.610,33.44,190.225,189.555,4,420,100.0,733.22
1790576427.860,32.64,190.225,189.555,4,420,100.0,733.22
1790576428.110,33.00,190.225,189.555,4,420,100.0,733.22
1790576428.360,32.96,190.225,189.555,4,420,100.0,733.22
1790576428.610,33.08,190.225,189.555,4,420,100.0,733.22
1790576428.860,33.00,190.225,189.555,4,420,100.0,733.22
1790576429.110,32.88,190.225,189.555,4,420,100.0,733.22
1790576429.360,33.28,190.225,189.555,4,420,100.0,733.22
1790576429.610,32.84,190.225,189.555,4,420,100.0,733.22
1790576429.860,33.04,190.225,189.555,4,420,100.0,733.22
1790576430.110,33.00,190.225,189.555,4,420,100.0,733.22
1790576430.360,33.16,190.225,189.555,4,420,100.0,733.23
1790576430.610,32.76,190.225,189.555,4,420,100.0,733.23
1790576430.860,33.52,190.225,189.555,4,420,100.0,733.23
1790576431.110,32.60,190.225,189.555,4,420,100.0,733.23
1790576431.360,32.96,190.225,189.555,4,420,100.0,733.23
1790576431.610,33.08,190.225,189.555,4,420,100.0,733.22
1790576431.860,32.96,190.225,189.555,4,420,100.0,733.21
1790576432.110,32.92,190.225,189.555,4,420,100.0,733.21
1790576432.360,33.12,190.225,189.555,4,420,100.0,733.21
1790576432.610,32.96,190.225,189.555,4,420,100.0,733.21
1790576432.860,33.04,190.225,189.555,4,420,100.0,733.21
1790576433.110,33.04,190.225,189.555,4,420,100.0,733.21
1790576433.360,32.80,190.225,189.555,4,420,100.0,733.21
1790576433.610,33.16,190.225,189.555,4,420,100.0,733.21
1790576433.860,33.00,190.225,189.555,4,420,100.0,733.21
1790576434.110,33.36,190.225,189.555,4,420,100.0,733.21
1790576434.360,32.60,190.225,189.555,4,420,100.0,733.21
1790576434.610,33.04,190.225,189.555,4,420,100.0,733.21
1790576434.860,32.76,190.239,189.569,4,420,99.5,733.22
1790576435.110,33.20,190.241,189.571,4,420,100.0,733.23
1790576435.360,32.44,190.241,189.571,4,420,100.0,733.23
1790576435.610,33.28,190.241,189.571,4,420,100.0,733.23
1790576435.860,32.52,190.241,189.571,4,420,100.0,733.23
1790576436.110,32.24,190.241,189.571,4,420,100.0,733.23
1790576436.360,31.72,190.241,189.571,4,420,100.0,733.23
1790576436.610,32.28,190.241,189.571,4,420,100.0,733.23
1790576436.860,32.00,190.241,189.571,4,420,100.0,733.23
1790576437.110,32.00,190.241,189.571,4,420,100.0,733.23
1790576437.360,32.20,190.241,189.571,4,420,100.0,733.23
1790576437.610,31.76,190.241,189.571,4,420,100.0,733.23
1790576437.860,31.76,190.241,189.571,4,420,100.0,733.24
1790576438.110,32.36,190.241,189.571,4,420,100.0,733.24
1790576438.360,32.08,190.241,189.571,4,420,100.0,733.24
1790576438.610,31.80,190.241,189.571,4,420,100.0,733.24
1790576438.860,31.76,190.241,189.571,4,420,100.0,733.24
1790576439.110,32.24,190.241,189.571,4,420,100.0,733.24
1790576439.360,32.88,190.241,189.571,4,420,100.0,733.24
1790576439.610,33.12,190.241,189.571,4,420,100.0,733.24
1790576439.860,32.96,190.241,189.571,4,420,100.0,733.23
1790576440.110,33.04,190.241,189.571,4,420,100.0,733.23
1790576440.360,33.12,190.241,189.571,4,420,100.0,733.23
1790576440.610,33.00,190.241,189.571,4,420,100.0,733.23
1790576440.860,32.80,190.241,189.571,4,420,100.0,733.23
1790576441.110,33.12,190.241,189.571,4,420,100.0,733.23
1790576441.360,33.12,190.241,189.571,4,420,100.0,733.23
1790576441.610,32.80,190.241,189.571,4,420,100.0,733.23
1790576441.860,33.00,190.241,189.571,4,420,100.0,733.23
1790576442.110,33.04,190.241,189.571,4,420,100.0,733.23
1790576442.360,33.08,190.241,189.571,4,420,100.0,733.23
1790576442.610,33.00,190.241,189.571,4,420,100.0,733.23
1790576442.860,32.84,190.241,189.571,4,420,100.0,733.23
1790576443.110,33.16,190.241,189.571,4,420,100.0,733.23
1790576443.360,33.12,190.241,189.571,4,420,100.0,733.23
1790576443.610,32.84,190.241,189.571,4,420,100.0,733.23
1790576443.860,33.04,190.241,189.571,4,420,100.0,733.23
1790576444.110,33.08,190.241,189.571,4,420,100.0,733.23
1790576444.360,33.04,190.241,189.571,4,420,100.0,733.23
1790576444.610,32.76,190.241,189.571,4,420,100.0,733.23
1790576444.860,33.08,190.241,189.571,4,420,100.0,733.24
1790576445.110,33.04,190.241,189.571,4,420,100.0,733.24
1790576445.360,33.52,190.241,189.571,4,420,100.0,733.24
1790576445.610,32.40,190.241,189.571,4,420,100.0,733.24
1790576445.860,33.08,190.241,189.571,4,420,100.0,733.24
1790576446.110,32.96,190.241,189.571,4,420,100.0,733.24
1790576446.360,33.00,190.241,189.571,4,420,100.0,733.24
1790576446.610,33.12,190.241,189.571,4,420,100.0,733.24
1790576446.860,32.60,190.241,189.571,4,420,100.0,733.24
1790576447.110,33.28,190.241,189.571,4,420,100.0,733.24
1790576447.360,33.16,190.241,189.571,4,420,100.0,733.24
1790576447.610,33.00,190.241,189.571,4,420,100.0,733.24
1790576447.860,33.00,190.241,189.571,4,420,100.0,733.24
1790576448.110,33.00,190.241,189.571,4,420,100.0,733.25
1790576448.360,32.96,190.241,189.571,4,420,100.0,733.25
1790576448.610,33.12,190.241,189.571,4,420,100.0,733.24
1790576448.860,33.00,190.241,189.571,4,420,100.0,733.24
1790576449.110,33.00,190.241,189.571,4,420,100.0,733.24
1790576449.360,33.04,190.241,189.571,4,420,100.0,733.24
1790576449.610,32.48,190.241,189.571,4,420,100.0,733.24
1790576449.860,33.44,190.241,189.571,4,420,100.0,733.24
1790576450.110,32.92,190.241,189.571,4,420,100.0,733.24
1790576450.360,33.20,190.241,189.571,4,420,100.0,733.24
1790576450.610,32.80,190.241,189.571,4,420,100.0,733.24
1790576450.860,33.04,190.241,189.571,4,420,100.0,733.24
1790576451.110,33.04,190.241,189.571,4,420,100.0,733.24
1790576451.360,33.04,190.241,189.571,4,420,100.0,733.24
1790576451.610,33.08,190.241,189.571,4,420,100.0,733.24
1790576451.860,33.00,190.241,189.571,4,420,100.0,733.24
1790576452.110,32.84,190.241,189.571,4,420,100.0,733.24
1790576452.360,32.92,190.241,189.571,4,420,100.0,733.24
1790576452.610,33.36,190.241,189.571,4,420,100.0,733.24
1790576452.860,32.72,190.241,189.571,4,420,100.0,733.24
1790576453.110,33.04,190.241,189.571,4,420,100.0,733.24
1790576453.360,33.20,190.241,189.571,4,420,100.0,733.24
1790576453.610,33.28,190.241,189.571,4,420,100.0,733.24
1790576453.860,32.64,190.241,189.571,4,420,100.0,733.24
1790576454.110,32.92,190.241,189.571,4,420,100.0,733.24
1790576454.360,33.20,190.241,189.571,4,420,100.0,733.24
1790576454.610,32.88,190.241,189.571,4,420,100.0,733.24
1790576454.860,32.76,190.241,189.571,4,420,100.0,733.24
1790576455.110,33.28,190.241,189.571,4,420,100.0,733.24
1790576455.360,33.00,190.241,189.571,4,420,100.0,733.24
1790576455.610,33.04,190.241,189.571,4,420,100.0,733.24
1790576455.860,32.80,190.241,189.571,4,420,100.0,733.24
1790576456.110,33.04,190.241,189.571,4,420,100.0,733.24
1790576456.360,33.04,190.241,189.571,4,420,100.0,733.24
1790576456.610,33.32,190.241,189.571,4,420,100.0,733.24
1790576456.860,32.80,190.241,189.571,4,420,100.0,733.24
1790576457.110,33.00,190.241,189.571,4,420,100.0,733.24
1790576457.360,32.92,190.241,189.571,4,420,100.0,733.24
1790576457.610,33.04,190.241,189.571,4,420,100.0,733.24
1790576457.860,33.04,190.241,189.571,4,420,100.0,733.24
1790576458.110,32.68,190.241,189.571,4,420,100.0,733.24
1790576458.360,33.36,190.241,189.571,4,420,100.0,733.24
1790576458.610,33.08,190.241,189.571,4,420,100.0,733.24
1790576458.860,32.88,190.241,189.571,4,420,100.0,733.24
1790576459.110,33.00,190.241,189.571,4,420,100.0,733.24
1790576459.360,33.04,190.241,189.571,4,420,100.0,733.24
1790576459.610,33.00,190.241,189.571,4,420,100.0,733.24
1790576459.860,33.12,190.241,189.571,4,420,100.0,733.24
1790576460.110,32.84,190.241,189.571,4,420,100.0,733.24
1790576460.360,33.20,190.241,189.571,4,420,100.0,733.24
1790576460.610,33.08,190.241,189.571,4,420,100.0,733.24
1790576460.860,32.76,190.241,189.571,4,420,100.0,733.24
1790576461.110,33.12,190.241,189.571,4,420,100.0,733.24
1790576461.360,33.16,190.241,189.571,4,420,100.0,733.24
1790576461.610,32.72,190.241,189.571,4,420,100.0,733.24
1790576461.860,33.40,190.241,189.571,4,420,100.0,733.24
1790576462.110,32.68,190.241,189.571,4,420,100.0,733.24
1790576462.360,33.04,190.241,189.571,4,420,100.0,733.24
1790576462.610,32.84,190.241,189.571,4,420,100.0,733.24
1790576462.860,32.44,190.241,189.571,4,420,100.0,733.24
1790576463.110,33.40,190.241,189.571,4,420,99.4,733.24
1790576463.360,32.76,190.241,189.571,4,420,100.0,733.24
1790576463.610,33.44,190.241,189.571,4,420,100.0,733.24
1790576463.860,32.52,190.241,189.571,4,420,100.0,733.24
1790576464.110,32.56,190.241,189.571,4,420,100.0,733.24
1790576464.360,32.24,190.241,189.571,4,420,100.0,733.24
1790576464.610,31.72,190.241,189.571,4,420,100.0,733.24
1790576464.860,31.76,190.241,189.571,4,420,100.0,733.24
1790576465.110,32.24,190.241,189.571,4,420,100.0,733.24
1790576465.360,32.08,190.241,189.571,4,420,100.0,733.24
1790576465.610,31.92,190.241,189.571,4,420,100.0,733.24
1790576465.860,31.72,190.241,189.571,4,420,100.0,733.24
1790576466.110,31.80,190.241,189.571,4,420,100.0,733.24
1790576466.360,32.40,190.241,189.571,4,420,100.0,733.24
1790576466.610,32.16,190.241,189.571,4,420,100.0,733.24
1790576466.860,31.64,190.241,189.571,4,420,100.0,733.24
1790576467.110,32.20,190.241,189.571,4,420,100.0,733.24
1790576467.360,32.44,190.241,189.571,4,420,100.0,733.24
1790576467.610,33.08,190.241,189.571,4,420,100.0,733.24
1790576467.860,32.96,190.241,189.571,4,420,100.0,733.24
1790576468.110,33.08,190.241,189.571,4,420,100.0,733.24
1790576468.360,33.08,190.241,189.571,4,420,100.0,733.24
1790576468.610,32.88,190.241,189.571,4,420,100.0,733.24
1790576468.860,32.88,190.241,189.571,4,420,100.0,733.24
1790576469.110,33.08,190.241,189.571,4,420,100.0,733.24
1790576469.360,33.04,190.241,189.571,4,420,100.0,733.24
1790576469.610,33.00,190.241,189.571,4,420,100.0,733.24
1790576469.860,33.04,190.241,189.571,4,420,100.0,733.24
1790576470.110,33.24,190.241,189.571,4,420,100.0,733.24
1790576470.360,32.92,190.241,189.571,4,420,100.0,733.24
1790576470.610,32.96,190.241,189.571,4,420,100.0,733.25
1790576470.860,32.52,190.241,189.571,4,420,100.0,733.25
1790576471.110,33.40,190.241,189.571,4,420,100.0,733.25
1790576471.360,33.16,190.241,189.571,4,420,100.0,733.25
1790576471.610,33.00,190.241,189.571,4,420,100.0,733.25
1790576471.860,32.88,190.241,189.571,4,420,100.0,733.25
1790576472.110,33.16,190.241,189.571,4,420,100.0,733.25
1790576472.360,32.84,190.241,189.571,4,420,100.0,733.25
1790576472.610,33.28,190.241,189.571,4,420,100.0,733.25
1790576472.860,32.76,190.241,189.571,4,420,100.0,733.25
1790576473.110,33.00,190.241,189.571,4,420,100.0,733.25
1790576473.360,33.00,190.241,189.571,4,420,100.0,733.25
1790576473.610,33.04,190.241,189.571,4,420,100.0,733.25
1790576473.860,32.84,190.241,189.571,4,420,100.0,733.25
1790576474.110,32.72,190.241,189.571,4,420,100.0,733.25
1790576474.360,33.52,190.241,189.571,4,420,100.0,733.25
1790576474.610,32.88,190.241,189.571,4,420,100.0,733.25
1790576474.860,32.88,190.241,189.571,4,420,100.0,733.25
1790576475.110,33.12,190.241,189.571,4,420,100.0,733.25
1790576475.360,33.08,190.241,189.571,4,420,100.0,733.25
1790576475.610,32.80,190.241,189.571,4,420,100.0,733.25
1790576475.860,33.24,190.241,189.571,4,420,100.0,733.25
1790576476.110,32.84,190.241,189.571,4,420,100.0,733.25
1790576476.360,33.12,190.241,189.571,4,420,100.0,733.25
1790576476.610,33.00,190.241,189.571,4,420,100.0,733.25
1790576476.860,33.00,190.241,189.571,4,420,100.0,733.25
1790576477.110,33.00,190.241,189.571,4,420,100.0,733.25
1790576477.360,32.84,190.241,189.571,4,420,100.0,733.25
1790576477.610,33.04,190.241,189.571,4,420,100.0,733.25
1790576477.860,33.04,190.241,189.571,4,420,100.0,733.25
1790576478.110,33.00,190.241,189.571,4,420,100.0,733.25
1790576478.360,33.28,190.241,189.571,4,420,100.0,733.25
1790576478.610,32.92,190.241,189.571,4,420,100.0,733.25
1790576478.860,32.76,190.241,189.571,4,420,100.0,733.25
1790576479.110,33.20,190.241,189.571,4,420,100.0,733.25
1790576479.360,32.92,190.241,189.571,4,420,100.0,733.25
1790576479.610,33.04,190.241,189.571,4,420,100.0,733.25
1790576479.860,33.00,190.241,189.571,4,420,100.0,733.25
1790576480.110,33.04,190.241,189.571,4,420,100.0,733.25
1790576480.360,33.32,190.241,189.571,4,420,100.0,733.25
1790576480.610,32.76,190.241,189.571,4,420,100.0,733.25
1790576480.860,32.84,190.241,189.571,4,420,100.0,733.25
1790576481.110,33.12,190.241,189.571,4,420,100.0,733.25
1790576481.360,32.84,190.241,189.571,4,420,100.0,733.25
1790576481.610,33.08,190.241,189.571,4,420,100.0,733.25
1790576481.860,33.08,190.241,189.571,4,420,100.0,733.25
1790576482.110,32.52,190.241,189.571,4,420,100.0,733.25
1790576482.360,33.56,190.241,189.571,4,420,100.0,733.25
1790576482.610,33.00,190.241,189.571,4,420,100.0,733.25
1790576482.860,33.04,190.241,189.571,4,420,100.0,733.25
1790576483.110,32.96,190.241,189.571,4,420,100.0,733.25
1790576483.360,33.04,190.241,189.571,4,420,100.0,733.25
1790576483.610,32.96,190.241,189.571,4,420,100.0,733.25
1790576483.860,33.20,190.241,189.571,4,420,100.0,733.25
1790576484.110,32.72,190.241,189.571,4,420,100.0,733.25
1790576484.360,33.16,190.241,189.571,4,420,100.0,733.25
1790576484.610,32.88,190.241,189.571,4,420,100.0,733.25
1790576484.860,33.00,190.241,189.571,4,420,100.0,733.25
1790576485.110,33.08,190.241,189.571,4,420,100.0,733.25
1790576485.360,32.76,190.241,189.571,4,420,100.0,733.25
1790576485.610,33.24,190.241,189.571,4,420,100.0,733.25
1790576485.860,33.08,190.241,189.571,4,420,100.0,733.25
1790576486.110,32.84,190.241,189.571,4,420,100.0,733.25
1790576486.360,33.12,190.241,189.571,4,420,100.0,733.25
1790576486.610,33.04,190.241,189.571,4,420,100.0,733.25
1790576486.860,32.80,190.241,189.571,4,420,100.0,733.25
1790576487.110,33.24,190.241,189.571,4,420,100.0,733.24
1790576487.360,32.88,190.241,189.571,4,420,100.0,733.24
1790576487.610,33.08,190.241,189.571,4,420,100.0,733.24
1790576487.860,33.00,190.241,189.571,4,420,100.0,733.24
1790576488.110,32.84,190.241,189.571,4,420,100.0,733.24
1790576488.360,33.08,190.241,189.571,4,420,100.0,733.24
1790576488.610,33.48,190.241,189.571,4,420,100.0,733.24
1790576488.860,32.52,190.241,189.571,4,420,100.0,733.24
1790576489.110,33.04,190.241,189.571,4,420,100.0,733.24
1790576489.360,33.04,190.241,189.571,4,420,100.0,733.24
1790576489.610,32.88,190.241,189.571,4,420,100.0,733.24
1790576489.860,33.08,190.241,189.571,4,420,100.0,733.24
1790576490.110,32.64,190.241,189.571,4,420,100.0,733.24
1790576490.360,33.88,190.241,189.571,4,420,100.0,733.24
1790576490.610,32.52,190.241,189.571,4,420,100.0,733.24
1790576490.860,33.04,190.241,189.571,4,420,100.0,733.24
1790576491.110,32.72,190.241,189.571,4,420,99.9,733.24
1790576491.360,33.00,190.241,189.571,4,420,100.0,733.24
1790576491.610,33.08,190.241,189.571,4,420,100.0,733.24
1790576491.860,33.16,190.241,189.571,4,420,100.0,733.24
1790576492.110,32.80,190.241,189.571,4,420,100.0,733.24
1790576492.360,31.60,190.241,189.571,4,420,100.0,733.24
1790576492.610,32.28,190.241,189.571,4,420,100.0,733.25
1790576492.860,31.68,190.241,189.571,4,420,100.0,733.25
1790576493.110,32.28,190.241,189.571,4,420,100.0,733.25
1790576493.360,31.80,190.241,189.571,4,420,100.0,733.26
1790576493.610,32.28,190.241,189.571,4,420,100.0,733.25
1790576493.860,31.96,190.241,189.571,4,420,100.0,733.25
1790576494.110,31.96,190.241,189.571,4,420,100.0,733.25
1790576494.360,31.96,190.241,189.571,4,420,100.0,733.25
1790576494.610,32.12,190.241,189.571,4,420,100.0,733.25
1790576494.860,31.68,190.241,189.571,4,420,100.0,733.25
1790576495.110,32.24,190.241,189.571,4,420,100.0,733.25
1790576495.360,31.72,190.241,189.571,4,420,100.0,733.25
1790576495.610,33.00,190.241,189.571,4,420,100.0,733.25
1790576495.860,33.04,190.241,189.571,4,420,100.0,733.25
1790576496.110,33.12,190.241,189.571,4,420,100.0,733.25
1790576496.360,32.96,190.241,189.571,4,420,100.0,733.25
1790576496.610,32.96,190.241,189.571,4,420,100.0,733.25
1790576496.860,33.36,190.241,189.571,4,420,100.0,733.25
1790576497.110,32.64,190.241,189.571,4,420,100.0,733.25
1790576497.360,33.08,190.241,189.571,4,420,100.0,733.25
1790576497.610,33.04,190.241,189.571,4,420,100.0,733.25
1790576497.860,33.00,190.241,189.571,4,420,100.0,733.25
1790576498.110,32.48,190.241,189.571,4,420,100.0,733.25
1790576498.360,33.40,190.241,189.571,4,420,100.0,733.25
1790576498.610,32.96,190.241,189.571,4,420,100.0,733.25
1790576498.860,33.08,190.241,189.571,4,420,100.0,733.25
1790576499.110,33.08,190.241,189.571,4,420,100.0,733.25
1790576499.360,32.88,190.241,189.571,4,420,100.0,733.25
1790576499.610,33.00,190.241,189.571,4,420,100.0,733.25
1790576499.860,33.48,190.241,189.571,4,420,100.0,733.24
1790576500.110,32.60,190.241,189.571,4,420,100.0,733.24
1790576500.360,33.20,190.241,189.571,4,420,100.0,733.24
1790576500.610,33.04,190.241,189.571,4,420,100.0,733.24
1790576500.860,32.80,190.241,189.571,4,420,100.0,733.23
1790576501.110,33.08,190.241,189.571,4,420,100.0,733.23
1790576501.360,32.68,190.241,189.571,4,420,100.0,733.23
1790576501.610,33.24,190.241,189.571,4,420,100.0,733.23
1790576501.860,31.40,190.237,189.567,4,419,87.3,733.22
1790576502.110,1.36,0.752,0.527,3,193,4.7,729.23
1790576502.360,1.00,0.752,0.527,3,193,3.1,724.20
1790576502.610,1.00,0.752,0.527,3,193,3.1,717.22
1790576502.860,1.00,0.752,0.527,3,193,3.1,709.54
1790576503.110,1.00,0.752,0.527,3,193,3.1,701.54
1790576503.360,1.00,0.000,0.000,1,1,4.9,692.92
1790576503.610,1.00,0.000,0.000,1,1,3.2,683.76
1790576503.860,1.00,0.000,0.000,1,1,3.1,674.61
1790576504.110,1.00,0.000,0.000,1,1,3.1,665.35
1790576504.360,1.00,0.000,0.000,1,1,3.1,655.46
1790576504.610,1.00,0.000,0.000,1,1,3.2,645.57
1790576504.860,0.96,0.000,0.000,1,1,3.1,635.42
1790576505.110,1.04,0.000,0.000,1,1,3.1,624.62
1790576505.360,0.96,0.000,0.000,1,1,3.2,614.34
1790576505.610,1.00,0.000,0.000,1,1,3.1,603.92
1790576505.860,1.00,0.000,0.000,1,1,3.1,593.19
1790576506.110,1.00,0.000,0.000,1,1,3.1,581.97
1790576506.360,1.00,0.000,0.000,1,1,3.1,570.46
1790576506.610,1.00,0.000,0.000,1,1,3.1,558.83
1790576506.860,1.04,0.000,0.000,1,1,3.1,547.85
1790576507.110,0.00,0.000,0.000,0,0,1.8,543.04
1790576507.360,0.00,0.000,0.000,0,0,0.0,543.04
1790576507.610,0.00,0.000,0.000,0,0,0.0,543.04
1790576507.860,0.00,0.000,0.000,0,0,0.0,543.05
1790576508.110,0.00,0.000,0.000,0,0,0.0,543.04
1790576508.360,0.00,0.000,0.000,0,0,0.0,543.04
1790576508.610,0.00,0.000,0.000,0,0,0.0,543.04
1790576508.860,0.00,0.000,0.000,0,0,0.0,543.04
1790576509.110,0.00,0.000,0.000,0,0,0.0,543.04
1790576509.360,0.00,0.000,0.000,0,0,0.0,543.04
1790576509.610,0.00,0.000,0.000,0,0,0.0,543.04
1790576509.860,0.00,0.000,0.000,0,0,0.0,543.04
1790576510.110,0.00,0.000,0.000,0,0,0.0,543.04
1790576510.360,0.00,0.000,0.000,0,0,0.0,543.04
1790576510.610,0.00,0.000,0.000,0,0,0.0,543.04
1790576510.860,0.00,0.000,0.000,0,0,0.0,543.04
1790576511.110,0.00,0.000,0.000,0,0,0.0,543.04
1790576511.360,0.00,0.000,0.000,0,0,0.0,543.04
1790576511.610,0.00,0.000,0.000,0,0,0.0,543.04
1790576511.860,0.00,0.000,0.000,0,0,0.0,543.04
1790576512.110,0.00,0.000,0.000,0,0,0.0,543.04
1790576512.360,0.00,0.000,0.000,0,0,0.0,543.05
1790576512.610,0.00,0.000,0.000,0,0,0.0,543.05
1790576512.860,0.00,0.000,0.000,0,0,0.0,543.04
1790576513.110,0.00,0.000,0.000,0,0,0.0,543.04
1790576513.360,0.00,0.000,0.000,0,0,0.0,543.05
1790576513.610,0.00,0.000,0.000,0,0,0.0,543.05
1790576513.860,0.00,0.000,0.000,0,0,0.0,543.05
1790576514.110,0.00,0.000,0.000,0,0,0.0,543.05
1790576514.360,0.00,0.000,0.000,0,0,0.0,543.05
1790576514.610,0.00,0.000,0.000,0,0,0.0,543.05
1790576514.860,0.00,0.000,0.000,0,0,0.0,543.05
1790576515.110,0.00,0.000,0.000,0,0,0.0,543.05
1790576515.360,0.00,0.000,0.000,0,0,0.0,543.04
1790576515.610,0.00,0.000,0.000,0,0,0.0,543.04
1790576515.860,0.00,0.000,0.000,0,0,0.0,543.04
1790576516.110,0.00,0.000,0.000,0,0,0.0,543.04
1790576516.360,0.00,0.000,0.000,0,0,0.0,543.04
1790576516.610,0.00,0.000,0.000,0,0,0.0,543.04
1790576516.860,0.00,0.000,0.000,0,0,0.0,543.04
1790576517.110,0.00,0.000,0.000,0,0,0.0,543.04
1790576517.360,0.00,0.000,0.000,0,0,0.0,543.04
1790576517.610,0.00,0.000,0.000,0,0,0.0,543.04
1790576517.860,0.00,0.000,0.000,0,0,0.0,543.04
1790576518.110,0.00,0.000,0.000,0,0,0.0,543.04
1790576518.360,0.00,0.000,0.000,0,0,0.0,543.04
1790576518.610,0.00,0.000,0.000,0,0,0.0,543.04
1790576518.860,0.00,0.000,0.000,0,0,0.0,543.04
1790576519.110,0.00,0.000,0.000,0,0,0.0,543.04
1790576519.360,0.00,0.000,0.000,0,0,0.0,543.04
1790576519.610,0.00,0.000,0.000,0,0,0.0,543.04
1790576519.860,0.00,0.000,0.000,0,0,0.0,543.04
1790576520.110,0.00,0.000,0.000,0,0,0.0,543.04
1790576520.360,0.00,0.000,0.000,0,0,0.0,543.04
1790576520.610,0.00,0.000,0.000,0,0,0.0,543.04
1790576520.860,0.00,0.000,0.000,0,0,0.0,543.04
1790576521.110,0.00,0.000,0.000,0,0,0.0,543.04
1790576521.360,0.00,0.000,0.000,0,0,0.0,543.04
1790576521.610,0.00,0.000,0.000,0,0,0.0,543.04
1790576521.860,0.00,0.000,0.000,0,0,0.0,543.04
1790576522.110,0.00,0.000,0.000,0,0,0.0,543.04
1790576522.360,0.00,0.000,0.000,0,0,0.0,543.04
1790576522.610,0.00,0.000,0.000,0,0,0.0,543.04
1790576522.860,0.00,0.000,0.000,0,0,0.0,543.04
1790576523.110,0.00,0.000,0.000,0,0,0.0,543.04
1790576523.360,0.00,0.000,0.000,0,0,0.0,543.04
1790576523.610,0.00,0.000,0.000,0,0,0.0,543.04
1790576523.860,0.00,0.000,0.000,0,0,0.0,543.04
1790576524.110,0.00,0.000,0.000,0,0,0.0,543.04
1790576524.360,0.00,0.000,0.000,0,0,0.0,543.04
1790576524.610,0.00,0.000,0.000,0,0,0.0,543.04
1790576524.860,0.00,0.000,0.000,0,0,0.0,543.04
1790576525.110,0.00,0.000,0.000,0,0,0.0,543.04
1790576525.360,0.00,0.000,0.000,0,0,0.0,543.04
1790576525.610,0.00,0.000,0.000,0,0,0.0,543.04
1790576525.860,0.00,0.000,0.000,0,0,0.0,543.04
1790576526.110,0.00,0.000,0.000,0,0,0.0,543.04
1790576526.360,0.00,0.000,0.000,0,0,0.0,543.04
1790576526.610,0.00,0.000,0.000,0,0,0.0,543.04
1790576526.860,0.00,0.000,0.000,0,0,0.0,543.04
1790576527.110,0.00,0.000,0.000,0,0,0.0,543.04
1790576527.360,0.00,0.000,0.000,0,0,0.0,543.04
1790576527.610,0.00,0.000,0.000,0,0,0.0,543.04
1790576527.860,0.00,0.000,0.000,0,0,0.0,543.04
1790576528.110,0.00,0.000,0.000,0,0,0.0,543.04
1790576528.360,0.00,0.000,0.000,0,0,0.0,543.04
1790576528.610,0.00,0.000,0.000,0,0,0.0,543.04
1790576528.860,0.00,0.000,0.000,0,0,0.0,543.04
1790576529.110,0.00,0.000,0.000,0,0,0.0,543.04
1790576529.360,0.00,0.000,0.000,0,0,0.0,543.04
1790576529.610,0.00,0.000,0.000,0,0,0.0,543.04
1790576529.860,0.00,0.000,0.000,0,0,0.0,543.04
1790576530.110,0.00,0.000,0.000,0,0,0.0,543.04
1790576530.360,0.00,0.000,0.000,0,0,0.0,543.04
1790576530.610,0.00,0.000,0.000,0,0,0.0,543.04
1790576530.860,0.00,0.000,0.000,0,0,0.0,543.04
1790576531.110,0.00,0.000,0.000,0,0,0.0,543.04
1790576531.360,0.00,0.000,0.000,0,0,0.0,543.04
1790576531.610,0.00,0.000,0.000,0,0,0.0,543.04
1790576531.860,0.00,0.000,0.000,0,0,0.0,543.04
1790576532.110,0.00,0.000,0.000,0,0,0.0,543.04
1790576532.360,0.00,0.000,0.000,0,0,0.0,543.04
1790576532.610,0.00,0.000,0.000,0,0,0.0,543.04
1790576532.860,0.00,0.000,0.000,0,0,0.0,543.04
1790576533.110,0.00,0.000,0.000,0,0,0.0,543.04
1790576533.360,0.00,0.000,0.000,0,0,0.0,543.04
1790576533.610,0.00,0.000,0.000,0,0,0.0,543.04
1790576533.860,0.00,0.000,0.000,0,0,0.0,543.04
1790576534.110,0.00,0.000,0.000,0,0,0.0,543.04
1790576534.360,0.00,0.000,0.000,0,0,0.0,543.05
1790576534.610,0.00,0.000,0.000,0,0,0.0,543.05
1790576534.860,0.00,0.000,0.000,0,0,0.0,543.05
1790576535.110,0.00,0.000,0.000,0,0,0.0,543.05
1790576535.360,0.00,0.000,0.000,0,0,0.0,543.05
1790576535.610,0.00,0.000,0.000,0,0,0.0,543.05
1790576535.860,0.00,0.000,0.000,0,0,0.0,543.05
1790576536.110,0.00,0.000,0.000,0,0,0.0,543.05
1790576536.360,0.00,0.000,0.000,0,0,0.2,543.04
1790576536.610,0.00,0.000,0.000,0,0,0.0,543.04
1790576536.860,0.00,0.000,0.000,0,0,0.0,543.04
1790576537.110,0.00,0.000,0.000,0,0,0.0,543.04
1790576537.360,0.00,0.000,0.000,0,0,0.0,543.04
1790576537.610,0.00,0.000,0.000,0,0,0.0,543.04
1790576537.860,0.00,0.000,0.000,0,0,0.0,543.04
1790576538.110,0.00,0.000,0.000,0,0,0.0,543.04
1790576538.360,0.00,0.000,0.000,0,0,0.0,543.04
1790576538.610,0.00,0.000,0.000,0,0,0.0,543.04
1790576538.860,0.00,0.000,0.000,0,0,0.0,543.04
1790576539.110,0.00,0.000,0.000,0,0,0.0,543.04
1790576539.360,0.00,0.000,0.000,0,0,0.0,543.04
1790576539.610,0.00,0.000,0.000,0,0,0.0,543.04
1790576539.860,0.00,0.000,0.000,0,0,0.0,543.04
1790576540.110,0.00,0.000,0.000,0,0,0.0,543.04
1790576540.360,0.00,0.000,0.000,0,0,0.0,543.04
1790576540.610,0.00,0.000,0.000,0,0,0.0,543.04
1790576540.860,0.00,0.000,0.000,0,0,0.0,543.04
1790576541.110,0.00,0.000,0.000,0,0,0.0,543.04
1790576541.360,0.00,0.000,0.000,0,0,0.0,543.04
1790576541.610,0.00,0.000,0.000,0,0,0.0,543.05
1790576541.860,0.00,0.000,0.000,0,0,0.0,543.05
1790576542.110,0.00,0.000,0.000,0,0,0.0,543.05
1790576542.360,0.00,0.000,0.000,0,0,0.0,543.04
1790576542.610,0.00,0.000,0.000,0,0,0.0,543.04
1790576542.860,0.00,0.000,0.000,0,0,0.0,543.04
1790576543.110,0.00,0.000,0.000,0,0,0.0,543.04
1790576543.360,0.00,0.000,0.000,0,0,0.0,543.04
1790576543.610,0.00,0.000,0.000,0,0,0.0,543.04
1790576543.860,0.00,0.000,0.000,0,0,0.0,543.04
1790576544.110,0.00,0.000,0.000,0,0,0.0,543.04
1790576544.360,0.00,0.000,0.000,0,0,0.0,543.05
1790576544.610,0.00,0.000,0.000,0,0,0.0,543.05
1790576544.860,0.00,0.000,0.000,0,0,0.0,543.05
1790576545.110,0.00,0.000,0.000,0,0,0.0,543.05
1790576545.360,0.00,0.000,0.000,0,0,0.0,543.04
1790576545.610,0.00,0.000,0.000,0,0,0.0,543.04
1790576545.860,0.00,0.000,0.000,0,0,0.0,543.04
1790576546.110,0.00,0.000,0.000,0,0,0.0,543.04
1790576546.360,0.00,0.000,0.000,0,0,0.0,543.04
1790576546.610,0.00,0.000,0.000,0,0,0.0,543.04
1790576546.860,0.00,0.000,0.000,0,0,0.0,543.04
1790576547.110,0.00,0.000,0.000,0,0,0.0,543.04
1790576547.360,0.00,0.000,0.000,0,0,0.0,543.04
1790576547.610,0.00,0.000,0.000,0,0,0.0,543.04
1790576547.860,0.00,0.000,0.000,0,0,0.0,543.04
1790576548.110,0.00,0.000,0.000,0,0,0.0,543.04
1790576548.360,0.00,0.000,0.000,0,0,0.0,543.04
1790576548.610,0.00,0.000,0.000,0,0,0.0,543.04
1790576548.860,0.00,0.000,0.000,0,0,0.0,543.04
1790576549.110,0.00,0.000,0.000,0,0,0.0,543.04
1790576549.360,0.00,0.000,0.000,0,0,0.0,543.04
1790576549.610,0.00,0.000,0.000,0,0,0.0,543.04
1790576549.860,0.00,0.000,0.000,0,0,0.0,543.04
1790576550.110,0.00,0.000,0.000,0,0,0.0,543.04
1790576550.360,0.00,0.000,0.000,0,0,0.0,543.04
1790576550.610,0.00,0.000,0.000,0,0,0.0,543.04
1790576550.860,0.00,0.000,0.000,0,0,0.0,543.04
1790576551.110,0.00,0.000,0.000,0,0,0.0,543.04
1790576551.360,0.00,0.000,0.000,0,0,0.0,543.04
1790576551.610,0.00,0.000,0.000,0,0,0.0,543.04
1790576551.860,0.00,0.000,0.000,0,0,0.0,543.04
1790576552.110,0.00,0.000,0.000,0,0,0.0,543.04
1790576552.360,0.00,0.000,0.000,0,0,0.0,543.04
1790576552.610,0.00,0.000,0.000,0,0,0.0,543.04
1790576552.860,0.00,0.000,0.000,0,0,0.0,543.04
1790576553.110,0.00,0.000,0.000,0,0,0.0,543.04
1790576553.360,0.00,0.000,0.000,0,0,0.0,543.04
1790576553.610,0.00,0.000,0.000,0,0,0.0,543.04
1790576553.860,0.00,0.000,0.000,0,0,0.0,543.04
1790576554.110,0.00,0.000,0.000,0,0,0.0,543.04
1790576554.360,0.00,0.000,0.000,0,0,0.0,543.04
1790576554.610,0.00,0.000,0.000,0,0,0.8,543.04
1790576554.860,0.00,0.000,0.000,0,0,0.0,543.04
1790576555.110,0.00,0.000,0.000,0,0,0.0,543.04
1790576555.360,0.00,0.000,0.000,0,0,0.0,543.04
1790576555.610,0.00,0.000,0.000,0,0,0.0,543.04
1790576555.860,0.00,0.000,0.000,0,0,0.0,543.04
1790576556.110,0.00,0.000,0.000,0,0,0.0,543.04
1790576556.360,0.00,0.000,0.000,0,0,0.0,543.04
1790576556.610,0.00,0.000,0.000,0,0,0.0,543.04
1790576556.860,0.00,0.000,0.000,0,0,0.0,543.04
1790576557.110,0.00,0.000,0.000,0,0,0.0,543.04
1790576557.360,0.00,0.000,0.000,0,0,0.0,543.04
1790576557.610,0.00,0.000,0.000,0,0,0.0,543.04
1790576557.860,0.00,0.000,0.000,0,0,0.0,543.04
1790576558.110,0.00,0.000,0.000,0,0,0.0,543.04
1790576558.360,0.00,0.000,0.000,0,0,0.0,543.04
1790576558.610,0.00,0.000,0.000,0,0,0.0,543.04
1790576558.860,0.00,0.000,0.000,0,0,0.0,543.04
1790576559.110,0.00,0.000,0.000,0,0,0.0,543.04
1790576559.360,0.00,0.000,0.000,0,0,0.0,543.04
1790576559.610,0.00,0.000,0.000,0,0,0.0,543.04
1790576559.860,0.00,0.000,0.000,0,0,0.0,543.04
1790576560.110,0.00,0.000,0.000,0,0,0.0,543.04
1790576560.360,0.00,0.000,0.000,0,0,0.0,543.04
1790576560.610,0.00,0.000,0.000,0,0,0.0,543.04
1790576560.860,0.00,0.000,0.000,0,0,0.0,543.04
1790576561.110,0.00,0.000,0.000,0,0,0.0,543.04
1790576561.360,0.00,0.000,0.000,0,0,0.0,543.04
1790576561.610,0.00,0.000,0.000,0,0,0.0,543.04
1790576561.860,0.00,0.000,0.000,0,0,0.0,543.04
1790576562.110,0.00,0.000,0.000,0,0,0.0,543.04
1790576562.360,0.00,0.000,0.000,0,0,0.0,543.04
1790576562.610,0.00,0.000,0.000,0,0,0.0,543.04
1790576562.860,0.00,0.000,0.000,0,0,0.0,543.04
1790576563.110,0.00,0.000,0.000,0,0,0.0,543.04
1790576563.360,0.00,0.000,0.000,0,0,0.0,543.04
1790576563.610,0.00,0.000,0.000,0,0,0.0,543.04
1790576563.860,0.00,0.000,0.000,0,0,0.0,543.04
1790576564.110,0.00,0.000,0.000,0,0,0.0,543.04
1790576564.360,0.00,0.000,0.000,0,0,0.0,543.04
1790576564.610,0.00,0.000,0.000,0,0,0.0,543.04
1790576564.860,0.00,0.000,0.000,0,0,0.0,543.04
1790576565.110,0.00,0.000,0.000,0,0,0.0,543.04
1790576565.360,0.00,0.000,0.000,0,0,0.0,543.04
1790576565.610,0.00,0.000,0.000,0,0,0.0,543.04
1790576565.860,0.00,0.000,0.000,0,0,0.0,543.04
1790576566.110,0.00,0.000,0.000,0,0,0.0,543.04
1790576566.360,0.00,0.000,0.000,0,0,0.0,543.04
1790576566.610,0.00,0.000,0.000,0,0,0.0,543.04
1790576566.860,0.00,0.000,0.000,0,0,0.0,543.04
1790576567.110,0.00,0.000,0.000,0,0,0.0,543.04
1790576567.360,0.00,0.000,0.000,0,0,0.0,543.04
1790576567.610,0.00,0.000,0.000,0,0,0.0,543.04
1790576567.860,0.00,0.000,0.000,0,0,0.0,543.04
1790576568.110,0.00,0.000,0.000,0,0,0.0,543.04
1790576568.360,0.00,0.000,0.000,0,0,0.0,543.04
1790576568.610,0.00,0.000,0.000,0,0,0.0,543.04
1790576568.860,0.00,0.000,0.000,0,0,0.0,543.04
1790576569.110,0.00,0.000,0.000,0,0,0.0,543.04
1790576569.360,0.00,0.000,0.000,0,0,0.0,543.04
1790576569.610,0.00,0.000,0.000,0,0,0.0,543.04
1790576569.860,0.00,0.000,0.000,0,0,0.0,543.04
1790576570.110,0.00,0.000,0.000,0,0,0.0,543.04
1790576570.360,0.00,0.000,0.000,0,0,0.0,543.04
1790576570.610,0.00,0.000,0.000,0,0,0.0,543.04
1790576570.860,0.00,0.000,0.000,0,0,0.0,543.04
1790576571.110,0.00,0.000,0.000,0,0,0.0,543.04
1790576571.360,0.00,0.000,0.000,0,0,0.0,543.05
1790576571.610,0.00,0.000,0.000,0,0,0.0,543.05
1790576571.860,0.00,0.000,0.000,0,0,0.0,543.05
1790576572.110,0.00,0.000,0.000,0,0,0.0,543.05
1790576572.360,0.00,0.000,0.000,0,0,0.0,543.05
1790576572.610,0.00,0.000,0.000,0,0,0.0,543.05
1790576572.860,0.00,0.000,0.000,0,0,0.0,543.05
1790576573.110,0.00,0.000,0.000,0,0,0.0,543.05
1790576573.360,0.00,0.000,0.000,0,0,2.9,543.05
1790576573.610,0.00,0.000,0.000,0,0,0.1,543.05
1790576573.860,0.00,0.000,0.000,0,0,0.0,543.05
1790576574.110,0.00,0.000,0.000,0,0,0.0,543.05
1790576574.360,0.00,0.000,0.000,0,0,0.0,543.05
1790576574.610,0.00,0.000,0.000,0,0,0.0,543.05
1790576574.860,0.00,0.000,0.000,0,0,0.0,543.05
1790576575.110,0.00,0.000,0.000,0,0,0.1,543.05
1790576575.360,0.00,0.000,0.000,0,0,0.4,543.05
1790576575.610,0.00,0.000,0.000,0,0,0.0,543.05
1790576575.860,0.00,0.000,0.000,0,0,0.0,543.05
1790576576.110,0.00,0.000,0.000,0,0,0.0,543.05
1790576576.360,0.00,0.000,0.000,0,0,0.0,543.05
1790576576.610,0.00,0.000,0.000,0,0,0.0,543.05
1790576576.860,0.00,0.000,0.000,0,0,0.0,543.05
1790576577.110,0.00,0.000,0.000,0,0,0.0,543.05
1790576577.360,0.00,0.000,0.000,0,0,0.0,543.05
1790576577.610,0.00,0.000,0.000,0,0,0.0,543.05
1790576577.860,0.00,0.000,0.000,0,0,0.0,543.05
1790576578.110,0.00,0.000,0.000,0,0,0.0,543.05
1790576578.360,0.00,0.000,0.000,0,0,0.0,543.05
1790576578.610,0.00,0.000,0.000,0,0,0.0,543.05
1790576578.860,0.00,0.000,0.000,0,0,0.0,543.05
1790576579.110,0.00,0.000,0.000,0,0,0.0,543.05
1790576579.360,0.00,0.000,0.000,0,0,0.0,543.05
1790576579.610,0.00,0.000,0.000,0,0,0.0,543.05
1790576579.860,0.00,0.000,0.000,0,0,0.0,543.05
1790576580.110,0.00,0.000,0.000,0,0,0.0,543.05
1790576580.360,0.00,0.000,0.000,0,0,0.0,543.05
1790576580.610,0.00,0.000,0.000,0,0,0.0,543.05
1790576580.860,0.00,0.000,0.000,0,0,0.0,543.05
1790576581.110,0.00,0.000,0.000,0,0,0.0,543.05
1790576581.360,0.00,0.000,0.000,0,0,0.0,543.05
1790576581.610,0.00,0.000,0.000,0,0,0.0,543.05
1790576581.860,0.00,0.000,0.000,0,0,0.0,543.05
1790576582.110,0.00,0.000,0.000,0,0,0.0,543.05
1790576582.360,0.00,0.000,0.000,0,0,0.0,543.05
1790576582.610,0.00,0.000,0.000,0,0,0.0,543.05
1790576582.860,0.00,0.000,0.000,0,0,0.0,543.05
1790576583.110,0.00,0.000,0.000,0,0,0.0,543.05
1790576583.360,0.00,0.000,0.000,0,0,0.0,543.05
1790576583.610,0.00,0.000,0.000,0,0,0.0,543.05
1790576583.860,0.00,0.000,0.000,0,0,0.0,543.05
1790576584.110,0.00,0.000,0.000,0,0,0.0,543.05
1790576584.360,0.00,0.000,0.000,0,0,0.0,543.05
1790576584.610,0.00,0.000,0.000,0,0,0.0,543.05
1790576584.860,0.00,0.000,0.000,0,0,0.0,543.05
1790576585.110,0.00,0.000,0.000,0,0,0.0,543.05
1790576585.360,0.00,0.000,0.000,0,0,0.7,543.05
1790576585.610,0.00,0.000,0.000,0,0,0.0,543.05
1790576585.860,0.00,0.000,0.000,0,0,0.0,543.05
1790576586.110,0.00,0.000,0.000,0,0,0.0,543.05
1790576586.360,0.00,0.000,0.000,0,0,0.0,543.05
1790576586.610,0.00,0.000,0.000,0,0,0.0,543.05
1790576586.860,0.00,0.000,0.000,0,0,0.0,543.05
1790576587.110,0.00,0.000,0.000,0,0,0.0,543.05
1790576587.360,0.00,0.000,0.000,0,0,0.0,543.05
1790576587.610,0.00,0.000,0.000,0,0,0.0,543.05
1790576587.860,0.00,0.000,0.000,0,0,0.0,543.05
1790576588.110,0.00,0.000,0.000,0,0,0.0,543.05
1790576588.360,0.00,0.000,0.000,0,0,0.0,543.05
1790576588.610,0.00,0.000,0.000,0,0,0.0,543.05
1790576588.860,0.00,0.000,0.000,0,0,0.0,543.05
1790576589.110,0.00,0.000,0.000,0,0,0.0,543.05
1790576589.360,0.00,0.000,0.000,0,0,0.0,543.05
1790576589.610,0.00,0.000,0.000,0,0,0.0,543.05
1790576589.860,0.00,0.000,0.000,0,0,0.0,543.05
1790576590.110,0.00,0.000,0.000,0,0,0.0,543.05
1790576590.360,0.00,0.000,0.000,0,0,0.0,543.05
1790576590.610,0.00,0.000,0.000,0,0,0.0,543.05
1790576590.860,0.00,0.000,0.000,0,0,0.0,543.05
1790576591.110,0.00,0.000,0.000,0,0,0.1,543.05
1790576591.360,0.00,0.000,0.000,0,0,0.0,543.05
1790576591.610,0.00,0.000,0.000,0,0,0.1,543.05
1790576591.860,0.00,0.000,0.000,0,0,0.1,543.05
1790576592.110,0.00,0.000,0.000,0,0,0.0,543.05
1790576592.360,0.00,0.000,0.000,0,0,0.0,543.05
1790576592.610,0.00,0.000,0.000,0,0,0.0,543.05
1790576592.860,0.00,0.000,0.000,0,0,0.0,543.05
1790576593.110,0.00,0.000,0.000,0,0,0.0,543.05
1790576593.360,0.00,0.000,0.000,0,0,0.0,543.05
1790576593.610,0.00,0.000,0.000,0,0,0.0,543.05
1790576593.860,0.00,0.000,0.000,0,0,0.0,543.05
1790576594.110,0.00,0.000,0.000,0,0,0.0,543.05
1790576594.360,0.00,0.000,0.000,0,0,0.0,543.05
1790576594.610,0.00,0.000,0.000,0,0,0.0,543.05
1790576594.860,0.00,0.000,0.000,0,0,0.0,543.05
1790576595.110,0.00,0.000,0.000,0,0,0.0,543.05
1790576595.360,0.00,0.000,0.000,0,0,0.0,543.05
1790576595.610,0.00,0.000,0.000,0,0,0.0,543.05
1790576595.860,0.00,0.000,0.000,0,0,0.0,543.05
1790576596.110,0.00,0.000,0.000,0,0,0.0,543.05
1790576596.360,0.00,0.000,0.000,0,0,0.0,543.05
1790576596.610,0.00,0.000,0.000,0,0,0.0,543.05
1790576596.860,0.00,0.000,0.000,0,0,0.0,543.05
1790576597.110,0.00,0.000,0.000,0,0,0.0,543.05
1790576597.360,0.00,0.000,0.000,0,0,0.0,543.05
1790576597.610,0.00,0.000,0.000,0,0,0.0,543.05
1790576597.860,0.00,0.000,0.000,0,0,0.0,543.05
1790576598.110,0.00,0.000,0.000,0,0,0.1,543.05
1790576598.360,0.00,0.000,0.000,0,0,0.0,543.06
1790576598.610,0.00,0.000,0.000,0,0,0.0,543.06
1790576598.860,0.00,0.000,0.000,0,0,0.1,543.06
1790576599.110,0.00,0.000,0.000,0,0,0.0,543.06
1790576599.360,0.00,0.000,0.000,0,0,0.0,543.06
1790576599.610,0.00,0.000,0.000,0,0,0.0,543.06
1790576599.860,0.00,0.000,0.000,0,0,0.0,543.06
1790576600.110,0.00,0.000,0.000,0,0,0.0,543.06
1790576600.360,0.00,0.000,0.000,0,0,0.0,543.06
1790576600.610,0.00,0.000,0.000,0,0,0.1,543.05
1790576600.860,0.00,0.000,0.000,0,0,0.0,543.05
1790576601.110,0.00,0.000,0.000,0,0,0.0,543.06
1790576601.360,0.00,0.000,0.000,0,0,0.0,543.06
1790576601.610,0.00,0.000,0.000,0,0,0.0,543.06
1790576601.860,0.00,0.000,0.000,0,0,0.0,543.06
1790576602.110,0.00,0.000,0.000,0,0,0.0,543.06
1790576602.360,0.00,0.000,0.000,0,0,0.0,543.06
1790576602.610,0.00,0.000,0.000,0,0,0.0,543.06
1790576602.860,0.00,0.000,0.000,0,0,0.0,543.06
1790576603.110,0.00,0.000,0.000,0,0,0.0,543.06
1790576603.360,0.00,0.000,0.000,0,0,0.0,543.06
1790576603.610,0.00,0.000,0.000,0,0,0.0,543.06
1790576603.860,0.00,0.000,0.000,0,0,0.0,543.06
1790576604.110,0.00,0.000,0.000,0,0,0.0,543.06
1790576604.360,0.00,0.000,0.000,0,0,0.0,543.06
1790576604.610,0.00,0.000,0.000,0,0,0.0,543.06
1790576604.860,0.00,0.000,0.000,0,0,0.0,543.06
1790576605.110,0.00,0.000,0.000,0,0,0.1,543.06
1790576605.360,0.00,0.000,0.000,0,0,0.0,543.06
1790576605.610,0.00,0.000,0.000,0,0,0.1,543.06
1790576605.860,0.00,0.000,0.000,0,0,0.0,543.06
1790576606.110,0.00,0.000,0.000,0,0,0.0,543.06
1790576606.360,0.00,0.000,0.000,0,0,0.0,543.06
1790576606.610,0.00,0.000,0.000,0,0,0.0,543.06
1790576606.860,0.00,0.000,0.000,0,0,0.0,543.06
1790576607.110,0.00,0.000,0.000,0,0,0.0,543.06
1790576607.360,0.00,0.000,0.000,0,0,0.0,543.06
1790576607.610,0.00,0.000,0.000,0,0,0.0,543.06
1790576607.860,0.00,0.000,0.000,0,0,0.0,543.06
1790576608.110,0.00,0.000,0.000,0,0,0.0,543.06
1790576608.360,0.00,0.000,0.000,0,0,0.0,543.06
1790576608.610,0.00,0.000,0.000,0,0,0.0,543.06
1790576608.860,0.00,0.000,0.000,0,0,0.0,543.06
1790576609.110,0.00,0.000,0.000,0,0,0.0,543.06
1790576609.360,0.00,0.000,0.000,0,0,0.0,543.06
1790576609.610,0.00,0.000,0.000,0,0,0.0,543.05
1790576609.860,0.00,0.000,0.000,0,0,0.0,543.05
1790576610.110,0.00,0.000,0.000,0,0,0.1,543.05
1790576610.360,0.00,0.000,0.000,0,0,0.0,543.05
1790576610.610,0.00,0.000,0.000,0,0,0.1,543.05
1790576610.860,0.00,0.000,0.000,0,0,0.0,543.05
1790576611.110,0.00,0.000,0.000,0,0,0.0,543.05
1790576611.360,0.00,0.000,0.000,0,0,0.0,543.05
1790576611.610,0.00,0.000,0.000,0,0,0.0,543.05
1790576611.860,0.00,0.000,0.000,0,0,0.0,543.05
1790576612.110,0.00,0.000,0.000,0,0,0.0,543.06
1790576612.360,0.00,0.000,0.000,0,0,0.0,543.05
1790576612.610,0.00,0.000,0.000,0,0,0.0,543.05
1790576612.860,0.00,0.000,0.000,0,0,0.0,543.06
1790576613.110,0.00,0.000,0.000,0,0,0.0,543.06
1790576613.360,0.00,0.000,0.000,0,0,0.0,543.05
1790576613.610,0.00,0.000,0.000,0,0,0.0,543.05
1790576613.860,0.00,0.000,0.000,0,0,0.0,543.05
1790576614.110,0.00,0.000,0.000,0,0,0.0,543.05
1790576614.360,0.00,0.000,0.000,0,0,0.0,543.05
1790576614.610,0.00,0.000,0.000,0,0,0.1,543.05
1790576614.860,0.00,0.000,0.000,0,0,0.0,543.05
1790576615.110,0.00,0.000,0.000,0,0,0.0,543.05
1790576615.360,0.00,0.000,0.000,0,0,0.0,543.06
1790576615.610,0.00,0.000,0.000,0,0,0.0,543.06
1790576615.860,0.00,0.000,0.000,0,0,0.0,543.06
1790576616.110,0.00,0.000,0.000,0,0,0.0,543.06
1790576616.360,0.00,0.000,0.000,0,0,0.0,543.05
1790576616.610,0.00,0.000,0.000,0,0,0.1,543.06
1790576616.860,0.00,0.000,0.000,0,0,0.0,543.06
1790576617.110,0.00,0.000,0.000,0,0,0.0,543.06
1790576617.360,0.00,0.000,0.000,0,0,0.0,543.06
1790576617.610,0.00,0.000,0.000,0,0,0.0,543.06
1790576617.860,0.00,0.000,0.000,0,0,0.0,543.06
1790576618.110,0.00,0.000,0.000,0,0,0.0,543.06
1790576618.360,0.00,0.000,0.000,0,0,0.8,543.06
1790576618.610,0.00,0.000,0.000,0,0,0.0,543.06
1790576618.860,0.00,0.000,0.000,0,0,0.0,543.06
1790576619.110,0.00,0.000,0.000,0,0,0.0,543.06
1790576619.360,0.00,0.000,0.000,0,0,0.0,543.06
1790576619.610,0.00,0.000,0.000,0,0,0.0,543.06
1790576619.860,0.00,0.000,0.000,0,0,0.0,543.06
1790576620.110,0.00,0.000,0.000,0,0,0.0,543.06
1790576620.360,0.00,0.000,0.000,0,0,0.0,543.06
1790576620.610,0.00,0.000,0.000,0,0,0.0,543.06
1790576620.860,0.00,0.000,0.000,0,0,0.0,543.06
1790576621.110,0.00,0.000,0.000,0,0,0.0,543.06
1790576621.360,0.00,0.000,0.000,0,0,0.0,543.06
1790576621.610,0.00,0.000,0.000,0,0,0.0,543.06
1790576621.860,0.00,0.000,0.000,0,0,0.0,543.06
1790576622.110,0.00,0.000,0.000,0,0,0.0,543.06
1790576622.360,0.00,0.000,0.000,0,0,0.0,543.06
1790576622.610,0.00,0.000,0.000,0,0,0.0,543.06
1790576622.860,0.00,0.000,0.000,0,0,0.0,543.06
1790576623.110,0.00,0.000,0.000,0,0,0.0,543.06
1790576623.360,0.00,0.000,0.000,0,0,0.0,543.06
1790576623.610,0.00,0.000,0.000,0,0,0.0,543.06
1790576623.860,0.00,0.000,0.000,0,0,0.0,543.06
1790576624.110,0.00,0.000,0.000,0,0,0.0,543.06
1790576624.360,0.00,0.000,0.000,0,0,0.0,543.06
1790576624.610,0.00,0.000,0.000,0,0,0.0,543.06
1790576624.860,0.00,0.000,0.000,0,0,0.0,543.06
1790576625.110,0.00,0.000,0.000,0,0,0.0,543.06
1790576625.360,0.00,0.000,0.000,0,0,0.0,543.06
1790576625.610,0.00,0.000,0.000,0,0,0.0,543.06
1790576625.860,0.00,0.000,0.000,0,0,0.0,543.06
1790576626.110,0.00,0.000,0.000,0,0,0.0,543.06
1790576626.360,0.00,0.000,0.000,0,0,0.0,543.06
1790576626.610,0.00,0.000,0.000,0,0,0.0,543.06
1790576626.860,0.00,0.000,0.000,0,0,0.0,543.06
1790576627.110,0.00,0.000,0.000,0,0,0.0,543.06
1790576627.360,0.00,0.000,0.000,0,0,0.0,543.06
1790576627.610,0.00,0.000,0.000,0,0,0.0,543.06
1790576627.860,0.00,0.000,0.000,0,0,0.0,543.06
1790576628.110,0.00,0.000,0.000,0,0,0.0,543.06
1790576628.360,0.00,0.000,0.000,0,0,0.0,543.06
1790576628.610,0.00,0.000,0.000,0,0,0.1,543.06
1790576628.860,0.00,0.000,0.000,0,0,0.0,543.06
1790576629.110,0.00,0.000,0.000,0,0,0.0,543.06
1790576629.360,0.00,0.000,0.000,0,0,0.0,543.06
1790576629.610,0.00,0.000,0.000,0,0,0.0,543.06
1790576629.860,0.00,0.000,0.000,0,0,0.0,543.06
1790576630.110,0.00,0.000,0.000,0,0,0.0,543.06
1790576630.360,0.00,0.000,0.000,0,0,0.0,543.06
1790576630.610,0.00,0.000,0.000,0,0,0.0,543.06
1790576630.860,0.00,0.000,0.000,0,0,0.0,543.06
1790576631.110,0.00,0.000,0.000,0,0,0.0,543.06
1790576631.360,0.00,0.000,0.000,0,0,0.0,543.06
1790576631.610,0.00,0.000,0.000,0,0,0.0,543.06
1790576631.860,0.00,0.000,0.000,0,0,0.0,543.06
1790576632.110,0.00,0.000,0.000,0,0,0.0,543.06
1790576632.360,0.00,0.000,0.000,0,0,0.0,543.06
1790576632.610,0.00,0.000,0.000,0,0,0.0,543.06
1790576632.860,0.00,0.000,0.000,0,0,0.0,543.06
1790576633.110,0.00,0.000,0.000,0,0,0.0,543.06
1790576633.360,0.00,0.000,0.000,0,0,0.0,543.06
1790576633.610,0.00,0.000,0.000,0,0,0.0,543.06
1790576633.860,0.00,0.000,0.000,0,0,0.0,543.06
1790576634.110,0.00,0.000,0.000,0,0,0.0,543.06
1790576634.360,0.00,0.000,0.000,0,0,0.0,543.06
1790576634.610,0.00,0.000,0.000,0,0,0.0,543.06
1790576634.860,0.00,0.000,0.000,0,0,0.0,543.06
1790576635.110,0.00,0.000,0.000,0,0,0.0,543.06
1790576635.360,0.00,0.000,0.000,0,0,0.0,543.06
1790576635.610,0.00,0.000,0.000,0,0,0.0,543.06
1790576635.860,0.00,0.000,0.000,0,0,0.0,543.06
1790576636.110,0.00,0.000,0.000,0,0,0.0,543.06
1790576636.360,0.00,0.000,0.000,0,0,0.0,543.05
1790576636.610,0.00,0.000,0.000,0,0,0.0,543.05
1790576636.860,0.00,0.000,0.000,0,0,0.0,543.06
1790576637.110,0.00,0.000,0.000,0,0,0.0,543.06
1790576637.360,0.00,0.000,0.000,0,0,0.0,543.06
1790576637.610,0.00,0.000,0.000,0,0,0.0,543.06
1790576637.860,0.00,0.000,0.000,0,0,0.0,543.06
1790576638.110,0.00,0.000,0.000,0,0,0.0,543.06
1790576638.360,0.00,0.000,0.000,0,0,0.0,543.06
1790576638.610,0.00,0.000,0.000,0,0,0.0,543.06
1790576638.860,0.00,0.000,0.000,0,0,0.0,543.06
1790576639.110,0.00,0.000,0.000,0,0,0.0,543.06
1790576639.360,0.00,0.000,0.000,0,0,0.0,543.05
1790576639.610,0.00,0.000,0.000,0,0,0.0,543.05
1790576639.860,0.00,0.000,0.000,0,0,0.0,543.05
1790576640.110,0.00,0.000,0.000,0,0,0.0,543.05
1790576640.360,0.00,0.000,0.000,0,0,0.0,543.05
1790576640.610,0.00,0.000,0.000,0,0,0.1,543.05
1790576640.860,0.00,0.000,0.000,0,0,0.0,543.05
1790576641.110,0.00,0.000,0.000,0,0,0.0,543.05
1790576641.360,0.00,0.000,0.000,0,0,0.0,543.05
1790576641.610,0.00,0.000,0.000,0,0,0.0,543.05
1790576641.860,0.00,0.000,0.000,0,0,0.0,543.05
1790576642.110,0.00,0.000,0.000,0,0,0.0,543.05
1790576642.360,0.00,0.000,0.000,0,0,0.0,543.05
1790576642.610,0.00,0.000,0.000,0,0,0.0,543.05
1790576642.860,0.00,0.000,0.000,0,0,0.0,543.05
1790576643.110,0.00,0.000,0.000,0,0,0.0,543.05
1790576643.360,0.00,0.000,0.000,0,0,0.0,543.05
1790576643.610,0.00,0.000,0.000,0,0,0.0,543.05
1790576643.860,0.00,0.000,0.000,0,0,0.0,543.05
1790576644.110,0.00,0.000,0.000,0,0,0.0,543.05
1790576644.360,0.00,0.000,0.000,0,0,0.0,543.05
1790576644.610,0.00,0.000,0.000,0,0,0.0,543.05
1790576644.860,0.00,0.000,0.000,0,0,0.0,543.05
1790576645.110,0.00,0.000,0.000,0,0,0.0,543.05
1790576645.360,0.00,0.000,0.000,0,0,0.0,543.05
1790576645.610,0.00,0.000,0.000,0,0,0.0,543.05
1790576645.860,0.00,0.000,0.000,0,0,0.0,543.05
1790576646.110,0.00,0.000,0.000,0,0,0.0,543.05
1790576646.360,0.00,0.000,0.000,0,0,0.0,543.05
1790576646.610,0.00,0.000,0.000,0,0,0.1,543.05
1790576646.860,0.00,0.000,0.000,0,0,0.0,543.05
1790576647.110,0.00,0.000,0.000,0,0,0.0,543.05
1790576647.360,0.00,0.000,0.000,0,0,0.0,543.05
1790576647.610,0.00,0.000,0.000,0,0,0.0,543.05
1790576647.860,0.00,0.000,0.000,0,0,0.0,543.05
1790576648.110,0.00,0.000,0.000,0,0,0.0,543.05
1790576648.360,0.00,0.000,0.000,0,0,0.0,543.05
1790576648.610,0.00,0.000,0.000,0,0,0.0,543.06
1790576648.860,0.00,0.000,0.000,0,0,0.0,543.06
1790576649.110,0.00,0.000,0.000,0,0,0.0,543.06
1790576649.360,0.00,0.000,0.000,0,0,0.0,543.06
1790576649.610,0.00,0.000,0.000,0,0,0.0,543.06
1790576649.860,0.00,0.000,0.000,0,0,0.0,543.06
1790576650.110,0.00,0.000,0.000,0,0,0.0,543.06
1790576650.360,0.00,0.000,0.000,0,0,0.0,543.06
1790576650.610,0.00,0.000,0.000,0,0,0.0,543.06
1790576650.860,0.00,0.000,0.000,0,0,0.0,543.06
1790576651.110,0.00,0.000,0.000,0,0,0.0,543.06
1790576651.360,0.00,0.000,0.000,0,0,0.0,543.06
1790576651.610,0.00,0.000,0.000,0,0,0.0,543.06
1790576651.860,0.00,0.000,0.000,0,0,0.0,543.06
1790576652.110,0.00,0.000,0.000,0,0,6.8,543.06
1790576652.360,0.00,0.000,0.000,0,0,0.0,543.06
1790576652.610,0.00,0.000,0.000,0,0,0.0,543.06
1790576652.860,0.00,0.000,0.000,0,0,0.0,543.06
1790576653.110,0.00,0.000,0.000,0,0,0.0,543.06
1790576653.360,0.00,0.000,0.000,0,0,0.0,543.06
1790576653.610,0.00,0.000,0.000,0,0,0.0,543.06
1790576653.860,0.00,0.000,0.000,0,0,0.0,543.06
1790576654.110,0.00,0.000,0.000,0,0,0.0,543.06
1790576654.360,0.00,0.000,0.000,0,0,0.0,543.06
1790576654.610,0.00,0.000,0.000,0,0,0.0,543.06
1790576654.860,0.00,0.000,0.000,0,0,0.0,543.06
1790576655.110,0.00,0.000,0.000,0,0,0.0,543.06
1790576655.360,0.00,0.000,0.000,0,0,0.0,543.06
1790576655.610,0.00,0.000,0.000,0,0,0.0,543.06
1790576655.860,0.00,0.000,0.000,0,0,0.0,543.06
1790576656.110,0.00,0.000,0.000,0,0,0.0,543.06
1790576656.360,0.00,0.000,0.000,0,0,0.0,543.06
1790576656.610,0.00,0.000,0.000,0,0,0.0,543.06
1790576656.860,0.00,0.000,0.000,0,0,0.0,543.06
1790576657.110,0.00,0.000,0.000,0,0,0.0,543.06
1790576657.360,0.00,0.000,0.000,0,0,0.0,543.06
1790576657.610,0.00,0.000,0.000,0,0,0.0,543.06
1790576657.860,0.00,0.000,0.000,0,0,0.0,543.06
1790576658.110,0.00,0.000,0.000,0,0,0.0,543.06
1790576658.360,0.00,0.000,0.000,0,0,0.1,543.06
1790576658.610,0.00,0.000,0.000,0,0,0.0,543.06
1790576658.860,0.00,0.000,0.000,0,0,0.1,543.06
1790576659.110,0.00,0.000,0.000,0,0,0.0,543.06
1790576659.360,0.00,0.000,0.000,0,0,0.1,543.06
1790576659.610,0.00,0.000,0.000,0,0,0.0,543.06
1790576659.860,0.00,0.000,0.000,0,0,0.0,543.06
1790576660.110,0.00,0.000,0.000,0,0,0.0,543.06
1790576660.360,0.00,0.000,0.000,0,0,0.1,543.06
1790576660.610,0.00,0.000,0.000,0,0,0.0,543.06
1790576660.860,0.00,0.000,0.000,0,0,0.1,543.06
1790576661.110,0.00,0.000,0.000,0,0,0.0,543.06
1790576661.360,0.00,0.000,0.000,0,0,0.0,543.06
1790576661.610,0.00,0.000,0.000,0,0,0.0,543.06
1790576661.860,0.00,0.000,0.000,0,0,0.0,543.06
1790576662.110,0.00,0.000,0.000,0,0,0.0,543.06
1790576662.360,0.00,0.000,0.000,0,0,0.0,543.06
1790576662.610,0.00,0.000,0.000,0,0,0.0,543.06
1790576662.860,0.00,0.000,0.000,0,0,0.0,543.06
1790576663.110,0.00,0.000,0.000,0,0,0.0,543.06
1790576663.360,0.00,0.000,0.000,0,0,0.2,543.06
1790576663.610,0.00,0.000,0.000,0,0,0.0,543.06
1790576663.860,0.00,0.000,0.000,0,0,0.0,543.06
1790576664.110,0.00,0.000,0.000,0,0,0.0,543.06
1790576664.360,0.00,0.000,0.000,0,0,0.0,543.06
1790576664.610,0.00,0.000,0.000,0,0,0.0,543.06
1790576664.860,0.00,0.000,0.000,0,0,0.0,543.06
1790576665.110,0.00,0.000,0.000,0,0,0.0,543.06
1790576665.360,0.00,0.000,0.000,0,0,0.0,543.06
1790576665.610,0.00,0.000,0.000,0,0,0.0,543.06
1790576665.860,0.00,0.000,0.000,0,0,0.1,543.06
1790576666.110,0.00,0.000,0.000,0,0,0.0,543.06
1790576666.360,0.00,0.000,0.000,0,0,0.0,543.06
1790576666.610,0.00,0.000,0.000,0,0,0.1,543.06
1790576666.860,0.00,0.000,0.000,0,0,0.0,543.06
1790576667.110,0.00,0.000,0.000,0,0,0.1,543.06
1790576667.360,0.00,0.000,0.000,0,0,0.0,543.06
1790576667.610,0.00,0.000,0.000,0,0,0.2,543.06
1790576667.860,0.00,0.000,0.000,0,0,0.0,543.06
1790576668.110,0.00,0.000,0.000,0,0,0.0,543.06
1790576668.360,0.00,0.000,0.000,0,0,0.0,543.06
1790576668.610,0.00,0.000,0.000,0,0,0.0,543.06
1790576668.860,0.00,0.000,0.000,0,0,0.1,543.06
1790576669.110,0.00,0.000,0.000,0,0,0.0,543.06
1790576669.360,0.00,0.000,0.000,0,0,0.0,543.06
1790576669.610,0.00,0.000,0.000,0,0,0.0,543.06
1790576669.860,0.00,0.000,0.000,0,0,0.0,543.06
1790576670.110,0.00,0.000,0.000,0,0,0.1,543.06
1790576670.360,0.00,0.000,0.000,0,0,0.0,543.06
1790576670.610,0.00,0.000,0.000,0,0,0.0,543.06
1790576670.860,0.00,0.000,0.000,0,0,0.0,543.06
1790576671.110,0.00,0.000,0.000,0,0,0.0,543.06
1790576671.360,0.00,0.000,0.000,0,0,0.0,543.06
1790576671.610,0.00,0.000,0.000,0,0,0.0,543.06
1790576671.860,0.00,0.000,0.000,0,0,0.0,543.06
1790576672.110,0.00,0.000,0.000,0,0,0.0,543.06
1790576672.360,0.00,0.000,0.000,0,0,0.0,543.06
1790576672.610,0.00,0.000,0.000,0,0,0.0,543.06
1790576672.860,0.00,0.000,0.000,0,0,0.0,543.06
1790576673.110,0.00,0.000,0.000,0,0,0.0,543.06
1790576673.360,0.00,0.000,0.000,0,0,0.0,543.06
1790576673.610,0.00,0.000,0.000,0,0,0.0,543.06
1790576673.860,0.00,0.000,0.000,0,0,0.0,543.06
1790576674.110,0.00,0.000,0.000,0,0,0.0,543.06
1790576674.360,0.00,0.000,0.000,0,0,0.0,543.06
1790576674.610,0.00,0.000,0.000,0,0,0.0,543.06
1790576674.860,0.00,0.000,0.000,0,0,0.0,543.06
1790576675.110,0.00,0.000,0.000,0,0,0.0,543.06
1790576675.360,0.00,0.000,0.000,0,0,0.0,543.06
1790576675.610,0.00,0.000,0.000,0,0,0.0,543.06
1790576675.860,0.00,0.000,0.000,0,0,0.0,543.06
1790576676.110,0.00,0.000,0.000,0,0,0.0,543.06
1790576676.360,0.00,0.000,0.000,0,0,0.0,543.06
1790576676.610,0.00,0.000,0.000,0,0,0.0,543.06
1790576676.860,0.00,0.000,0.000,0,0,0.0,543.06
1790576677.110,0.00,0.000,0.000,0,0,0.0,543.06
1790576677.360,0.00,0.000,0.000,0,0,0.0,543.06
1790576677.610,0.00,0.000,0.000,0,0,0.0,543.06
1790576677.860,0.00,0.000,0.000,0,0,0.0,543.06
1790576678.110,0.00,0.000,0.000,0,0,0.0,543.06
1790576678.360,0.00,0.000,0.000,0,0,0.0,543.06
1790576678.610,0.00,0.000,0.000,0,0,0.0,543.06
1790576678.860,0.00,0.000,0.000,0,0,0.0,543.06
1790576679.110,0.00,0.000,0.000,0,0,0.0,543.06
1790576679.360,0.00,0.000,0.000,0,0,0.0,543.06
1790576679.610,0.00,0.000,0.000,0,0,0.0,543.06
1790576679.860,0.00,0.000,0.000,0,0,0.0,543.06
1790576680.110,0.00,0.000,0.000,0,0,0.0,543.06
1790576680.360,0.00,0.000,0.000,0,0,0.0,543.06
1790576680.610,0.00,0.000,0.000,0,0,0.0,543.06
1790576680.860,0.00,0.000,0.000,0,0,0.0,543.06
1790576681.110,0.00,0.000,0.000,0,0,0.0,543.06
1790576681.360,0.00,0.000,0.000,0,0,0.0,543.06
1790576681.610,0.00,0.000,0.000,0,0,0.0,543.06
1790576681.860,0.00,0.000,0.000,0,0,0.0,543.06
1790576682.110,0.00,0.000,0.000,0,0,0.0,543.06
1790576682.360,0.00,0.000,0.000,0,0,0.0,543.06
1790576682.610,0.00,0.000,0.000,0,0,0.0,543.06
1790576682.860,0.00,0.000,0.000,0,0,0.0,543.06
1790576683.110,0.00,0.000,0.000,0,0,0.0,543.06
1790576683.360,0.00,0.000,0.000,0,0,0.0,543.06
1790576683.610,0.00,0.000,0.000,0,0,0.0,543.06
1790576683.860,0.00,0.000,0.000,0,0,0.0,543.06
1790576684.110,0.00,0.000,0.000,0,0,0.0,543.06
1790576684.360,0.00,0.000,0.000,0,0,0.0,543.06
1790576684.610,0.00,0.000,0.000,0,0,0.0,543.06
1790576684.860,0.00,0.000,0.000,0,0,0.0,543.06
1790576685.110,0.00,0.000,0.000,0,0,0.0,543.06
1790576685.360,0.00,0.000,0.000,0,0,0.0,543.06
1790576685.610,0.00,0.000,0.000,0,0,0.0,543.06
1790576685.860,0.00,0.000,0.000,0,0,0.0,543.06
1790576686.110,0.00,0.000,0.000,0,0,0.0,543.06
1790576686.360,0.00,0.000,0.000,0,0,0.0,543.06
1790576686.610,0.00,0.000,0.000,0,0,0.0,543.06
1790576686.860,0.00,0.000,0.000,0,0,0.2,543.06
1790576687.110,0.00,0.000,0.000,0,0,0.0,543.06
1790576687.360,0.00,0.000,0.000,0,0,0.1,543.06
1790576687.610,0.00,0.000,0.000,0,0,0.0,543.06
1790576687.860,0.00,0.000,0.000,0,0,0.0,543.06
1790576688.110,0.00,0.000,0.000,0,0,0.0,543.06
1790576688.360,0.00,0.000,0.000,0,0,0.0,543.06
1790576688.610,0.00,0.000,0.000,0,0,0.1,543.06
1790576688.860,0.00,0.000,0.000,0,0,0.1,543.06
1790576689.110,0.00,0.000,0.000,0,0,0.0,543.06
1790576689.360,0.00,0.000,0.000,0,0,0.0,543.06
1790576689.610,0.00,0.000,0.000,0,0,0.0,543.06
1790576689.860,0.00,0.000,0.000,0,0,0.1,543.06
1790576690.110,0.00,0.000,0.000,0,0,0.1,543.06
1790576690.360,0.00,0.000,0.000,0,0,0.1,543.06
1790576690.610,0.00,0.000,0.000,0,0,0.0,543.06
1790576690.860,0.00,0.000,0.000,0,0,0.0,543.06
1790576691.110,0.00,0.000,0.000,0,0,0.0,543.06
1790576691.360,0.00,0.000,0.000,0,0,0.0,543.06
1790576691.610,0.00,0.000,0.000,0,0,0.0,543.06
1790576691.860,0.00,0.000,0.000,0,0,0.1,543.06
1790576692.110,0.00,0.000,0.000,0,0,0.0,543.06
1790576692.360,0.00,0.000,0.000,0,0,0.0,543.06
1790576692.610,0.00,0.000,0.000,0,0,0.0,543.06
1790576692.860,0.00,0.000,0.000,0,0,0.0,543.06
1790576693.110,0.00,0.000,0.000,0,0,0.0,543.06
1790576693.360,0.00,0.000,0.000,0,0,0.0,543.06
1790576693.610,0.00,0.000,0.000,0,0,0.0,543.06
1790576693.860,0.00,0.000,0.000,0,0,0.0,543.06
1790576694.110,0.00,0.000,0.000,0,0,0.0,543.06
1790576694.360,0.00,0.000,0.000,0,0,0.0,543.06
1790576694.610,0.00,0.000,0.000,0,0,0.0,543.06
1790576694.860,0.00,0.000,0.000,0,0,0.0,543.06
1790576695.110,0.00,0.000,0.000,0,0,0.0,543.06
1790576695.360,0.00,0.000,0.000,0,0,0.0,543.06
1790576695.610,0.00,0.000,0.000,0,0,0.3,543.06
1790576695.860,0.00,0.000,0.000,0,0,0.4,543.06
1790576696.110,0.00,0.000,0.000,0,0,0.2,543.06
1790576696.360,0.00,0.000,0.000,0,0,0.0,543.06
1790576696.610,0.00,0.000,0.000,0,0,0.1,543.06
1790576696.860,0.00,0.000,0.000,0,0,0.0,543.06
1790576697.110,0.00,0.000,0.000,0,0,0.0,543.06
1790576697.360,0.00,0.000,0.000,0,0,0.1,543.06
1790576697.610,0.00,0.000,0.000,0,0,0.0,543.06
1790576697.860,0.00,0.000,0.000,0,0,0.0,543.06
1790576698.110,0.00,0.000,0.000,0,0,0.0,543.06
1790576698.360,0.00,0.000,0.000,0,0,0.0,543.06
1790576698.610,0.00,0.000,0.000,0,0,0.0,543.06
1790576698.860,0.00,0.000,0.000,0,0,0.0,543.06
1790576699.110,0.00,0.000,0.000,0,0,0.0,543.06
1790576699.360,0.00,0.000,0.000,0,0,0.0,543.06
1790576699.610,0.00,0.000,0.000,0,0,0.0,543.06
1790576699.860,0.00,0.000,0.000,0,0,0.0,543.06
1790576700.110,0.00,0.000,0.000,0,0,0.0,543.06
1790576700.360,0.00,0.000,0.000,0,0,0.0,543.06
1790576700.610,0.00,0.000,0.000,0,0,0.0,543.06
1790576700.860,0.00,0.000,0.000,0,0,0.0,543.06
1790576701.110,0.00,0.000,0.000,0,0,0.0,543.06
1790576701.360,0.00,0.000,0.000,0,0,0.0,543.06
1790576701.610,0.00,0.000,0.000,0,0,0.1,543.06
1790576701.860,0.00,0.000,0.000,0,0,0.0,543.06
1790576702.110,0.00,0.000,0.000,0,0,0.0,543.06
1790576702.360,0.00,0.000,0.000,0,0,0.0,543.06
1790576702.610,0.00,0.000,0.000,0,0,0.0,543.06
1790576702.860,0.00,0.000,0.000,0,0,0.0,543.06
1790576703.110,0.00,0.000,0.000,0,0,0.0,543.06
1790576703.360,0.00,0.000,0.000,0,0,0.0,543.06
1790576703.610,0.00,0.000,0.000,0,0,0.0,543.06
1790576703.860,0.00,0.000,0.000,0,0,0.1,543.06
1790576704.110,0.00,0.000,0.000,0,0,0.1,543.06
1790576704.360,0.00,0.000,0.000,0,0,0.0,543.06
1790576704.610,0.00,0.000,0.000,0,0,0.1,543.06
1790576704.860,0.00,0.000,0.000,0,0,0.0,543.06
1790576705.110,0.00,0.000,0.000,0,0,0.0,543.06
1790576705.360,0.00,0.000,0.000,0,0,0.0,543.06
1790576705.610,0.00,0.000,0.000,0,0,0.0,543.06
1790576705.860,0.00,0.000,0.000,0,0,0.0,543.06
1790576706.110,0.00,0.000,0.000,0,0,0.1,543.06
1790576706.360,0.00,0.000,0.000,0,0,0.0,543.06
1790576706.610,0.00,0.000,0.000,0,0,0.1,543.06
1790576706.860,0.00,0.000,0.000,0,0,0.0,543.06
1790576707.110,0.00,0.000,0.000,0,0,0.0,543.06
1790576707.360,0.00,0.000,0.000,0,0,0.0,543.06
1790576707.610,0.00,0.000,0.000,0,0,0.0,543.06
1790576707.860,0.00,0.000,0.000,0,0,0.0,543.06
1790576708.110,0.00,0.000,0.000,0,0,0.0,543.06
1790576708.360,0.00,0.000,0.000,0,0,0.0,543.06
1790576708.610,0.00,0.000,0.000,0,0,0.0,543.06
1790576708.860,0.00,0.000,0.000,0,0,0.0,543.06
1790576709.110,0.00,0.000,0.000,0,0,0.0,543.06
1790576709.360,0.00,0.000,0.000,0,0,0.0,543.06
1790576709.610,0.00,0.000,0.000,0,0,0.0,543.06
1790576709.860,0.00,0.000,0.000,0,0,0.0,543.06
1790576710.110,0.00,0.000,0.000,0,0,0.0,543.06
1790576710.360,0.00,0.000,0.000,0,0,0.0,543.06
1790576710.610,0.00,0.000,0.000,0,0,0.0,543.06
1790576710.860,0.00,0.000,0.000,0,0,0.0,543.06
1790576711.110,0.00,0.000,0.000,0,0,0.1,543.06
1790576711.360,0.00,0.000,0.000,0,0,0.0,543.06
1790576711.610,0.00,0.000,0.000,0,0,0.0,543.06
1790576711.860,0.00,0.000,0.000,0,0,0.0,543.06
1790576712.110,0.00,0.000,0.000,0,0,0.1,543.06
1790576712.360,0.00,0.000,0.000,0,0,0.0,543.06
1790576712.610,0.00,0.000,0.000,0,0,0.1,543.06
1790576712.860,0.00,0.000,0.000,0,0,0.0,543.06
1790576713.110,0.00,0.000,0.000,0,0,0.0,543.06
1790576713.360,0.00,0.000,0.000,0,0,0.4,543.06
1790576713.610,0.00,0.000,0.000,0,0,0.0,543.06
1790576713.860,0.00,0.000,0.000,0,0,0.1,543.06
1790576714.110,0.00,0.000,0.000,0,0,0.0,543.06
1790576714.360,0.00,0.000,0.000,0,0,0.1,543.06
1790576714.610,0.00,0.000,0.000,0,0,0.0,543.06
1790576714.860,0.00,0.000,0.000,0,0,0.1,543.06
1790576715.110,0.00,0.000,0.000,0,0,0.6,543.06
1790576715.360,0.00,0.000,0.000,0,0,0.1,543.06
1790576715.610,0.00,0.000,0.000,0,0,0.0,543.06
1790576715.860,0.00,0.000,0.000,0,0,0.0,543.06
1790576716.110,0.00,0.000,0.000,0,0,0.0,543.06
1790576716.360,0.00,0.000,0.000,0,0,0.1,543.06
1790576716.610,0.00,0.000,0.000,0,0,0.0,543.06
1790576716.860,0.00,0.000,0.000,0,0,0.1,543.06
1790576717.110,0.00,0.000,0.000,0,0,0.1,543.06
1790576717.360,0.00,0.000,0.000,0,0,0.0,543.06
1790576717.610,0.00,0.000,0.000,0,0,0.1,543.06
1790576717.860,0.00,0.000,0.000,0,0,0.0,543.06
1790576718.110,0.00,0.000,0.000,0,0,0.0,543.06
1790576718.360,0.00,0.000,0.000,0,0,0.1,543.06
1790576718.610,0.00,0.000,0.000,0,0,0.0,543.06
1790576718.860,0.00,0.000,0.000,0,0,0.1,543.06
1790576719.110,0.00,0.000,0.000,0,0,0.1,543.06
1790576719.360,0.00,0.000,0.000,0,0,0.0,543.06
1790576719.610,0.00,0.000,0.000,0,0,0.0,543.06
1790576719.860,0.00,0.000,0.000,0,0,0.0,543.06
1790576720.110,0.00,0.000,0.000,0,0,0.0,543.06
1790576720.360,0.00,0.000,0.000,0,0,0.0,543.06
1790576720.610,0.00,0.000,0.000,0,0,0.0,543.06
1790576720.860,0.00,0.000,0.000,0,0,0.0,543.06
1790576721.110,0.00,0.000,0.000,0,0,0.1,543.06
1790576721.360,0.00,0.000,0.000,0,0,0.0,543.06
1790576721.610,0.00,0.000,0.000,0,0,0.0,543.06
1790576721.860,0.00,0.000,0.000,0,0,0.1,543.06
1790576722.110,0.00,0.000,0.000,0,0,0.0,543.06
1790576722.360,0.00,0.000,0.000,0,0,0.0,543.06
1790576722.610,0.00,0.000,0.000,0,0,0.0,543.06
1790576722.860,0.00,0.000,0.000,0,0,0.0,543.06
1790576723.110,0.00,0.000,0.000,0,0,0.0,543.06
1790576723.360,0.00,0.000,0.000,0,0,0.0,543.06
1790576723.610,0.00,0.000,0.000,0,0,0.0,543.06
1790576723.860,0.00,0.000,0.000,0,0,0.0,543.06
1790576724.110,0.00,0.000,0.000,0,0,0.2,543.06
1790576724.360,0.00,0.000,0.000,0,0,0.2,543.06
1790576724.610,0.00,0.000,0.000,0,0,0.1,543.06
1790576724.860,0.00,0.000,0.000,0,0,0.1,543.06
1790576725.110,0.00,0.000,0.000,0,0,0.0,543.06
1790576725.360,0.00,0.000,0.000,0,0,0.7,543.06
1790576725.610,0.00,0.000,0.000,0,0,0.1,543.06
1790576725.860,0.00,0.000,0.000,0,0,0.1,543.06
1790576726.110,0.00,0.000,0.000,0,0,0.0,543.06
1790576726.360,0.00,0.000,0.000,0,0,0.1,543.06
1790576726.610,0.00,0.000,0.000,0,0,0.0,543.06
1790576726.860,0.00,0.000,0.000,0,0,0.1,543.06
1790576727.110,0.00,0.000,0.000,0,0,0.3,543.06
1790576727.360,0.00,0.000,0.000,0,0,0.1,543.06
1790576727.610,0.00,0.000,0.000,0,0,0.0,543.06
1790576727.860,0.00,0.000,0.000,0,0,0.1,543.06
1790576728.110,0.00,0.000,0.000,0,0,0.2,543.06
1790576728.360,0.00,0.000,0.000,0,0,0.0,543.06
1790576728.610,0.00,0.000,0.000,0,0,0.0,543.06
1790576728.860,0.00,0.000,0.000,0,0,0.1,543.06
1790576729.110,0.00,0.000,0.000,0,0,0.0,543.06
1790576729.360,0.00,0.000,0.000,0,0,0.1,543.06
1790576729.610,0.00,0.000,0.000,0,0,0.0,543.06
1790576729.860,0.00,0.000,0.000,0,0,0.0,543.06
1790576730.110,0.00,0.000,0.000,0,0,0.0,543.06
1790576730.360,0.00,0.000,0.000,0,0,0.4,543.06
1790576730.610,0.00,0.000,0.000,0,0,0.0,543.06
1790576730.860,0.00,0.000,0.000,0,0,0.1,543.06
1790576731.110,0.00,0.000,0.000,0,0,0.0,543.06
1790576731.360,0.00,0.000,0.000,0,0,0.3,543.06
1790576731.610,0.00,0.000,0.000,0,0,0.0,543.06
1790576731.860,0.00,0.000,0.000,0,0,0.1,543.06
1790576732.110,0.00,0.000,0.000,0,0,0.0,543.06
1790576732.360,0.00,0.000,0.000,0,0,0.0,543.06
1790576732.610,0.00,0.000,0.000,0,0,0.0,543.06
1790576732.860,0.00,0.000,0.000,0,0,0.1,543.06
1790576733.110,0.00,0.000,0.000,0,0,0.0,543.06
1790576733.360,0.00,0.000,0.000,0,0,0.0,543.06
1790576733.610,0.00,0.000,0.000,0,0,0.0,543.06
1790576733.860,0.00,0.000,0.000,0,0,0.0,543.06
1790576734.110,0.00,0.000,0.000,0,0,0.0,543.06
1790576734.360,0.00,0.000,0.000,0,0,0.0,543.06
1790576734.610,0.00,0.000,0.000,0,0,0.0,543.06
1790576734.860,0.00,0.000,0.000,0,0,0.0,543.06
1790576735.110,0.00,0.000,0.000,0,0,0.0,543.06
1790576735.360,0.00,0.000,0.000,0,0,0.0,543.06
1790576735.610,0.00,0.000,0.000,0,0,0.0,543.06
1790576735.860,0.00,0.000,0.000,0,0,0.0,543.06
1790576736.110,0.00,0.000,0.000,0,0,0.0,543.06
1790576736.360,0.00,0.000,0.000,0,0,0.0,543.06
1790576736.610,0.00,0.000,0.000,0,0,0.0,543.06
1790576736.860,0.00,0.000,0.000,0,0,0.0,543.06
1790576737.110,0.00,0.000,0.000,0,0,0.1,543.06
1790576737.360,0.00,0.000,0.000,0,0,0.0,543.06
1790576737.610,0.00,0.000,0.000,0,0,0.2,543.06
1790576737.860,0.00,0.000,0.000,0,0,0.5,543.06
1790576738.110,0.00,0.000,0.000,0,0,0.0,543.06
1790576738.360,0.00,0.000,0.000,0,0,0.0,543.06
1790576738.610,0.00,0.000,0.000,0,0,13.5,543.06
1790576738.860,0.00,0.000,0.000,0,0,0.0,543.06
1790576739.110,0.00,0.000,0.000,0,0,0.0,543.06
1790576739.360,0.00,0.000,0.000,0,0,0.1,543.06
1790576739.610,0.00,0.000,0.000,0,0,0.0,543.06
1790576739.860,0.00,0.000,0.000,0,0,0.0,543.06
1790576740.110,0.00,0.000,0.000,0,0,0.0,543.06
1790576740.360,0.00,0.000,0.000,0,0,0.1,543.06
1790576740.610,0.00,0.000,0.000,0,0,0.0,543.06
1790576740.860,0.00,0.000,0.000,0,0,0.1,543.06
1790576741.110,0.00,0.000,0.000,0,0,0.1,543.06
1790576741.360,0.00,0.000,0.000,0,0,0.1,543.06
1790576741.610,0.00,0.000,0.000,0,0,0.0,543.06
1790576741.860,0.00,0.000,0.000,0,0,0.0,543.06
1790576742.110,0.00,0.000,0.000,0,0,0.0,543.06
1790576742.360,0.00,0.000,0.000,0,0,0.0,543.06
1790576742.610,0.00,0.000,0.000,0,0,0.1,543.06
1790576742.860,0.00,0.000,0.000,0,0,0.1,543.06
1790576743.110,0.00,0.000,0.000,0,0,0.1,543.06
1790576743.360,0.00,0.000,0.000,0,0,0.1,543.06
1790576743.610,0.00,0.000,0.000,0,0,0.1,543.06
1790576743.860,0.00,0.000,0.000,0,0,0.0,543.06
1790576744.110,0.00,0.000,0.000,0,0,0.0,543.06
1790576744.360,0.00,0.000,0.000,0,0,0.1,543.06
1790576744.610,0.00,0.000,0.000,0,0,0.0,543.06
1790576744.860,0.00,0.000,0.000,0,0,0.2,543.06
1790576745.110,0.00,0.000,0.000,0,0,0.0,543.06
1790576745.360,0.00,0.000,0.000,0,0,0.0,543.06
1790576745.610,0.00,0.000,0.000,0,0,0.0,543.06
1790576745.860,0.00,0.000,0.000,0,0,0.0,543.06
1790576746.110,0.00,0.000,0.000,0,0,0.0,543.06
1790576746.360,0.00,0.000,0.000,0,0,0.0,543.06
1790576746.610,0.00,0.000,0.000,0,0,0.0,543.06
1790576746.860,0.00,0.000,0.000,0,0,0.0,543.06
1790576747.110,0.00,0.000,0.000,0,0,0.0,543.06
1790576747.360,0.00,0.000,0.000,0,0,0.4,543.06
1790576747.610,0.00,0.000,0.000,0,0,0.0,543.06
1790576747.860,0.00,0.000,0.000,0,0,0.1,543.06
1790576748.110,0.00,0.000,0.000,0,0,0.2,543.06
1790576748.360,0.00,0.000,0.000,0,0,0.0,543.06
1790576748.610,0.00,0.000,0.000,0,0,0.0,543.06
1790576748.860,0.00,0.000,0.000,0,0,0.0,543.06
1790576749.110,0.00,0.000,0.000,0,0,0.0,543.06
1790576749.360,0.00,0.000,0.000,0,0,0.0,543.06
1790576749.610,0.00,0.000,0.000,0,0,0.0,543.06
1790576749.860,0.00,0.000,0.000,0,0,0.0,543.06
1790576750.110,0.00,0.000,0.000,0,0,0.0,543.06
1790576750.360,0.00,0.000,0.000,0,0,0.0,543.06
1790576750.610,0.00,0.000,0.000,0,0,0.0,543.06
1790576750.860,0.00,0.000,0.000,0,0,0.0,543.06
1790576751.110,0.00,0.000,0.000,0,0,0.0,543.06
1790576751.360,0.00,0.000,0.000,0,0,0.0,543.06
1790576751.610,0.00,0.000,0.000,0,0,0.0,543.06
1790576751.860,0.00,0.000,0.000,0,0,0.0,543.06
1790576752.110,0.00,0.000,0.000,0,0,0.0,543.06
1790576752.360,0.00,0.000,0.000,0,0,0.0,543.06
1790576752.610,0.00,0.000,0.000,0,0,0.1,543.06
1790576752.860,0.00,0.000,0.000,0,0,0.0,543.06
1790576753.110,0.00,0.000,0.000,0,0,0.0,543.06
1790576753.360,0.00,0.000,0.000,0,0,0.0,543.06
1790576753.610,0.00,0.000,0.000,0,0,0.0,543.06
1790576753.860,0.00,0.000,0.000,0,0,0.2,543.06
1790576754.110,0.00,0.000,0.000,0,0,0.0,543.06
1790576754.360,0.00,0.000,0.000,0,0,0.0,543.06
1790576754.610,0.00,0.000,0.000,0,0,0.0,543.06
1790576754.860,0.00,0.000,0.000,0,0,0.0,543.06
1790576755.110,0.00,0.000,0.000,0,0,0.0,543.06
1790576755.360,0.00,0.000,0.000,0,0,0.1,543.06
1790576755.610,0.00,0.000,0.000,0,0,0.0,543.06
1790576755.860,0.00,0.000,0.000,0,0,0.1,543.06
1790576756.110,0.00,0.000,0.000,0,0,0.1,543.06
1790576756.360,0.00,0.000,0.000,0,0,0.4,543.06
1790576756.610,0.00,0.000,0.000,0,0,0.0,543.06
1790576756.860,0.00,0.000,0.000,0,0,0.0,543.06
1790576757.110,0.00,0.000,0.000,0,0,0.0,543.06
1790576757.360,0.00,0.000,0.000,0,0,0.0,543.06
1790576757.610,0.00,0.000,0.000,0,0,0.0,543.06
1790576757.860,0.00,0.000,0.000,0,0,0.0,543.06
1790576758.110,0.00,0.000,0.000,0,0,0.0,543.06
1790576758.360,0.00,0.000,0.000,0,0,0.0,543.06
1790576758.610,0.00,0.000,0.000,0,0,0.0,543.06
1790576758.860,0.00,0.000,0.000,0,0,0.1,543.06
1790576759.110,0.00,0.000,0.000,0,0,0.0,543.06
1790576759.360,0.00,0.000,0.000,0,0,0.0,543.06
1790576759.610,0.00,0.000,0.000,0,0,0.0,543.06
1790576759.860,0.00,0.000,0.000,0,0,0.1,543.06
1790576760.110,0.00,0.000,0.000,0,0,0.1,543.06
1790576760.360,0.00,0.000,0.000,0,0,0.0,543.06
1790576760.610,0.00,0.000,0.000,0,0,0.0,543.06
1790576760.860,0.00,0.000,0.000,0,0,0.1,543.06
1790576761.110,0.00,0.000,0.000,0,0,0.1,543.06
1790576761.360,0.00,0.000,0.000,0,0,0.0,543.06
1790576761.610,0.00,0.000,0.000,0,0,0.0,543.06
1790576761.860,0.00,0.000,0.000,0,0,0.0,543.06
1790576762.110,0.00,0.000,0.000,0,0,0.0,543.06
1790576762.360,0.00,0.000,0.000,0,0,0.0,543.06
1790576762.610,0.00,0.000,0.000,0,0,0.0,543.06
1790576762.860,0.00,0.000,0.000,0,0,0.0,543.06
1790576763.110,0.00,0.000,0.000,0,0,0.0,543.06
1790576763.360,0.00,0.000,0.000,0,0,0.1,543.06
1790576763.610,0.00,0.000,0.000,0,0,0.0,543.06
1790576763.860,0.00,0.000,0.000,0,0,0.0,543.06
1790576764.110,0.00,0.000,0.000,0,0,0.0,543.06
1790576764.360,0.00,0.000,0.000,0,0,0.0,543.06
1790576764.610,0.00,0.000,0.000,0,0,0.0,543.06
1790576764.860,0.00,0.000,0.000,0,0,0.2,543.06
1790576765.110,0.00,0.000,0.000,0,0,0.0,543.06
1790576765.360,0.00,0.000,0.000,0,0,0.0,543.06
1790576765.610,0.00,0.000,0.000,0,0,0.0,543.06
1790576765.860,0.00,0.000,0.000,0,0,0.0,543.06
1790576766.110,0.00,0.000,0.000,0,0,0.0,543.06
1790576766.360,0.00,0.000,0.000,0,0,0.1,543.06
1790576766.610,0.00,0.000,0.000,0,0,0.0,543.06
1790576766.860,0.00,0.000,0.000,0,0,0.0,543.06
1790576767.110,0.00,0.000,0.000,0,0,0.0,543.06
1790576767.360,0.00,0.000,0.000,0,0,0.0,543.06
1790576767.610,0.00,0.000,0.000,0,0,0.0,543.06
1790576767.860,0.00,0.000,0.000,0,0,0.1,543.06
1790576768.110,0.00,0.000,0.000,0,0,0.0,543.06
1790576768.360,0.00,0.000,0.000,0,0,0.1,543.06
1790576768.610,0.00,0.000,0.000,0,0,0.0,543.06
1790576768.860,0.00,0.000,0.000,0,0,0.0,543.06
1790576769.110,0.00,0.000,0.000,0,0,0.0,543.06
1790576769.360,0.00,0.000,0.000,0,0,0.0,543.06
1790576769.610,0.00,0.000,0.000,0,0,0.0,543.06
1790576769.860,0.00,0.000,0.000,0,0,0.0,543.06
1790576770.110,0.00,0.000,0.000,0,0,0.0,543.06
1790576770.360,0.00,0.000,0.000,0,0,0.0,543.06
1790576770.610,0.00,0.000,0.000,0,0,0.0,543.06
1790576770.860,0.00,0.000,0.000,0,0,0.0,543.06
1790576771.110,0.00,0.000,0.000,0,0,0.0,543.06
1790576771.360,0.00,0.000,0.000,0,0,0.0,543.06
1790576771.610,0.00,0.000,0.000,0,0,0.0,543.06
1790576771.860,0.00,0.000,0.000,0,0,0.0,543.06
1790576772.110,0.00,0.000,0.000,0,0,0.0,543.06
1790576772.360,0.00,0.000,0.000,0,0,0.0,543.06
1790576772.610,0.00,0.000,0.000,0,0,0.0,543.06
1790576772.860,0.00,0.000,0.000,0,0,0.0,543.06
1790576773.110,0.00,0.000,0.000,0,0,0.0,543.06
1790576773.360,0.00,0.000,0.000,0,0,0.0,543.06
1790576773.610,0.00,0.000,0.000,0,0,0.0,543.06
1790576773.860,0.00,0.000,0.000,0,0,0.0,543.06
1790576774.110,0.00,0.000,0.000,0,0,0.0,543.06
1790576774.360,0.00,0.000,0.000,0,0,0.1,543.06
1790576774.610,0.00,0.000,0.000,0,0,0.0,543.06
1790576774.860,0.00,0.000,0.000,0,0,0.0,543.06
1790576775.110,0.00,0.000,0.000,0,0,0.1,543.06
1790576775.360,0.00,0.000,0.000,0,0,0.0,543.06
1790576775.610,0.00,0.000,0.000,0,0,0.0,543.06
1790576775.860,0.00,0.000,0.000,0,0,0.0,543.06
1790576776.110,0.00,0.000,0.000,0,0,0.0,543.06
1790576776.360,0.00,0.000,0.000,0,0,0.0,543.06
1790576776.610,0.00,0.000,0.000,0,0,0.0,543.06
1790576776.860,0.00,0.000,0.000,0,0,0.0,543.06
1790576777.110,0.00,0.000,0.000,0,0,0.0,543.06
1790576777.360,0.00,0.000,0.000,0,0,0.1,543.06
1790576777.610,0.00,0.000,0.000,0,0,0.0,543.06
1790576777.860,0.00,0.000,0.000,0,0,0.0,543.06
1790576778.110,0.00,0.000,0.000,0,0,0.0,543.06
1790576778.360,0.00,0.000,0.000,0,0,0.1,543.06
1790576778.610,0.00,0.000,0.000,0,0,0.0,543.06
1790576778.860,0.00,0.000,0.000,0,0,0.0,543.06
1790576779.110,0.00,0.000,0.000,0,0,0.0,543.06
1790576779.360,0.00,0.000,0.000,0,0,0.1,543.06
1790576779.610,0.00,0.000,0.000,0,0,0.0,543.06
1790576779.860,0.00,0.000,0.000,0,0,0.0,543.06
1790576780.110,0.00,0.000,0.000,0,0,0.0,543.06
1790576780.360,0.00,0.000,0.000,0,0,0.0,543.06
1790576780.610,0.00,0.000,0.000,0,0,0.0,543.06
1790576780.860,0.00,0.000,0.000,0,0,0.0,543.06
1790576781.110,0.00,0.000,0.000,0,0,0.0,543.06
1790576781.360,0.00,0.000,0.000,0,0,0.0,543.06
1790576781.610,0.00,0.000,0.000,0,0,0.0,543.06
1790576781.860,0.00,0.000,0.000,0,0,0.0,543.06
1790576782.110,0.00,0.000,0.000,0,0,0.0,543.06
1790576782.360,0.00,0.000,0.000,0,0,0.0,543.06
1790576782.610,0.00,0.000,0.000,0,0,0.0,543.06
1790576782.860,0.00,0.000,0.000,0,0,0.0,543.06
1790576783.110,0.00,0.000,0.000,0,0,0.0,543.06
1790576783.360,0.00,0.000,0.000,0,0,0.0,543.06
1790576783.610,0.00,0.000,0.000,0,0,0.0,543.06
1790576783.860,0.00,0.000,0.000,0,0,0.0,543.06
1790576784.110,0.00,0.000,0.000,0,0,0.0,543.06
1790576784.360,0.00,0.000,0.000,0,0,0.0,543.06
1790576784.610,0.00,0.000,0.000,0,0,0.0,543.06
1790576784.860,0.00,0.000,0.000,0,0,0.0,543.06
1790576785.110,0.00,0.000,0.000,0,0,0.0,543.06
1790576785.360,0.00,0.000,0.000,0,0,0.0,543.06
1790576785.610,0.00,0.000,0.000,0,0,0.0,543.06
1790576785.860,0.00,0.000,0.000,0,0,0.0,543.06
1790576786.110,0.00,0.000,0.000,0,0,0.0,543.06
1790576786.360,0.00,0.000,0.000,0,0,0.0,543.07
1790576786.610,0.00,0.000,0.000,0,0,0.0,543.07
1790576786.860,0.00,0.000,0.000,0,0,0.0,543.07
1790576787.110,0.00,0.000,0.000,0,0,8.9,543.07
1790576787.360,0.00,0.000,0.000,0,0,0.0,543.07
1790576787.610,0.00,0.000,0.000,0,0,0.0,543.07
1790576787.860,0.00,0.000,0.000,0,0,0.0,543.06
1790576788.110,0.00,0.000,0.000,0,0,0.1,543.06
1790576788.360,0.00,0.000,0.000,0,0,0.1,543.06
1790576788.610,0.00,0.000,0.000,0,0,0.1,543.06
1790576788.860,0.00,0.000,0.000,0,0,0.0,543.06
1790576789.110,0.00,0.000,0.000,0,0,0.1,543.06
1790576789.360,0.00,0.000,0.000,0,0,0.4,543.06
1790576789.610,0.00,0.000,0.000,0,0,0.1,543.06
1790576789.860,0.00,0.000,0.000,0,0,0.0,543.06
1790576790.110,0.00,0.000,0.000,0,0,0.0,543.06
1790576790.360,0.00,0.000,0.000,0,0,0.0,543.06
1790576790.610,0.00,0.000,0.000,0,0,0.0,543.06
1790576790.860,0.00,0.000,0.000,0,0,0.0,543.06
1790576791.110,0.00,0.000,0.000,0,0,0.0,543.06
1790576791.360,0.00,0.000,0.000,0,0,0.0,543.06
1790576791.610,0.00,0.000,0.000,0,0,0.0,543.06
1790576791.860,0.00,0.000,0.000,0,0,0.1,543.06
1790576792.110,0.00,0.000,0.000,0,0,0.0,543.06
1790576792.360,0.00,0.000,0.000,0,0,0.0,543.06
1790576792.610,0.00,0.000,0.000,0,0,0.0,543.06
1790576792.860,0.00,0.000,0.000,0,0,0.1,543.06
1790576793.110,0.00,0.000,0.000,0,0,0.0,543.06
1790576793.360,0.00,0.000,0.000,0,0,0.0,543.06
1790576793.610,0.00,0.000,0.000,0,0,0.0,543.06
1790576793.860,0.00,0.000,0.000,0,0,0.0,543.06
1790576794.110,0.00,0.000,0.000,0,0,0.0,543.06
1790576794.360,0.00,0.000,0.000,0,0,0.0,543.06
1790576794.610,0.00,0.000,0.000,0,0,0.0,543.06
1790576794.860,0.00,0.000,0.000,0,0,0.0,543.06
1790576795.110,0.00,0.000,0.000,0,0,0.0,543.06
1790576795.360,0.00,0.000,0.000,0,0,0.0,543.06
1790576795.610,0.00,0.000,0.000,0,0,0.0,543.06
1790576795.860,0.00,0.000,0.000,0,0,0.0,543.06
1790576796.110,0.00,0.000,0.000,0,0,0.0,543.06
1790576796.360,0.00,0.000,0.000,0,0,0.0,543.06
1790576796.610,0.00,0.000,0.000,0,0,0.0,543.06
1790576796.860,0.00,0.000,0.000,0,0,0.0,543.06
1790576797.110,0.00,0.000,0.000,0,0,0.0,543.06
1790576797.360,0.00,0.000,0.000,0,0,0.0,543.06
1790576797.610,0.00,0.000,0.000,0,0,0.0,543.06
1790576797.860,0.00,0.000,0.000,0,0,0.0,543.06
1790576798.110,0.00,0.000,0.000,0,0,0.0,543.06
1790576798.360,0.00,0.000,0.000,0,0,0.0,543.06
1790576798.610,0.00,0.000,0.000,0,0,0.0,543.06
1790576798.860,0.00,0.000,0.000,0,0,0.0,543.06
1790576799.110,0.00,0.000,0.000,0,0,0.0,543.06
1790576799.360,0.00,0.000,0.000,0,0,0.0,543.06
1790576799.610,0.00,0.000,0.000,0,0,0.0,543.06
1790576799.860,0.00,0.000,0.000,0,0,0.0,543.06
1790576800.110,0.00,0.000,0.000,0,0,0.0,543.06
1790576800.360,0.00,0.000,0.000,0,0,0.0,543.06
1790576800.610,0.00,0.000,0.000,0,0,0.0,543.06
1790576800.860,0.00,0.000,0.000,0,0,0.0,543.06
1790576801.110,0.00,0.000,0.000,0,0,0.0,543.06
1790576801.360,0.00,0.000,0.000,0,0,0.0,543.06
1790576801.610,0.00,0.000,0.000,0,0,0.0,543.06
1790576801.860,0.00,0.000,0.000,0,0,0.0,543.06
1790576802.110,0.00,0.000,0.000,0,0,0.0,543.06
1790576802.360,0.00,0.000,0.000,0,0,0.0,543.06
1790576802.610,0.00,0.000,0.000,0,0,0.0,543.06
1790576802.860,0.00,0.000,0.000,0,0,0.0,543.06
1790576803.110,0.00,0.000,0.000,0,0,0.0,543.06
1790576803.360,0.00,0.000,0.000,0,0,0.0,543.06
1790576803.610,0.00,0.000,0.000,0,0,0.0,543.06
1790576803.860,0.00,0.000,0.000,0,0,0.1,543.06
1790576804.110,0.00,0.000,0.000,0,0,0.1,543.06
1790576804.360,0.00,0.000,0.000,0,0,0.1,543.06
1790576804.610,0.00,0.000,0.000,0,0,0.3,543.06
1790576804.860,0.00,0.000,0.000,0,0,0.0,543.06
1790576805.110,0.00,0.000,0.000,0,0,0.2,543.06
1790576805.360,0.00,0.000,0.000,0,0,0.0,543.06
1790576805.610,0.00,0.000,0.000,0,0,0.1,543.06
1790576805.860,0.00,0.000,0.000,0,0,0.0,543.06
1790576806.110,0.00,0.000,0.000,0,0,0.0,543.06
1790576806.360,0.00,0.000,0.000,0,0,0.0,543.06
1790576806.610,0.00,0.000,0.000,0,0,0.0,543.06
1790576806.860,0.00,0.000,0.000,0,0,0.0,543.06
1790576807.110,0.00,0.000,0.000,0,0,0.0,543.06
1790576807.360,0.00,0.000,0.000,0,0,0.1,543.06
1790576807.610,0.00,0.000,0.000,0,0,0.0,543.06
1790576807.860,0.00,0.000,0.000,0,0,0.0,543.06
1790576808.110,0.00,0.000,0.000,0,0,0.0,543.06
1790576808.360,0.00,0.000,0.000,0,0,0.0,543.06
1790576808.610,0.00,0.000,0.000,0,0,0.1,543.06
1790576808.860,0.00,0.000,0.000,0,0,0.0,543.06
1790576809.110,0.00,0.000,0.000,0,0,0.0,543.06
1790576809.360,0.00,0.000,0.000,0,0,0.0,543.07
1790576809.610,0.00,0.000,0.000,0,0,0.0,543.07
1790576809.860,0.00,0.000,0.000,0,0,0.0,543.07
1790576810.110,0.00,0.000,0.000,0,0,0.0,543.07
1790576810.360,0.00,0.000,0.000,0,0,0.0,543.07
1790576810.610,0.00,0.000,0.000,0,0,0.0,543.07
1790576810.860,0.00,0.000,0.000,0,0,0.0,543.07
1790576811.110,0.00,0.000,0.000,0,0,0.0,543.07
1790576811.360,0.00,0.000,0.000,0,0,0.0,543.07
1790576811.610,0.00,0.000,0.000,0,0,0.0,543.07
1790576811.860,0.00,0.000,0.000,0,0,0.0,543.07
1790576812.110,0.00,0.000,0.000,0,0,0.0,543.07
1790576812.360,0.00,0.000,0.000,0,0,0.0,543.07
1790576812.610,0.00,0.000,0.000,0,0,0.0,543.07
1790576812.860,0.00,0.000,0.000,0,0,0.0,543.07
1790576813.110,0.00,0.000,0.000,0,0,0.0,543.07
1790576813.360,0.00,0.000,0.000,0,0,0.0,543.07
1790576813.610,0.00,0.000,0.000,0,0,0.0,543.07
1790576813.860,0.00,0.000,0.000,0,0,0.0,543.07
1790576814.110,0.00,0.000,0.000,0,0,0.0,543.07
1790576814.360,0.00,0.000,0.000,0,0,0.0,543.07
1790576814.610,0.00,0.000,0.000,0,0,0.0,543.07
1790576814.860,0.00,0.000,0.000,0,0,0.0,543.07
1790576815.110,0.00,0.000,0.000,0,0,0.0,543.07
1790576815.360,0.00,0.000,0.000,0,0,0.0,543.06
1790576815.610,0.00,0.000,0.000,0,0,0.0,543.06
1790576815.860,0.00,0.000,0.000,0,0,0.0,543.07
1790576816.110,0.00,0.000,0.000,0,0,0.0,543.07
1790576816.360,0.00,0.000,0.000,0,0,0.1,543.07
1790576816.610,0.00,0.000,0.000,0,0,0.0,543.07
1790576816.860,0.00,0.000,0.000,0,0,0.0,543.07
1790576817.110,0.00,0.000,0.000,0,0,0.0,543.07
1790576817.360,0.00,0.000,0.000,0,0,0.0,543.06
1790576817.610,0.00,0.000,0.000,0,0,0.0,543.06
1790576817.860,0.00,0.000,0.000,0,0,0.0,543.06
1790576818.110,0.00,0.000,0.000,0,0,0.0,543.06
1790576818.360,0.00,0.000,0.000,0,0,0.0,543.06
1790576818.610,0.00,0.000,0.000,0,0,0.0,543.06
1790576818.860,0.00,0.000,0.000,0,0,0.0,543.06
1790576819.110,0.00,0.000,0.000,0,0,0.0,543.06
1790576819.360,0.00,0.000,0.000,0,0,0.0,543.06
1790576819.610,0.00,0.000,0.000,0,0,0.0,543.06
1790576819.860,0.00,0.000,0.000,0,0,0.0,543.06
1790576820.110,0.00,0.000,0.000,0,0,0.0,543.06
1790576820.360,0.00,0.000,0.000,0,0,0.0,543.06
1790576820.610,0.00,0.000,0.000,0,0,0.0,543.06
1790576820.860,0.00,0.000,0.000,0,0,0.0,543.06
1790576821.110,0.00,0.000,0.000,0,0,0.0,543.06
1790576821.360,0.00,0.000,0.000,0,0,0.0,543.06
1790576821.610,0.00,0.000,0.000,0,0,0.0,543.06
1790576821.860,0.00,0.000,0.000,0,0,0.0,543.06
1790576822.110,0.00,0.000,0.000,0,0,0.0,543.06
1790576822.360,0.00,0.000,0.000,0,0,0.0,543.06
1790576822.610,0.00,0.000,0.000,0,0,0.0,543.06
1790576822.860,0.00,0.000,0.000,0,0,0.0,543.06
1790576823.110,0.00,0.000,0.000,0,0,0.0,543.06
1790576823.360,0.00,0.000,0.000,0,0,0.0,543.06
1790576823.610,0.00,0.000,0.000,0,0,0.0,543.06
1790576823.860,0.00,0.000,0.000,0,0,0.0,543.06
1790576824.110,0.00,0.000,0.000,0,0,0.6,543.06
1790576824.360,0.00,0.000,0.000,0,0,0.0,543.06
1790576824.610,0.00,0.000,0.000,0,0,0.3,543.06
1790576824.860,0.00,0.000,0.000,0,0,0.0,543.06
1790576825.110,0.00,0.000,0.000,0,0,0.0,543.06
1790576825.360,0.00,0.000,0.000,0,0,0.0,543.06
1790576825.610,0.00,0.000,0.000,0,0,0.0,543.06
1790576825.860,0.00,0.000,0.000,0,0,0.0,543.06
1790576826.110,0.00,0.000,0.000,0,0,0.0,543.06
1790576826.360,0.00,0.000,0.000,0,0,0.0,543.06
1790576826.610,0.00,0.000,0.000,0,0,0.0,543.06
1790576826.860,0.00,0.000,0.000,0,0,0.0,543.06
1790576827.110,0.00,0.000,0.000,0,0,0.0,543.06
1790576827.360,0.00,0.000,0.000,0,0,0.0,543.06
1790576827.610,0.00,0.000,0.000,0,0,0.1,543.06
1790576827.860,0.00,0.000,0.000,0,0,0.0,543.06
1790576828.110,0.00,0.000,0.000,0,0,0.0,543.06
1790576828.360,0.00,0.000,0.000,0,0,0.0,543.06
1790576828.610,0.00,0.000,0.000,0,0,0.0,543.06
1790576828.860,0.00,0.000,0.000,0,0,0.2,543.06
1790576829.110,0.00,0.000,0.000,0,0,0.0,543.06
1790576829.360,0.00,0.000,0.000,0,0,0.1,543.06
1790576829.610,0.00,0.000,0.000,0,0,0.1,543.06
1790576829.860,0.00,0.000,0.000,0,0,0.0,543.06
1790576830.110,0.00,0.000,0.000,0,0,0.0,543.06
1790576830.360,0.00,0.000,0.000,0,0,0.0,543.06
1790576830.610,0.00,0.000,0.000,0,0,0.0,543.06
1790576830.860,0.00,0.000,0.000,0,0,0.1,543.06
1790576831.110,0.00,0.000,0.000,0,0,0.0,543.06
1790576831.360,0.00,0.000,0.000,0,0,0.1,543.07
1790576831.610,0.00,0.000,0.000,0,0,0.0,543.07
1790576831.860,0.00,0.000,0.000,0,0,0.1,543.07
1790576832.110,0.00,0.000,0.000,0,0,0.1,543.07
1790576832.360,0.00,0.000,0.000,0,0,0.0,543.07
1790576832.610,0.00,0.000,0.000,0,0,0.0,543.07
1790576832.860,0.00,0.000,0.000,0,0,0.0,543.07
1790576833.110,0.00,0.000,0.000,0,0,0.0,543.07
1790576833.360,0.00,0.000,0.000,0,0,0.0,543.06
1790576833.610,0.00,0.000,0.000,0,0,0.0,543.06
1790576833.860,0.00,0.000,0.000,0,0,0.0,543.06
1790576834.110,0.00,0.000,0.000,0,0,0.3,543.06
1790576834.360,0.00,0.000,0.000,0,0,0.0,543.06
1790576834.610,0.00,0.000,0.000,0,0,0.0,543.07
1790576834.860,0.00,0.000,0.000,0,0,0.0,543.07
1790576835.110,0.00,0.000,0.000,0,0,0.0,543.07
1790576835.360,0.00,0.000,0.000,0,0,0.0,543.07
1790576835.610,0.00,0.000,0.000,0,0,0.0,543.07
1790576835.860,0.00,0.000,0.000,0,0,0.0,543.07
1790576836.110,0.00,0.000,0.000,0,0,0.0,543.07
1790576836.360,0.00,0.000,0.000,0,0,0.0,543.07
1790576836.610,0.00,0.000,0.000,0,0,0.0,543.07
1790576836.860,0.00,0.000,0.000,0,0,0.0,543.07
1790576837.110,0.00,0.000,0.000,0,0,0.0,543.07
1790576837.360,0.00,0.000,0.000,0,0,0.1,543.07
1790576837.610,0.00,0.000,0.000,0,0,0.1,543.07
1790576837.860,0.00,0.000,0.000,0,0,0.0,543.07
1790576838.110,0.00,0.000,0.000,0,0,0.0,543.07
1790576838.360,0.00,0.000,0.000,0,0,0.0,543.07
1790576838.610,0.00,0.000,0.000,0,0,0.0,543.07
1790576838.860,0.00,0.000,0.000,0,0,0.0,543.07
1790576839.110,0.00,0.000,0.000,0,0,0.1,543.07
1790576839.360,0.00,0.000,0.000,0,0,0.1,543.07
1790576839.610,0.00,0.000,0.000,0,0,0.1,543.07
1790576839.860,0.00,0.000,0.000,0,0,0.0,543.07
1790576840.110,0.00,0.000,0.000,0,0,0.0,543.07
1790576840.360,0.00,0.000,0.000,0,0,0.0,543.07
1790576840.610,0.00,0.000,0.000,0,0,0.0,543.07
1790576840.860,0.00,0.000,0.000,0,0,0.1,543.07
1790576841.110,0.00,0.000,0.000,0,0,0.0,543.07
1790576841.360,0.00,0.000,0.000,0,0,0.0,543.07
1790576841.610,0.00,0.000,0.000,0,0,0.0,543.07
1790576841.860,0.00,0.000,0.000,0,0,0.0,543.07
1790576842.110,0.00,0.000,0.000,0,0,0.0,543.07
1790576842.360,0.00,0.000,0.000,0,0,0.1,543.07
1790576842.610,0.00,0.000,0.000,0,0,0.2,543.07
1790576842.860,0.00,0.000,0.000,0,0,0.1,543.07
1790576843.110,0.00,0.000,0.000,0,0,0.0,543.07
1790576843.360,0.00,0.000,0.000,0,0,0.0,543.07
1790576843.610,0.00,0.000,0.000,0,0,0.1,543.07
1790576843.860,0.00,0.000,0.000,0,0,0.0,543.07
1790576844.110,0.00,0.000,0.000,0,0,0.0,543.07
1790576844.360,0.00,0.000,0.000,0,0,0.0,543.07
1790576844.610,0.00,0.000,0.000,0,0,0.1,543.07
1790576844.860,0.00,0.000,0.000,0,0,0.0,543.07
1790576845.110,0.00,0.000,0.000,0,0,0.0,543.07
1790576845.360,0.00,0.000,0.000,0,0,0.1,543.07
1790576845.610,0.00,0.000,0.000,0,0,0.0,543.07
1790576845.860,0.00,0.000,0.000,0,0,0.0,543.07
1790576846.110,0.00,0.000,0.000,0,0,0.4,543.07
1790576846.360,0.00,0.000,0.000,0,0,0.1,543.07
1790576846.610,0.00,0.000,0.000,0,0,0.6,543.07
1790576846.860,0.00,0.000,0.000,0,0,0.0,543.07
1790576847.110,0.00,0.000,0.000,0,0,0.0,543.07
1790576847.360,0.00,0.000,0.000,0,0,0.0,543.07
1790576847.610,0.00,0.000,0.000,0,0,0.0,543.07
1790576847.860,0.00,0.000,0.000,0,0,0.0,543.07
1790576848.110,0.00,0.000,0.000,0,0,0.0,543.07
1790576848.360,0.00,0.000,0.000,0,0,0.0,543.07
1790576848.610,0.00,0.000,0.000,0,0,0.0,543.07
1790576848.860,0.00,0.000,0.000,0,0,0.0,543.07
1790576849.110,0.00,0.000,0.000,0,0,0.0,543.07
1790576849.360,0.00,0.000,0.000,0,0,0.0,543.07
1790576849.610,0.00,0.000,0.000,0,0,0.0,543.07
1790576849.860,0.00,0.000,0.000,0,0,0.0,543.07
1790576850.110,0.00,0.000,0.000,0,0,0.0,543.07
1790576850.360,0.00,0.000,0.000,0,0,0.0,543.07
1790576850.610,0.00,0.000,0.000,0,0,0.1,543.07
1790576850.860,0.00,0.000,0.000,0,0,0.0,543.07
1790576851.110,0.00,0.000,0.000,0,0,0.0,543.07
1790576851.360,0.00,0.000,0.000,0,0,0.1,543.07
1790576851.610,0.00,0.000,0.000,0,0,0.0,543.07
1790576851.860,0.00,0.000,0.000,0,0,0.0,543.07
1790576852.110,0.00,0.000,0.000,0,0,0.1,543.07
1790576852.360,0.00,0.000,0.000,0,0,0.2,543.07
1790576852.610,0.00,0.000,0.000,0,0,0.0,543.07
1790576852.860,0.00,0.000,0.000,0,0,0.0,543.07
1790576853.110,0.00,0.000,0.000,0,0,0.0,543.07
1790576853.360,0.00,0.000,0.000,0,0,0.1,543.07
1790576853.610,0.00,0.000,0.000,0,0,0.1,543.07
1790576853.860,0.00,0.000,0.000,0,0,0.0,543.07
1790576854.110,0.00,0.000,0.000,0,0,0.0,543.07
1790576854.360,0.00,0.000,0.000,0,0,0.2,543.07
1790576854.610,0.00,0.000,0.000,0,0,0.0,543.07
1790576854.860,0.00,0.000,0.000,0,0,0.1,543.07
1790576855.110,0.00,0.000,0.000,0,0,0.1,543.07
1790576855.360,0.00,0.000,0.000,0,0,0.1,543.07
1790576855.610,0.00,0.000,0.000,0,0,0.0,543.07
1790576855.860,0.00,0.000,0.000,0,0,0.0,543.07
1790576856.110,0.00,0.000,0.000,0,0,0.0,543.07
1790576856.360,0.00,0.000,0.000,0,0,0.0,543.07
1790576856.610,0.00,0.000,0.000,0,0,0.0,543.07
1790576856.860,0.00,0.000,0.000,0,0,0.1,543.07
1790576857.110,0.00,0.000,0.000,0,0,0.0,543.07
1790576857.360,0.00,0.000,0.000,0,0,0.4,543.07
1790576857.610,0.00,0.000,0.000,0,0,0.0,543.07
1790576857.860,0.00,0.000,0.000,0,0,0.1,543.07
1790576858.110,0.00,0.000,0.000,0,0,0.1,543.07
1790576858.360,0.00,0.000,0.000,0,0,0.0,543.07
1790576858.610,0.00,0.000,0.000,0,0,0.0,543.07
1790576858.860,0.00,0.000,0.000,0,0,0.0,543.07
1790576859.110,0.00,0.000,0.000,0,0,0.1,543.07
1790576859.360,0.00,0.000,0.000,0,0,0.0,543.07
1790576859.610,0.00,0.000,0.000,0,0,0.0,543.07
1790576859.860,0.00,0.000,0.000,0,0,0.2,543.07
1790576860.110,0.00,0.000,0.000,0,0,0.1,543.07
1790576860.360,0.00,0.000,0.000,0,0,0.2,543.07
1790576860.610,0.00,0.000,0.000,0,0,0.0,543.07
1790576860.860,0.00,0.000,0.000,0,0,0.0,543.07
1790576861.110,0.00,0.000,0.000,0,0,0.6,543.07
1790576861.360,0.00,0.000,0.000,0,0,0.3,543.07
1790576861.610,0.00,0.000,0.000,0,0,0.0,543.07
1790576861.860,0.00,0.000,0.000,0,0,0.1,543.07
1790576862.110,0.00,0.000,0.000,0,0,0.0,543.07
1790576862.360,0.00,0.000,0.000,0,0,0.1,543.07
1790576862.610,0.00,0.000,0.000,0,0,0.1,543.07
1790576862.860,0.00,0.000,0.000,0,0,0.0,543.07
1790576863.110,0.00,0.000,0.000,0,0,19.5,543.07
1790576863.360,0.00,0.000,0.000,0,0,0.0,543.07
1790576863.610,0.00,0.000,0.000,0,0,0.0,543.07
1790576863.860,0.00,0.000,0.000,0,0,0.0,543.07
1790576864.110,0.00,0.000,0.000,0,0,0.0,543.07
1790576864.360,0.00,0.000,0.000,0,0,0.0,543.07
1790576864.610,0.00,0.000,0.000,0,0,0.0,543.07
1790576864.860,0.00,0.000,0.000,0,0,0.0,543.07
1790576865.110,0.00,0.000,0.000,0,0,0.0,543.07
1790576865.360,0.00,0.000,0.000,0,0,0.0,543.07
1790576865.610,0.00,0.000,0.000,0,0,0.0,543.07
1790576865.860,0.00,0.000,0.000,0,0,0.0,543.07
1790576866.110,0.00,0.000,0.000,0,0,0.1,543.07
1790576866.360,0.00,0.000,0.000,0,0,0.0,543.07
1790576866.610,0.00,0.000,0.000,0,0,0.0,543.07
1790576866.860,0.00,0.000,0.000,0,0,0.0,543.07
1790576867.110,0.00,0.000,0.000,0,0,0.0,543.07
1790576867.360,0.00,0.000,0.000,0,0,0.1,543.07
1790576867.610,0.00,0.000,0.000,0,0,0.0,543.07
1790576867.860,0.00,0.000,0.000,0,0,0.0,543.07
1790576868.110,0.00,0.000,0.000,0,0,0.0,543.07
1790576868.360,0.00,0.000,0.000,0,0,0.0,543.07
1790576868.610,0.00,0.000,0.000,0,0,0.0,543.07
1790576868.860,0.00,0.000,0.000,0,0,0.0,543.07
1790576869.110,0.00,0.000,0.000,0,0,0.0,543.07
1790576869.360,0.00,0.000,0.000,0,0,0.0,543.07
1790576869.610,0.00,0.000,0.000,0,0,0.0,543.07
1790576869.860,0.00,0.000,0.000,0,0,0.0,543.07
1790576870.110,0.00,0.000,0.000,0,0,0.0,543.07
1790576870.360,0.00,0.000,0.000,0,0,0.0,543.07
1790576870.610,0.00,0.000,0.000,0,0,0.0,543.07
1790576870.860,0.00,0.000,0.000,0,0,0.0,543.07
1790576871.110,0.00,0.000,0.000,0,0,0.1,543.07
1790576871.360,0.00,0.000,0.000,0,0,0.0,543.07
1790576871.610,0.00,0.000,0.000,0,0,0.8,543.07
1790576871.860,0.00,0.000,0.000,0,0,0.0,543.07
1790576872.110,0.00,0.000,0.000,0,0,0.0,543.07
1790576872.360,0.00,0.000,0.000,0,0,0.0,543.07
1790576872.610,0.00,0.000,0.000,0,0,0.0,543.07
1790576872.860,0.00,0.000,0.000,0,0,0.0,543.07
1790576873.110,0.00,0.000,0.000,0,0,0.0,543.07
1790576873.360,0.00,0.000,0.000,0,0,0.0,543.07
1790576873.610,0.00,0.000,0.000,0,0,0.0,543.07
1790576873.860,0.00,0.000,0.000,0,0,0.0,543.07
1790576874.110,0.00,0.000,0.000,0,0,0.0,543.07
1790576874.360,0.00,0.000,0.000,0,0,0.0,543.07
1790576874.610,0.00,0.000,0.000,0,0,0.2,543.07
1790576874.860,0.00,0.000,0.000,0,0,0.1,543.07
1790576875.110,0.00,0.000,0.000,0,0,0.0,543.07
1790576875.360,0.00,0.000,0.000,0,0,0.0,543.07
1790576875.610,0.00,0.000,0.000,0,0,0.0,543.07
1790576875.860,0.00,0.000,0.000,0,0,0.0,543.07
1790576876.110,0.00,0.000,0.000,0,0,0.0,543.07
1790576876.360,0.00,0.000,0.000,0,0,0.1,543.08
1790576876.610,0.00,0.000,0.000,0,0,0.0,543.08
1790576876.860,0.00,0.000,0.000,0,0,0.0,543.08
1790576877.110,0.00,0.000,0.000,0,0,0.0,543.08
1790576877.360,0.00,0.000,0.000,0,0,0.0,543.08
1790576877.610,0.00,0.000,0.000,0,0,0.0,543.08
1790576877.860,0.00,0.000,0.000,0,0,0.0,543.08
1790576878.110,0.00,0.000,0.000,0,0,0.0,543.08
1790576878.360,0.00,0.000,0.000,0,0,0.0,543.08
1790576878.610,0.00,0.000,0.000,0,0,0.0,543.08
1790576878.860,0.00,0.000,0.000,0,0,0.0,543.08
1790576879.110,0.00,0.000,0.000,0,0,0.0,543.08
1790576879.360,0.00,0.000,0.000,0,0,0.0,543.08
1790576879.610,0.00,0.000,0.000,0,0,0.0,543.08
1790576879.860,0.00,0.000,0.000,0,0,0.0,543.08
1790576880.110,0.00,0.000,0.000,0,0,0.0,543.08
1790576880.360,0.00,0.000,0.000,0,0,0.0,543.08
1790576880.610,0.00,0.000,0.000,0,0,0.0,543.08
1790576880.860,0.00,0.000,0.000,0,0,0.0,543.08
1790576881.110,0.00,0.000,0.000,0,0,0.0,543.08
1790576881.360,0.00,0.000,0.000,0,0,0.0,543.08
1790576881.610,0.00,0.000,0.000,0,0,0.0,543.08
1790576881.860,0.00,0.000,0.000,0,0,0.0,543.08
1790576882.110,0.00,0.000,0.000,0,0,0.0,543.08
1790576882.360,0.00,0.000,0.000,0,0,0.1,543.08
1790576882.610,0.00,0.000,0.000,0,0,0.0,543.08
1790576882.860,0.00,0.000,0.000,0,0,0.0,543.08
1790576883.110,0.00,0.000,0.000,0,0,0.0,543.08
1790576883.360,0.00,0.000,0.000,0,0,0.0,543.08
1790576883.610,0.00,0.000,0.000,0,0,0.0,543.08
1790576883.860,0.00,0.000,0.000,0,0,0.1,543.08
1790576884.110,0.00,0.000,0.000,0,0,0.0,543.08
1790576884.360,0.00,0.000,0.000,0,0,0.1,543.08
1790576884.610,0.00,0.000,0.000,0,0,0.0,543.08
1790576884.860,0.00,0.000,0.000,0,0,0.1,543.08
1790576885.110,0.00,0.000,0.000,0,0,0.1,543.08
1790576885.360,0.00,0.000,0.000,0,0,0.0,543.08
1790576885.610,0.00,0.000,0.000,0,0,0.0,543.08
1790576885.860,0.00,0.000,0.000,0,0,0.1,543.08
1790576886.110,0.00,0.000,0.000,0,0,0.0,543.08
1790576886.360,0.00,0.000,0.000,0,0,0.1,543.08
1790576886.610,0.00,0.000,0.000,0,0,0.1,543.08
1790576886.860,0.00,0.000,0.000,0,0,0.0,543.08
1790576887.110,0.00,0.000,0.000,0,0,0.0,543.08
1790576887.360,0.00,0.000,0.000,0,0,0.0,543.08
1790576887.610,0.00,0.000,0.000,0,0,0.0,543.08
1790576887.860,0.00,0.000,0.000,0,0,0.0,543.08
1790576888.110,0.00,0.000,0.000,0,0,0.0,543.08
1790576888.360,0.00,0.000,0.000,0,0,0.0,543.08
1790576888.610,0.00,0.000,0.000,0,0,0.0,543.08
1790576888.860,0.00,0.000,0.000,0,0,0.0,543.08
1790576889.110,0.00,0.000,0.000,0,0,0.0,543.08
1790576889.360,0.00,0.000,0.000,0,0,0.0,543.08
1790576889.610,0.00,0.000,0.000,0,0,0.0,543.08
1790576889.860,0.00,0.000,0.000,0,0,0.0,543.08
1790576890.110,0.00,0.000,0.000,0,0,0.0,543.08
1790576890.360,0.00,0.000,0.000,0,0,0.0,543.08
1790576890.610,0.00,0.000,0.000,0,0,0.0,543.08
1790576890.860,0.00,0.000,0.000,0,0,0.0,543.08
1790576891.110,0.00,0.000,0.000,0,0,0.0,543.08
1790576891.360,0.00,0.000,0.000,0,0,0.0,543.08
1790576891.610,0.00,0.000,0.000,0,0,0.1,543.08
1790576891.860,0.00,0.000,0.000,0,0,0.0,543.08
1790576892.110,0.00,0.000,0.000,0,0,0.0,543.08
1790576892.360,0.00,0.000,0.000,0,0,0.0,543.08
1790576892.610,0.00,0.000,0.000,0,0,0.0,543.08
1790576892.860,0.00,0.000,0.000,0,0,0.1,543.08
1790576893.110,0.00,0.000,0.000,0,0,0.0,543.08
1790576893.360,0.00,0.000,0.000,0,0,0.0,543.08
1790576893.610,0.00,0.000,0.000,0,0,0.0,543.08
1790576893.860,0.00,0.000,0.000,0,0,0.0,543.08
1790576894.110,0.00,0.000,0.000,0,0,0.1,543.08
1790576894.360,0.00,0.000,0.000,0,0,0.0,543.08
1790576894.610,0.00,0.000,0.000,0,0,0.0,543.08
1790576894.860,0.00,0.000,0.000,0,0,0.4,543.08
1790576895.110,0.00,0.000,0.000,0,0,0.1,543.08
1790576895.360,0.00,0.000,0.000,0,0,0.1,543.08
1790576895.610,0.00,0.000,0.000,0,0,0.1,543.08
1790576895.860,0.00,0.000,0.000,0,0,0.0,543.08
1790576896.110,0.00,0.000,0.000,0,0,0.0,543.08
1790576896.360,0.00,0.000,0.000,0,0,0.0,543.08
1790576896.610,0.00,0.000,0.000,0,0,0.0,543.08
1790576896.860,0.00,0.000,0.000,0,0,0.0,543.08
1790576897.110,0.00,0.000,0.000,0,0,0.1,543.08
1790576897.360,0.00,0.000,0.000,0,0,0.1,543.08
1790576897.610,0.00,0.000,0.000,0,0,0.0,543.08
1790576897.860,0.00,0.000,0.000,0,0,0.0,543.08
1790576898.110,0.00,0.000,0.000,0,0,0.0,543.08
1790576898.360,0.00,0.000,0.000,0,0,0.0,543.08
1790576898.610,0.00,0.000,0.000,0,0,0.0,543.08
1790576898.860,0.00,0.000,0.000,0,0,0.0,543.08
1790576899.110,0.00,0.000,0.000,0,0,0.1,543.08
1790576899.360,0.00,0.000,0.000,0,0,0.0,543.08
1790576899.610,0.00,0.000,0.000,0,0,0.1,543.08
1790576899.860,0.00,0.000,0.000,0,0,0.1,543.08
1790576900.110,0.00,0.000,0.000,0,0,0.0,543.08
1790576900.360,0.00,0.000,0.000,0,0,0.1,543.08
1790576900.610,0.00,0.000,0.000,0,0,0.0,543.08
1790576900.860,0.00,0.000,0.000,0,0,0.1,543.08
1790576901.110,0.00,0.000,0.000,0,0,0.0,543.08
1790576901.360,0.00,0.000,0.000,0,0,0.0,543.08
1790576901.610,0.00,0.000,0.000,0,0,0.1,543.08
1790576901.860,0.00,0.000,0.000,0,0,0.0,543.08
1790576902.110,0.00,0.000,0.000,0,0,0.0,543.08
1790576902.360,0.00,0.000,0.000,0,0,0.0,543.08
1790576902.610,0.00,0.000,0.000,0,0,0.0,543.08
1790576902.860,0.00,0.000,0.000,0,0,0.2,543.08
1790576903.110,0.00,0.000,0.000,0,0,0.1,543.08
1790576903.360,0.00,0.000,0.000,0,0,0.0,543.08
1790576903.610,0.00,0.000,0.000,0,0,0.0,543.08
1790576903.860,0.00,0.000,0.000,0,0,0.0,543.08
1790576904.110,0.00,0.000,0.000,0,0,0.0,543.08
1790576904.360,0.00,0.000,0.000,0,0,0.0,543.08
1790576904.610,0.00,0.000,0.000,0,0,0.0,543.08
1790576904.860,0.00,0.000,0.000,0,0,0.0,543.08
1790576905.110,0.00,0.000,0.000,0,0,0.0,543.08
1790576905.360,0.00,0.000,0.000,0,0,0.2,543.08
1790576905.610,0.00,0.000,0.000,0,0,0.0,543.08
1790576905.860,0.00,0.000,0.000,0,0,0.0,543.08
1790576906.110,0.00,0.000,0.000,0,0,0.3,543.08
1790576906.360,0.00,0.000,0.000,0,0,0.2,543.08
1790576906.610,0.00,0.000,0.000,0,0,0.0,543.08
1790576906.860,0.00,0.000,0.000,0,0,0.6,543.08
1790576907.110,0.00,0.000,0.000,0,0,0.3,543.08
1790576907.360,0.00,0.000,0.000,0,0,0.1,543.08
1790576907.610,0.00,0.000,0.000,0,0,0.1,543.08
1790576907.860,0.00,0.000,0.000,0,0,0.0,543.08
1790576908.110,0.00,0.000,0.000,0,0,0.1,543.08
1790576908.360,0.00,0.000,0.000,0,0,0.4,543.08
1790576908.610,0.00,0.000,0.000,0,0,0.0,543.08
1790576908.860,0.00,0.000,0.000,0,0,0.1,543.08
1790576909.110,0.00,0.000,0.000,0,0,0.0,543.08
1790576909.360,0.00,0.000,0.000,0,0,0.0,543.08
1790576909.610,0.00,0.000,0.000,0,0,0.0,543.08
1790576909.860,0.00,0.000,0.000,0,0,0.1,543.08
1790576910.110,0.00,0.000,0.000,0,0,0.1,543.08
1790576910.360,0.00,0.000,0.000,0,0,0.6,543.08
1790576910.610,0.00,0.000,0.000,0,0,0.1,543.08
1790576910.860,0.00,0.000,0.000,0,0,0.2,543.08
1790576911.110,0.00,0.000,0.000,0,0,0.0,543.08
1790576911.360,0.00,0.000,0.000,0,0,0.1,543.08
1790576911.610,0.00,0.000,0.000,0,0,0.0,543.08
1790576911.860,0.00,0.000,0.000,0,0,0.2,543.08
1790576912.110,0.00,0.000,0.000,0,0,0.1,543.08
1790576912.360,0.00,0.000,0.000,0,0,0.3,543.08
1790576912.610,0.00,0.000,0.000,0,0,0.0,543.08
1790576912.860,0.00,0.000,0.000,0,0,0.0,543.08
1790576913.110,0.00,0.000,0.000,0,0,0.0,543.08
1790576913.360,0.00,0.000,0.000,0,0,0.1,543.08
1790576913.610,0.00,0.000,0.000,0,0,0.0,543.08
1790576913.860,0.00,0.000,0.000,0,0,0.0,543.08
1790576914.110,0.00,0.000,0.000,0,0,0.4,543.08
1790576914.360,0.00,0.000,0.000,0,0,0.2,543.08
1790576914.610,0.00,0.000,0.000,0,0,0.0,543.08
1790576914.860,0.00,0.000,0.000,0,0,0.0,543.08
1790576915.110,0.00,0.000,0.000,0,0,0.5,543.08
1790576915.360,0.00,0.000,0.000,0,0,0.1,543.08
1790576915.610,0.00,0.000,0.000,0,0,0.0,543.08
1790576915.860,0.00,0.000,0.000,0,0,0.2,543.08
1790576916.110,0.00,0.000,0.000,0,0,0.1,543.08
1790576916.360,0.00,0.000,0.000,0,0,0.0,543.08
1790576916.610,0.00,0.000,0.000,0,0,0.0,543.08
1790576916.860,0.00,0.000,0.000,0,0,0.0,543.08
1790576917.110,0.00,0.000,0.000,0,0,0.0,543.08
1790576917.360,0.00,0.000,0.000,0,0,0.0,543.08
1790576917.610,0.00,0.000,0.000,0,0,0.0,543.08
1790576917.860,0.00,0.000,0.000,0,0,0.1,543.08
1790576918.110,0.00,0.000,0.000,0,0,0.2,543.08
1790576918.360,0.00,0.000,0.000,0,0,0.0,543.08
1790576918.610,0.00,0.000,0.000,0,0,0.0,543.08
1790576918.860,0.00,0.000,0.000,0,0,0.0,543.08
1790576919.110,0.00,0.000,0.000,0,0,0.1,543.08
1790576919.360,0.00,0.000,0.000,0,0,0.0,543.08
1790576919.610,0.00,0.000,0.000,0,0,0.0,543.08
1790576919.860,0.00,0.000,0.000,0,0,0.1,543.08
1790576920.110,0.00,0.000,0.000,0,0,0.0,543.08
1790576920.360,0.00,0.000,0.000,0,0,0.1,543.08
1790576920.610,0.00,0.000,0.000,0,0,0.0,543.08
1790576920.860,0.00,0.000,0.000,0,0,0.6,543.08
1790576921.110,0.00,0.000,0.000,0,0,0.0,543.08
1790576921.360,0.00,0.000,0.000,0,0,0.0,543.08
1790576921.610,0.00,0.000,0.000,0,0,0.0,543.08
1790576921.860,0.00,0.000,0.000,0,0,0.1,543.08
1790576922.110,0.00,0.000,0.000,0,0,0.0,543.08
1790576922.360,0.00,0.000,0.000,0,0,0.0,543.08
1790576922.610,0.00,0.000,0.000,0,0,0.0,543.08
1790576922.860,0.00,0.000,0.000,0,0,0.0,543.08
1790576923.110,0.00,0.000,0.000,0,0,0.0,543.08
1790576923.360,0.00,0.000,0.000,0,0,0.0,543.08
1790576923.610,0.00,0.000,0.000,0,0,0.0,543.08
1790576923.860,0.00,0.000,0.000,0,0,0.0,543.08
1790576924.110,0.00,0.000,0.000,0,0,0.0,543.08
1790576924.360,0.00,0.000,0.000,0,0,0.0,543.08
1790576924.610,0.00,0.000,0.000,0,0,0.0,543.08
1790576924.860,0.00,0.000,0.000,0,0,0.0,543.08
1790576925.110,0.00,0.000,0.000,0,0,0.0,543.08
1790576925.360,0.00,0.000,0.000,0,0,0.0,543.08
1790576925.610,0.00,0.000,0.000,0,0,0.0,543.08
1790576925.860,0.00,0.000,0.000,0,0,0.0,543.08
1790576926.110,0.00,0.000,0.000,0,0,0.0,543.08
1790576926.360,0.00,0.000,0.000,0,0,0.0,543.08
1790576926.610,0.00,0.000,0.000,0,0,0.0,543.08
1790576926.860,0.00,0.000,0.000,0,0,0.0,543.08
1790576927.110,0.00,0.000,0.000,0,0,0.0,543.08
1790576927.360,0.00,0.000,0.000,0,0,0.1,543.08
1790576927.610,0.00,0.000,0.000,0,0,0.0,543.08
1790576927.860,0.00,0.000,0.000,0,0,0.0,543.08
1790576928.110,0.00,0.000,0.000,0,0,0.1,543.08
1790576928.360,0.00,0.000,0.000,0,0,0.0,543.08
1790576928.610,0.00,0.000,0.000,0,0,0.0,543.08
1790576928.860,0.00,0.000,0.000,0,0,0.2,543.08
1790576929.110,0.00,0.000,0.000,0,0,0.0,543.08
1790576929.360,0.00,0.000,0.000,0,0,0.0,543.08
1790576929.610,0.00,0.000,0.000,0,0,0.0,543.08
1790576929.860,0.00,0.000,0.000,0,0,0.1,543.08
1790576930.110,0.00,0.000,0.000,0,0,0.0,543.08
1790576930.360,0.00,0.000,0.000,0,0,0.0,543.08
1790576930.610,0.00,0.000,0.000,0,0,0.0,543.08
1790576930.860,0.00,0.000,0.000,0,0,0.0,543.08
1790576931.110,0.00,0.000,0.000,0,0,0.0,543.08
1790576931.360,0.00,0.000,0.000,0,0,0.0,543.08
1790576931.610,0.00,0.000,0.000,0,0,0.1,543.08
1790576931.860,0.00,0.000,0.000,0,0,0.0,543.08
1790576932.110,0.00,0.000,0.000,0,0,0.1,543.08
1790576932.360,0.00,0.000,0.000,0,0,0.1,543.08
1790576932.610,0.00,0.000,0.000,0,0,0.0,543.08
1790576932.860,0.00,0.000,0.000,0,0,0.0,543.08
1790576933.110,0.00,0.000,0.000,0,0,0.0,543.08
1790576933.360,0.00,0.000,0.000,0,0,0.1,543.08
1790576933.610,0.00,0.000,0.000,0,0,0.1,543.08
1790576933.860,0.00,0.000,0.000,0,0,0.1,543.08
1790576934.110,0.00,0.000,0.000,0,0,0.1,543.08
1790576934.360,0.00,0.000,0.000,0,0,0.2,543.08
1790576934.610,0.00,0.000,0.000,0,0,0.0,543.08
1790576934.860,0.00,0.000,0.000,0,0,0.1,543.08
1790576935.110,0.00,0.000,0.000,0,0,0.0,543.08
1790576935.360,0.00,0.000,0.000,0,0,0.8,543.08
1790576935.610,0.00,0.000,0.000,0,0,0.0,543.08
1790576935.860,0.00,0.000,0.000,0,0,0.0,543.08
1790576936.110,0.00,0.000,0.000,0,0,0.0,543.08
1790576936.360,0.00,0.000,0.000,0,0,0.0,543.08
1790576936.610,0.00,0.000,0.000,0,0,0.4,543.08
1790576936.860,0.00,0.000,0.000,0,0,0.2,543.08
1790576937.110,0.00,0.000,0.000,0,0,0.0,543.08
1790576937.360,0.00,0.000,0.000,0,0,0.0,543.08
1790576937.610,0.00,0.000,0.000,0,0,0.1,543.08
1790576937.860,0.00,0.000,0.000,0,0,0.0,543.08
1790576938.110,0.00,0.000,0.000,0,0,0.0,543.08
1790576938.360,0.00,0.000,0.000,0,0,0.1,543.08
1790576938.610,0.00,0.000,0.000,0,0,0.0,543.08
1790576938.860,0.00,0.000,0.000,0,0,0.2,543.08
1790576939.110,0.00,0.000,0.000,0,0,0.0,543.08
1790576939.360,0.00,0.000,0.000,0,0,0.0,543.08
1790576939.610,0.00,0.000,0.000,0,0,0.1,543.08
1790576939.860,0.00,0.000,0.000,0,0,0.0,543.08
1790576940.110,0.00,0.000,0.000,0,0,0.0,543.08
1790576940.360,0.00,0.000,0.000,0,0,0.2,543.08
1790576940.610,0.00,0.000,0.000,0,0,0.0,543.08
1790576940.860,0.00,0.000,0.000,0,0,0.0,543.08
1790576941.110,0.00,0.000,0.000,0,0,0.1,543.08
1790576941.360,0.00,0.000,0.000,0,0,0.0,543.08
1790576941.610,0.00,0.000,0.000,0,0,0.0,543.08
1790576941.860,0.00,0.000,0.000,0,0,0.0,543.08
1790576942.110,0.00,0.000,0.000,0,0,0.1,543.08
1790576942.360,0.00,0.000,0.000,0,0,0.0,543.08
1790576942.610,0.00,0.000,0.000,0,0,0.0,543.08
1790576942.860,0.00,0.000,0.000,0,0,0.0,543.08
1790576943.110,0.00,0.000,0.000,0,0,0.0,543.08
1790576943.360,0.00,0.000,0.000,0,0,0.0,543.08
1790576943.610,0.00,0.000,0.000,0,0,0.0,543.08
1790576943.860,0.00,0.000,0.000,0,0,0.0,543.08
1790576944.110,0.00,0.000,0.000,0,0,0.1,543.08
1790576944.360,0.00,0.000,0.000,0,0,0.1,543.08
1790576944.610,0.00,0.000,0.000,0,0,0.8,543.08
1790576944.860,0.00,0.000,0.000,0,0,16.3,543.08
1790576945.110,0.00,0.000,0.000,0,0,0.1,543.08
1790576945.360,0.00,0.000,0.000,0,0,0.3,543.08
1790576945.610,0.00,0.000,0.000,0,0,0.4,543.08
1790576945.860,0.00,0.000,0.000,0,0,0.3,543.08
1790576946.110,0.00,0.000,0.000,0,0,0.2,543.08
1790576946.360,0.00,0.000,0.000,0,0,0.1,543.08
1790576946.610,0.00,0.000,0.000,0,0,0.0,543.08
1790576946.860,0.00,0.000,0.000,0,0,0.0,543.08
1790576947.110,0.00,0.000,0.000,0,0,0.0,543.08
1790576947.360,0.00,0.000,0.000,0,0,0.0,543.08
1790576947.610,0.00,0.000,0.000,0,0,0.4,543.08
1790576947.860,0.00,0.000,0.000,0,0,0.0,543.08
1790576948.110,0.00,0.000,0.000,0,0,0.1,543.08
1790576948.360,0.00,0.000,0.000,0,0,0.1,543.08
1790576948.610,0.00,0.000,0.000,0,0,0.0,543.08
1790576948.860,0.00,0.000,0.000,0,0,0.0,543.08
1790576949.110,0.00,0.000,0.000,0,0,0.0,543.08
1790576949.360,0.00,0.000,0.000,0,0,0.0,543.08
1790576949.610,0.00,0.000,0.000,0,0,0.0,543.08
1790576949.860,0.00,0.000,0.000,0,0,0.0,543.08
1790576950.110,0.00,0.000,0.000,0,0,0.0,543.08
1790576950.360,0.00,0.000,0.000,0,0,0.0,543.08
1790576950.610,0.00,0.000,0.000,0,0,0.0,543.08
1790576950.860,0.00,0.000,0.000,0,0,0.0,543.08
1790576951.110,0.00,0.000,0.000,0,0,0.0,543.08
1790576951.360,0.00,0.000,0.000,0,0,0.0,543.08
1790576951.610,0.00,0.000,0.000,0,0,0.0,543.08
1790576951.860,0.00,0.000,0.000,0,0,0.1,543.08
1790576952.110,0.00,0.000,0.000,0,0,0.0,543.08
1790576952.360,0.00,0.000,0.000,0,0,0.0,543.08
1790576952.610,0.00,0.000,0.000,0,0,0.1,543.08
1790576952.860,0.00,0.000,0.000,0,0,0.0,543.08
1790576953.110,0.00,0.000,0.000,0,0,0.0,543.08
1790576953.360,0.00,0.000,0.000,0,0,0.0,543.08
1790576953.610,0.00,0.000,0.000,0,0,0.0,543.08
1790576953.860,0.00,0.000,0.000,0,0,0.0,543.08
1790576954.110,0.00,0.000,0.000,0,0,0.0,543.08
1790576954.360,0.00,0.000,0.000,0,0,0.0,543.08
1790576954.610,0.00,0.000,0.000,0,0,0.0,543.08
1790576954.860,0.00,0.000,0.000,0,0,0.0,543.08
1790576955.110,0.00,0.000,0.000,0,0,0.0,543.08
1790576955.360,0.00,0.000,0.000,0,0,0.0,543.08
1790576955.610,0.00,0.000,0.000,0,0,0.0,543.08
1790576955.860,0.00,0.000,0.000,0,0,0.0,543.08
1790576956.110,0.00,0.000,0.000,0,0,0.0,543.08
1790576956.360,0.00,0.000,0.000,0,0,0.0,543.08
1790576956.610,0.00,0.000,0.000,0,0,0.0,543.08
1790576956.860,0.00,0.000,0.000,0,0,0.0,543.08
1790576957.110,0.00,0.000,0.000,0,0,0.0,543.08
1790576957.360,0.00,0.000,0.000,0,0,0.0,543.08
1790576957.610,0.00,0.000,0.000,0,0,0.1,543.08
1790576957.860,0.00,0.000,0.000,0,0,0.0,543.08
1790576958.110,0.00,0.000,0.000,0,0,0.0,543.08
1790576958.360,0.00,0.000,0.000,0,0,0.0,543.08
1790576958.610,0.00,0.000,0.000,0,0,0.1,543.08
1790576958.860,0.00,0.000,0.000,0,0,0.0,543.08
1790576959.110,0.00,0.000,0.000,0,0,0.0,543.08
1790576959.360,0.00,0.000,0.000,0,0,0.0,543.08
1790576959.610,0.00,0.000,0.000,0,0,0.0,543.08
1790576959.860,0.00,0.000,0.000,0,0,0.0,543.08
1790576960.110,0.00,0.000,0.000,0,0,0.0,543.08
1790576960.360,0.00,0.000,0.000,0,0,0.0,543.08
1790576960.610,0.00,0.000,0.000,0,0,0.0,543.08
1790576960.860,0.00,0.000,0.000,0,0,0.0,543.08
1790576961.110,0.00,0.000,0.000,0,0,0.0,543.08
1790576961.360,0.00,0.000,0.000,0,0,0.1,543.08
1790576961.610,0.00,0.000,0.000,0,0,0.1,543.08
1790576961.860,0.00,0.000,0.000,0,0,0.0,543.08
1790576962.110,0.00,0.000,0.000,0,0,0.1,543.08
1790576962.360,0.00,0.000,0.000,0,0,0.0,543.08
1790576962.610,0.00,0.000,0.000,0,0,0.1,543.08
1790576962.860,0.00,0.000,0.000,0,0,0.1,543.08
1790576963.110,0.00,0.000,0.000,0,0,0.0,543.08
1790576963.360,0.00,0.000,0.000,0,0,0.0,543.08
1790576963.610,0.00,0.000,0.000,0,0,0.0,543.08
1790576963.860,0.00,0.000,0.000,0,0,0.0,543.08
1790576964.110,0.00,0.000,0.000,0,0,0.9,543.08
1790576964.360,0.00,0.000,0.000,0,0,0.0,543.08
1790576964.610,0.00,0.000,0.000,0,0,0.0,543.08
1790576964.860,0.00,0.000,0.000,0,0,0.0,543.08
1790576965.110,0.00,0.000,0.000,0,0,0.0,543.08
1790576965.360,0.00,0.000,0.000,0,0,0.0,543.08
1790576965.610,0.00,0.000,0.000,0,0,0.1,543.08
1790576965.860,0.00,0.000,0.000,0,0,0.0,543.08
1790576966.110,0.00,0.000,0.000,0,0,0.0,543.08
1790576966.360,0.00,0.000,0.000,0,0,0.0,543.08
1790576966.610,0.00,0.000,0.000,0,0,0.1,543.08
1790576966.860,0.00,0.000,0.000,0,0,0.0,543.08
1790576967.110,0.00,0.000,0.000,0,0,0.1,543.08
1790576967.360,0.00,0.000,0.000,0,0,0.1,543.08
1790576967.610,0.00,0.000,0.000,0,0,0.0,543.08
1790576967.860,0.00,0.000,0.000,0,0,0.0,543.08
1790576968.110,0.00,0.000,0.000,0,0,0.0,543.08
1790576968.360,0.00,0.000,0.000,0,0,0.0,543.08
1790576968.610,0.00,0.000,0.000,0,0,0.0,543.08
1790576968.860,0.00,0.000,0.000,0,0,0.0,543.08
1790576969.110,0.00,0.000,0.000,0,0,0.0,543.08
1790576969.360,0.00,0.000,0.000,0,0,0.0,543.08
1790576969.610,0.00,0.000,0.000,0,0,0.0,543.08
1790576969.860,0.00,0.000,0.000,0,0,0.0,543.08
1790576970.110,0.00,0.000,0.000,0,0,0.0,543.08
1790576970.360,0.00,0.000,0.000,0,0,0.1,543.08
1790576970.610,0.00,0.000,0.000,0,0,0.0,543.08
1790576970.860,0.00,0.000,0.000,0,0,0.0,543.08
1790576971.110,0.00,0.000,0.000,0,0,0.0,543.08
1790576971.360,0.00,0.000,0.000,0,0,0.0,543.08
1790576971.610,0.00,0.000,0.000,0,0,0.0,543.08
1790576971.860,0.00,0.000,0.000,0,0,0.0,543.08
1790576972.110,0.00,0.000,0.000,0,0,0.0,543.08
1790576972.360,0.00,0.000,0.000,0,0,0.0,543.08
1790576972.610,0.00,0.000,0.000,0,0,0.0,543.08
1790576972.860,0.00,0.000,0.000,0,0,0.0,543.08
1790576973.110,0.00,0.000,0.000,0,0,0.0,543.08
1790576973.360,0.00,0.000,0.000,0,0,0.0,543.08
1790576973.610,0.00,0.000,0.000,0,0,0.0,543.08
1790576973.860,0.00,0.000,0.000,0,0,0.0,543.08
1790576974.110,0.00,0.000,0.000,0,0,0.0,543.08
1790576974.360,0.00,0.000,0.000,0,0,0.0,543.08
1790576974.610,0.00,0.000,0.000,0,0,0.1,543.08
1790576974.860,0.00,0.000,0.000,0,0,0.0,543.08
1790576975.110,0.00,0.000,0.000,0,0,0.0,543.08
1790576975.360,0.00,0.000,0.000,0,0,0.0,543.08
1790576975.610,0.00,0.000,0.000,0,0,0.0,543.08
1790576975.860,0.00,0.000,0.000,0,0,0.0,543.08
1790576976.110,0.00,0.000,0.000,0,0,0.0,543.08
1790576976.360,0.00,0.000,0.000,0,0,0.1,543.08
1790576976.610,0.00,0.000,0.000,0,0,0.0,543.08
1790576976.860,0.00,0.000,0.000,0,0,0.0,543.08
1790576977.110,0.00,0.000,0.000,0,0,0.0,543.08
1790576977.360,0.00,0.000,0.000,0,0,0.1,543.08
1790576977.610,0.00,0.000,0.000,0,0,0.0,543.08
1790576977.860,0.00,0.000,0.000,0,0,0.0,543.08
1790576978.110,0.00,0.000,0.000,0,0,0.1,543.08
1790576978.360,0.00,0.000,0.000,0,0,0.2,543.08
1790576978.610,0.00,0.000,0.000,0,0,0.0,543.08
1790576978.860,0.00,0.000,0.000,0,0,0.0,543.08
1790576979.110,0.00,0.000,0.000,0,0,0.0,543.08
1790576979.360,0.00,0.000,0.000,0,0,0.0,543.08
1790576979.610,0.00,0.000,0.000,0,0,0.0,543.08
1790576979.860,0.00,0.000,0.000,0,0,0.1,543.08
1790576980.110,0.00,0.000,0.000,0,0,0.1,543.08
1790576980.360,0.00,0.000,0.000,0,0,0.2,543.08
1790576980.610,0.00,0.000,0.000,0,0,0.8,543.08
1790576980.860,0.00,0.000,0.000,0,0,0.0,543.08
1790576981.110,0.00,0.000,0.000,0,0,0.1,543.08
1790576981.360,0.00,0.000,0.000,0,0,0.0,543.08
1790576981.610,0.00,0.000,0.000,0,0,0.0,543.08
1790576981.860,0.00,0.000,0.000,0,0,0.0,543.08
1790576982.110,0.00,0.000,0.000,0,0,0.0,543.08
1790576982.360,0.00,0.000,0.000,0,0,0.0,543.08
1790576982.610,0.00,0.000,0.000,0,0,0.0,543.08
1790576982.860,0.00,0.000,0.000,0,0,0.1,543.08
1790576983.110,0.00,0.000,0.000,0,0,0.0,543.08
1790576983.360,0.00,0.000,0.000,0,0,0.0,543.08
1790576983.610,0.00,0.000,0.000,0,0,0.0,543.08
1790576983.860,0.00,0.000,0.000,0,0,0.1,543.08
1790576984.110,0.00,0.000,0.000,0,0,0.0,543.08
1790576984.360,0.00,0.000,0.000,0,0,0.0,543.08
1790576984.610,0.00,0.000,0.000,0,0,0.1,543.08
1790576984.860,0.00,0.000,0.000,0,0,0.0,543.08
1790576985.110,0.00,0.000,0.000,0,0,0.0,543.08
1790576985.360,0.00,0.000,0.000,0,0,0.4,543.08
1790576985.610,0.00,0.000,0.000,0,0,0.0,543.08
1790576985.860,0.00,0.000,0.000,0,0,0.0,543.08
1790576986.110,0.00,0.000,0.000,0,0,0.0,543.08
1790576986.360,0.00,0.000,0.000,0,0,0.0,543.08
1790576986.610,0.00,0.000,0.000,0,0,0.1,543.08
1790576986.860,0.00,0.000,0.000,0,0,0.0,543.08
1790576987.110,0.00,0.000,0.000,0,0,0.0,543.08
1790576987.360,0.00,0.000,0.000,0,0,0.0,543.08
1790576987.610,0.00,0.000,0.000,0,0,0.0,543.08
1790576987.860,0.00,0.000,0.000,0,0,0.0,543.08
1790576988.110,0.00,0.000,0.000,0,0,0.0,543.08
1790576988.360,0.00,0.000,0.000,0,0,0.1,543.08
1790576988.610,0.00,0.000,0.000,0,0,0.1,543.08
1790576988.860,0.00,0.000,0.000,0,0,0.1,543.08
1790576989.110,0.00,0.000,0.000,0,0,0.0,543.08
1790576989.360,0.00,0.000,0.000,0,0,0.1,543.08
1790576989.610,0.00,0.000,0.000,0,0,0.0,543.08
1790576989.860,0.00,0.000,0.000,0,0,0.2,543.08
1790576990.110,0.00,0.000,0.000,0,0,0.1,543.08
1790576990.360,0.00,0.000,0.000,0,0,0.1,543.08
1790576990.610,0.00,0.000,0.000,0,0,0.1,543.08
1790576990.860,0.00,0.000,0.000,0,0,0.2,543.08
1790576991.110,0.00,0.000,0.000,0,0,0.0,543.08
1790576991.360,0.00,0.000,0.000,0,0,0.2,543.08
1790576991.610,0.00,0.000,0.000,0,0,0.0,543.08
1790576991.860,0.00,0.000,0.000,0,0,0.2,543.08
1790576992.110,0.00,0.000,0.000,0,0,0.0,543.08
1790576992.360,0.00,0.000,0.000,0,0,0.0,543.08
1790576992.610,0.00,0.000,0.000,0,0,0.0,543.08
1790576992.860,0.00,0.000,0.000,0,0,0.1,543.08
1790576993.110,0.00,0.000,0.000,0,0,0.1,543.08
1790576993.360,0.00,0.000,0.000,0,0,0.0,543.08
1790576993.610,0.00,0.000,0.000,0,0,0.0,543.08
1790576993.860,0.00,0.000,0.000,0,0,0.0,543.08
1790576994.110,0.00,0.000,0.000,0,0,0.0,543.08
1790576994.360,0.00,0.000,0.000,0,0,0.0,543.08
1790576994.610,0.00,0.000,0.000,0,0,0.0,543.08
1790576994.860,0.00,0.000,0.000,0,0,0.0,543.08
1790576995.110,0.00,0.000,0.000,0,0,0.0,543.08
1790576995.360,0.00,0.000,0.000,0,0,0.0,543.08
1790576995.610,0.00,0.000,0.000,0,0,0.0,543.08
1790576995.860,0.00,0.000,0.000,0,0,0.0,543.08
1790576996.110,0.00,0.000,0.000,0,0,0.0,543.08
1790576996.360,0.00,0.000,0.000,0,0,0.0,543.08
1790576996.610,0.00,0.000,0.000,0,0,0.1,543.08
1790576996.860,0.00,0.000,0.000,0,0,0.0,543.08
1790576997.110,0.00,0.000,0.000,0,0,0.1,543.08
1790576997.360,0.00,0.000,0.000,0,0,0.0,543.08
1790576997.610,0.00,0.000,0.000,0,0,0.0,543.08
1790576997.860,0.00,0.000,0.000,0,0,0.0,543.08
1790576998.110,0.00,0.000,0.000,0,0,0.0,543.08
1790576998.360,0.00,0.000,0.000,0,0,0.0,543.08
1790576998.610,0.00,0.000,0.000,0,0,0.0,543.08
1790576998.860,0.00,0.000,0.000,0,0,0.0,543.08
1790576999.110,0.00,0.000,0.000,0,0,0.0,543.08
1790576999.360,0.00,0.000,0.000,0,0,0.0,543.08
1790576999.610,0.00,0.000,0.000,0,0,0.0,543.08
1790576999.860,0.00,0.000,0.000,0,0,0.1,543.08
1790577000.110,0.00,0.000,0.000,0,0,0.0,543.08
1790577000.360,0.00,0.000,0.000,0,0,0.0,543.08
1790577000.610,0.00,0.000,0.000,0,0,0.0,543.08
1790577000.860,0.00,0.000,0.000,0,0,0.0,543.08
1790577001.110,0.00,0.000,0.000,0,0,0.0,543.08
1790577001.360,0.00,0.000,0.000,0,0,0.0,543.08
1790577001.610,0.00,0.000,0.000,0,0,0.0,543.08
1790577001.860,0.00,0.000,0.000,0,0,0.0,543.08
1790577002.110,0.00,0.000,0.000,0,0,0.0,543.08
1790577002.360,0.00,0.000,0.000,0,0,0.0,543.08
1790577002.610,0.00,0.000,0.000,0,0,0.0,543.08
1790577002.860,0.00,0.000,0.000,0,0,0.0,543.08
1790577003.110,0.00,0.000,0.000,0,0,0.0,543.08
1790577003.360,0.00,0.000,0.000,0,0,0.0,543.08
1790577003.610,0.00,0.000,0.000,0,0,0.0,543.08
1790577003.860,0.00,0.000,0.000,0,0,0.0,543.08
1790577004.110,0.00,0.000,0.000,0,0,0.0,543.08
1790577004.360,0.00,0.000,0.000,0,0,0.0,543.08
1790577004.610,0.00,0.000,0.000,0,0,0.0,543.08
1790577004.860,0.00,0.000,0.000,0,0,0.0,543.08
1790577005.110,0.00,0.000,0.000,0,0,0.0,543.08
1790577005.360,0.00,0.000,0.000,0,0,0.0,543.08
1790577005.610,0.00,0.000,0.000,0,0,0.0,543.08
1790577005.860,0.00,0.000,0.000,0,0,0.0,543.08
1790577006.110,0.00,0.000,0.000,0,0,0.0,543.08
1790577006.360,0.00,0.000,0.000,0,0,0.0,543.08
1790577006.610,0.00,0.000,0.000,0,0,0.0,543.08
1790577006.860,0.00,0.000,0.000,0,0,0.0,543.08
1790577007.110,0.00,0.000,0.000,0,0,0.0,543.08
1790577007.360,0.00,0.000,0.000,0,0,0.0,543.08
1790577007.610,0.00,0.000,0.000,0,0,0.0,543.08
1790577007.860,0.00,0.000,0.000,0,0,0.0,543.08
1790577008.110,0.00,0.000,0.000,0,0,0.0,543.08
1790577008.360,0.00,0.000,0.000,0,0,0.0,543.08
1790577008.610,0.00,0.000,0.000,0,0,0.0,543.08
1790577008.860,0.00,0.000,0.000,0,0,0.0,543.08
1790577009.110,0.00,0.000,0.000,0,0,0.0,543.08
1790577009.360,0.00,0.000,0.000,0,0,0.0,543.08
1790577009.610,0.00,0.000,0.000,0,0,0.0,543.08
1790577009.860,0.00,0.000,0.000,0,0,0.0,543.08
1790577010.110,0.00,0.000,0.000,0,0,0.0,543.08
1790577010.360,0.00,0.000,0.000,0,0,0.0,543.08
1790577010.610,0.00,0.000,0.000,0,0,0.0,543.08
1790577010.860,0.00,0.000,0.000,0,0,0.0,543.08
1790577011.110,0.00,0.000,0.000,0,0,0.0,543.08
1790577011.360,0.00,0.000,0.000,0,0,0.0,543.08
1790577011.610,0.00,0.000,0.000,0,0,0.0,543.08
1790577011.860,0.00,0.000,0.000,0,0,0.0,543.08
1790577012.110,0.00,0.000,0.000,0,0,0.0,543.08
1790577012.360,0.00,0.000,0.000,0,0,0.0,543.08
1790577012.610,0.00,0.000,0.000,0,0,0.0,543.08
1790577012.860,0.00,0.000,0.000,0,0,0.0,543.08
1790577013.110,0.00,0.000,0.000,0,0,0.1,543.08
1790577013.360,0.00,0.000,0.000,0,0,0.2,543.08
1790577013.610,0.00,0.000,0.000,0,0,0.5,543.08
1790577013.860,0.00,0.000,0.000,0,0,0.0,543.08
1790577014.110,0.00,0.000,0.000,0,0,0.0,543.08
1790577014.360,0.00,0.000,0.000,0,0,0.0,543.08
1790577014.610,0.00,0.000,0.000,0,0,0.0,543.08
1790577014.860,0.00,0.000,0.000,0,0,0.0,543.08
1790577015.110,0.00,0.000,0.000,0,0,0.1,543.08
1790577015.360,0.00,0.000,0.000,0,0,0.0,543.08
1790577015.610,0.00,0.000,0.000,0,0,0.0,543.08
1790577015.860,0.00,0.000,0.000,0,0,0.0,543.08
1790577016.110,0.00,0.000,0.000,0,0,0.0,543.08
1790577016.360,0.00,0.000,0.000,0,0,0.0,543.08
1790577016.610,0.00,0.000,0.000,0,0,0.0,543.08
1790577016.860,0.00,0.000,0.000,0,0,0.0,543.08
1790577017.110,0.00,0.000,0.000,0,0,0.0,543.08
1790577017.360,0.00,0.000,0.000,0,0,0.0,543.08
1790577017.610,0.00,0.000,0.000,0,0,0.0,543.08
1790577017.860,0.00,0.000,0.000,0,0,0.0,543.08
1790577018.110,0.00,0.000,0.000,0,0,0.0,543.08
1790577018.360,0.00,0.000,0.000,0,0,0.0,543.08
1790577018.610,0.00,0.000,0.000,0,0,0.1,543.08
1790577018.860,0.00,0.000,0.000,0,0,0.8,543.08
1790577019.110,0.00,0.000,0.000,0,0,16.8,543.08
1790577019.360,0.00,0.000,0.000,0,0,0.0,543.08
1790577019.610,0.00,0.000,0.000,0,0,0.0,543.08
1790577019.860,0.00,0.000,0.000,0,0,0.0,543.08
1790577020.110,0.00,0.000,0.000,0,0,0.0,543.08
1790577020.360,0.00,0.000,0.000,0,0,0.9,543.08
1790577020.610,0.00,0.000,0.000,0,0,0.5,543.08
1790577020.860,0.00,0.000,0.000,0,0,0.0,543.08
1790577021.110,0.00,0.000,0.000,0,0,0.1,543.08
1790577021.360,0.00,0.000,0.000,0,0,0.0,543.08
1790577021.610,0.00,0.000,0.000,0,0,0.0,543.08
1790577021.860,0.00,0.000,0.000,0,0,0.0,543.08
1790577022.110,0.00,0.000,0.000,0,0,0.1,543.08
1790577022.360,0.00,0.000,0.000,0,0,0.1,543.08
1790577022.610,0.00,0.000,0.000,0,0,0.0,543.08
1790577022.860,0.00,0.000,0.000,0,0,0.1,543.08
1790577023.110,0.00,0.000,0.000,0,0,0.0,543.08
1790577023.360,0.00,0.000,0.000,0,0,0.0,543.08
1790577023.610,0.00,0.000,0.000,0,0,0.0,543.08
1790577023.860,0.00,0.000,0.000,0,0,0.1,543.08
1790577024.110,0.00,0.000,0.000,0,0,0.0,543.08
1790577024.360,0.00,0.000,0.000,0,0,0.0,543.08
1790577024.610,0.00,0.000,0.000,0,0,0.1,543.08
1790577024.860,0.00,0.000,0.000,0,0,0.0,543.08
1790577025.110,0.00,0.000,0.000,0,0,0.0,543.08
1790577025.360,0.00,0.000,0.000,0,0,0.0,543.08
1790577025.610,0.00,0.000,0.000,0,0,0.0,543.08
1790577025.860,0.00,0.000,0.000,0,0,0.0,543.08
1790577026.110,0.00,0.000,0.000,0,0,0.2,543.08
1790577026.360,0.00,0.000,0.000,0,0,0.4,543.10
1790577026.610,0.00,0.000,0.000,0,0,0.0,543.10
1790577026.860,0.00,0.000,0.000,0,0,0.1,543.11
1790577027.110,0.00,0.000,0.000,0,0,0.4,543.08
1790577027.360,0.00,0.000,0.000,0,0,0.1,543.08
1790577027.610,0.00,0.000,0.000,0,0,0.0,543.08
1790577027.860,0.00,0.000,0.000,0,0,0.0,543.08
1790577028.110,0.00,0.000,0.000,0,0,0.0,543.08
1790577028.360,0.00,0.000,0.000,0,0,0.1,543.08
1790577028.610,0.00,0.000,0.000,0,0,0.0,543.08
1790577028.860,0.00,0.000,0.000,0,0,0.0,543.08
1790577029.110,0.00,0.000,0.000,0,0,0.0,543.08
1790577029.360,0.00,0.000,0.000,0,0,0.0,543.08
1790577029.610,0.00,0.000,0.000,0,0,0.0,543.08
1790577029.860,0.00,0.000,0.000,0,0,0.0,543.08
1790577030.110,0.00,0.000,0.000,0,0,0.0,543.08
1790577030.361,0.00,0.000,0.000,0,0,0.0,543.08
1790577030.610,0.00,0.000,0.000,0,0,1.6,543.08
1790577030.860,0.00,0.000,0.000,0,0,0.6,543.08
1790577031.110,0.00,0.000,0.000,0,0,0.1,543.08
1790577031.360,0.00,0.000,0.000,0,0,0.0,543.08
1790577031.610,0.00,0.000,0.000,0,0,0.0,543.08
1790577031.860,0.00,0.000,0.000,0,0,0.0,543.08
1790577032.110,0.00,0.000,0.000,0,0,0.0,543.08
1790577032.360,0.00,0.000,0.000,0,0,0.0,543.08
1790577032.610,0.00,0.000,0.000,0,0,0.0,543.08
1790577032.860,0.00,0.000,0.000,0,0,0.0,543.08
1790577033.110,0.00,0.000,0.000,0,0,0.0,543.08
1790577033.360,0.00,0.000,0.000,0,0,0.1,543.08
1790577033.610,0.00,0.000,0.000,0,0,0.0,543.08
1790577033.860,0.00,0.000,0.000,0,0,0.1,543.08
1790577034.110,0.00,0.000,0.000,0,0,0.0,543.09
1790577034.360,0.00,0.000,0.000,0,0,0.0,543.09
1790577034.610,0.00,0.000,0.000,0,0,0.0,543.09
1790577034.860,0.00,0.000,0.000,0,0,0.0,543.09
1790577035.110,0.00,0.000,0.000,0,0,0.1,543.09
1790577035.360,0.00,0.000,0.000,0,0,0.0,543.09
1790577035.610,0.00,0.000,0.000,0,0,0.0,543.09
1790577035.860,0.00,0.000,0.000,0,0,0.0,543.09
1790577036.110,0.00,0.000,0.000,0,0,0.0,543.09
1790577036.360,0.00,0.000,0.000,0,0,0.0,543.09
1790577036.610,0.00,0.000,0.000,0,0,0.0,543.09
1790577036.860,0.00,0.000,0.000,0,0,0.0,543.09
1790577037.110,0.00,0.000,0.000,0,0,0.0,543.09
1790577037.360,0.00,0.000,0.000,0,0,0.0,543.09
1790577037.610,0.00,0.000,0.000,0,0,0.1,543.09
1790577037.860,0.00,0.000,0.000,0,0,0.0,543.09
1790577038.110,0.00,0.000,0.000,0,0,0.1,543.09
1790577038.360,0.00,0.000,0.000,0,0,0.0,543.09
1790577038.610,0.00,0.000,0.000,0,0,0.0,543.09
1790577038.860,0.00,0.000,0.000,0,0,0.1,543.09
1790577039.110,0.00,0.000,0.000,0,0,0.0,543.09
1790577039.360,0.00,0.000,0.000,0,0,0.1,543.09
1790577039.610,0.00,0.000,0.000,0,0,0.0,543.09
1790577039.860,0.00,0.000,0.000,0,0,0.0,543.09
1790577040.110,0.00,0.000,0.000,0,0,0.1,543.09
1790577040.360,0.00,0.000,0.000,0,0,0.1,543.09
1790577040.610,0.00,0.000,0.000,0,0,0.0,543.09
1790577040.860,0.00,0.000,0.000,0,0,0.1,543.09
1790577041.110,0.00,0.000,0.000,0,0,0.0,543.09
1790577041.360,0.00,0.000,0.000,0,0,0.1,543.09
1790577041.610,0.00,0.000,0.000,0,0,0.0,543.09
1790577041.860,0.00,0.000,0.000,0,0,0.0,543.09
1790577042.110,0.00,0.000,0.000,0,0,0.0,543.09
1790577042.360,0.00,0.000,0.000,0,0,0.0,543.09
1790577042.610,0.00,0.000,0.000,0,0,0.1,543.09
1790577042.860,0.00,0.000,0.000,0,0,0.0,543.09
1790577043.110,0.00,0.000,0.000,0,0,0.0,543.09
1790577043.360,0.00,0.000,0.000,0,0,0.0,543.09
1790577043.610,0.00,0.000,0.000,0,0,0.0,543.09
1790577043.860,0.00,0.000,0.000,0,0,0.0,543.09
1790577044.110,0.00,0.000,0.000,0,0,0.1,543.09
1790577044.360,0.00,0.000,0.000,0,0,0.0,543.09
1790577044.610,0.00,0.000,0.000,0,0,0.1,543.09
1790577044.860,0.00,0.000,0.000,0,0,0.0,543.09
1790577045.110,0.00,0.000,0.000,0,0,0.0,543.09
1790577045.360,0.00,0.000,0.000,0,0,0.0,543.09
1790577045.610,0.00,0.000,0.000,0,0,0.0,543.09
1790577045.860,0.00,0.000,0.000,0,0,0.0,543.09
1790577046.110,0.00,0.000,0.000,0,0,0.0,543.09
1790577046.360,0.00,0.000,0.000,0,0,0.0,543.09
1790577046.610,0.00,0.000,0.000,0,0,0.0,543.09
1790577046.860,0.00,0.000,0.000,0,0,0.0,543.09
1790577047.110,0.00,0.000,0.000,0,0,0.0,543.09
1790577047.360,0.00,0.000,0.000,0,0,0.0,543.09
1790577047.610,0.00,0.000,0.000,0,0,0.0,543.09
1790577047.860,0.00,0.000,0.000,0,0,0.4,543.09
1790577048.110,0.00,0.000,0.000,0,0,1.1,543.09
1790577048.360,0.00,0.000,0.000,0,0,0.3,543.09
1790577048.610,0.00,0.000,0.000,0,0,0.0,543.09
1790577048.860,0.00,0.000,0.000,0,0,0.0,543.09
1790577049.110,0.00,0.000,0.000,0,0,0.0,543.09
1790577049.360,0.00,0.000,0.000,0,0,0.0,543.09
1790577049.610,0.00,0.000,0.000,0,0,0.1,543.09
1790577049.860,0.00,0.000,0.000,0,0,0.1,543.09
1790577050.110,0.00,0.000,0.000,0,0,0.1,543.09
1790577050.360,0.00,0.000,0.000,0,0,0.1,543.09
1790577050.610,0.00,0.000,0.000,0,0,0.1,543.09
1790577050.860,0.00,0.000,0.000,0,0,0.0,543.09
1790577051.110,0.00,0.000,0.000,0,0,0.0,543.09
1790577051.360,0.00,0.000,0.000,0,0,0.1,543.09
1790577051.610,0.00,0.000,0.000,0,0,0.0,543.09
1790577051.860,0.00,0.000,0.000,0,0,0.0,543.09
1790577052.110,0.00,0.000,0.000,0,0,0.1,543.09
1790577052.360,0.00,0.000,0.000,0,0,0.0,543.09
1790577052.610,0.00,0.000,0.000,0,0,0.0,543.09
1790577052.860,0.00,0.000,0.000,0,0,0.1,543.09
1790577053.110,0.00,0.000,0.000,0,0,0.0,543.09
1790577053.360,0.00,0.000,0.000,0,0,0.0,543.09
1790577053.610,0.00,0.000,0.000,0,0,0.0,543.09
1790577053.860,0.00,0.000,0.000,0,0,0.0,543.09
1790577054.110,0.00,0.000,0.000,0,0,0.0,543.09
1790577054.360,0.00,0.000,0.000,0,0,0.0,543.09
1790577054.610,0.00,0.000,0.000,0,0,0.0,543.09
1790577054.860,0.00,0.000,0.000,0,0,0.0,543.09
1790577055.110,0.00,0.000,0.000,0,0,0.0,543.09
1790577055.360,0.00,0.000,0.000,0,0,0.0,543.09
1790577055.610,0.00,0.000,0.000,0,0,0.0,543.09
1790577055.860,0.00,0.000,0.000,0,0,0.0,543.09
1790577056.110,0.00,0.000,0.000,0,0,0.0,543.09
1790577056.360,0.00,0.000,0.000,0,0,0.0,543.09
1790577056.610,0.00,0.000,0.000,0,0,0.0,543.09
1790577056.860,0.00,0.000,0.000,0,0,0.0,543.09
1790577057.110,0.00,0.000,0.000,0,0,0.0,543.09
1790577057.360,0.00,0.000,0.000,0,0,0.0,543.09
1790577057.610,0.00,0.000,0.000,0,0,0.2,543.09
1790577057.860,0.00,0.000,0.000,0,0,0.1,543.09
1790577058.110,0.00,0.000,0.000,0,0,0.1,543.09
1790577058.360,0.00,0.000,0.000,0,0,0.0,543.09
1790577058.610,0.00,0.000,0.000,0,0,0.0,543.09
1790577058.860,0.00,0.000,0.000,0,0,0.0,543.09
1790577059.110,0.00,0.000,0.000,0,0,0.2,543.09
1790577059.360,0.00,0.000,0.000,0,0,0.0,543.09
1790577059.610,0.00,0.000,0.000,0,0,0.0,543.09
1790577059.860,0.00,0.000,0.000,0,0,0.0,543.09
1790577060.110,0.00,0.000,0.000,0,0,0.0,543.09
1790577060.360,0.00,0.000,0.000,0,0,0.1,543.09
1790577060.610,0.00,0.000,0.000,0,0,0.1,543.09
1790577060.860,0.00,0.000,0.000,0,0,0.9,543.09
1790577061.110,0.00,0.000,0.000,0,0,0.1,543.09
1790577061.360,0.00,0.000,0.000,0,0,0.0,543.09
1790577061.610,0.00,0.000,0.000,0,0,0.0,543.09
1790577061.860,0.00,0.000,0.000,0,0,0.0,543.09
1790577062.110,0.00,0.000,0.000,0,0,0.0,543.09
1790577062.360,0.00,0.000,0.000,0,0,0.0,543.09
1790577062.610,0.00,0.000,0.000,0,0,0.0,543.09
1790577062.860,0.00,0.000,0.000,0,0,0.0,543.09
1790577063.110,0.00,0.000,0.000,0,0,0.0,543.09
1790577063.360,0.00,0.000,0.000,0,0,0.0,543.09
1790577063.610,0.00,0.000,0.000,0,0,0.0,543.09
1790577063.860,0.00,0.000,0.000,0,0,0.0,543.09
1790577064.110,0.00,0.000,0.000,0,0,0.0,543.09
1790577064.360,0.00,0.000,0.000,0,0,0.0,543.09
1790577064.610,0.00,0.000,0.000,0,0,0.0,543.09
1790577064.860,0.00,0.000,0.000,0,0,0.1,543.09
1790577065.110,0.00,0.000,0.000,0,0,0.0,543.09
1790577065.360,0.00,0.000,0.000,0,0,0.0,543.09
1790577065.610,0.00,0.000,0.000,0,0,0.0,543.09
1790577065.860,0.00,0.000,0.000,0,0,0.1,543.09
1790577066.110,0.00,0.000,0.000,0,0,0.0,543.09
1790577066.360,0.00,0.000,0.000,0,0,0.0,543.09
1790577066.610,0.00,0.000,0.000,0,0,0.0,543.09
1790577066.860,0.00,0.000,0.000,0,0,0.1,543.09
1790577067.110,0.00,0.000,0.000,0,0,0.0,543.09
1790577067.360,0.00,0.000,0.000,0,0,0.0,543.09
1790577067.610,0.00,0.000,0.000,0,0,0.0,543.09
1790577067.860,0.00,0.000,0.000,0,0,0.0,543.09
1790577068.110,0.00,0.000,0.000,0,0,0.1,543.09
1790577068.360,0.00,0.000,0.000,0,0,0.1,543.09
1790577068.610,0.00,0.000,0.000,0,0,0.1,543.09
1790577068.860,0.00,0.000,0.000,0,0,0.0,543.09
1790577069.110,0.00,0.000,0.000,0,0,0.0,543.09
1790577069.360,0.00,0.000,0.000,0,0,0.0,543.09
1790577069.610,0.00,0.000,0.000,0,0,0.0,543.09
1790577069.860,0.00,0.000,0.000,0,0,0.0,543.09
1790577070.110,0.00,0.000,0.000,0,0,0.1,543.09
1790577070.360,0.00,0.000,0.000,0,0,0.0,543.09
1790577070.610,0.00,0.000,0.000,0,0,0.0,543.09
1790577070.860,0.00,0.000,0.000,0,0,0.0,543.09
1790577071.110,0.00,0.000,0.000,0,0,0.0,543.09
1790577071.360,0.00,0.000,0.000,0,0,0.0,543.09
1790577071.610,0.00,0.000,0.000,0,0,0.1,543.09
1790577071.860,0.00,0.000,0.000,0,0,0.1,543.09
1790577072.110,0.00,0.000,0.000,0,0,0.0,543.09
1790577072.360,0.00,0.000,0.000,0,0,0.1,543.09
1790577072.610,0.00,0.000,0.000,0,0,0.0,543.09
1790577072.860,0.00,0.000,0.000,0,0,0.0,543.09
1790577073.110,0.00,0.000,0.000,0,0,0.1,543.09
1790577073.360,0.00,0.000,0.000,0,0,0.0,543.09
1790577073.610,0.00,0.000,0.000,0,0,0.0,543.09
1790577073.860,0.00,0.000,0.000,0,0,0.1,543.09
1790577074.110,0.00,0.000,0.000,0,0,0.1,543.09
1790577074.360,0.00,0.000,0.000,0,0,0.0,543.09
1790577074.610,0.00,0.000,0.000,0,0,0.0,543.09
1790577074.860,0.00,0.000,0.000,0,0,0.1,543.09
1790577075.110,0.00,0.000,0.000,0,0,0.0,543.09
1790577075.360,0.00,0.000,0.000,0,0,0.0,543.09
1790577075.610,0.00,0.000,0.000,0,0,0.0,543.09
1790577075.860,0.00,0.000,0.000,0,0,0.0,543.09
1790577076.110,0.00,0.000,0.000,0,0,0.0,543.09
1790577076.360,0.00,0.000,0.000,0,0,0.0,543.09
1790577076.610,0.00,0.000,0.000,0,0,0.0,543.09
1790577076.860,0.00,0.000,0.000,0,0,0.0,543.09
1790577077.110,0.00,0.000,0.000,0,0,0.0,543.09
1790577077.360,0.00,0.000,0.000,0,0,0.0,543.09
1790577077.610,0.00,0.000,0.000,0,0,0.0,543.09
1790577077.860,0.00,0.000,0.000,0,0,0.0,543.09
1790577078.110,0.00,0.000,0.000,0,0,0.2,543.09
1790577078.360,0.00,0.000,0.000,0,0,0.0,543.09
1790577078.610,0.00,0.000,0.000,0,0,0.0,543.09
1790577078.860,0.00,0.000,0.000,0,0,0.0,543.09
1790577079.110,0.00,0.000,0.000,0,0,0.0,543.09
1790577079.360,0.00,0.000,0.000,0,0,0.0,543.09
1790577079.610,0.00,0.000,0.000,0,0,0.0,543.09
1790577079.860,0.00,0.000,0.000,0,0,0.0,543.09
1790577080.110,0.00,0.000,0.000,0,0,0.1,543.09
1790577080.360,0.00,0.000,0.000,0,0,0.2,543.09
1790577080.610,0.00,0.000,0.000,0,0,0.1,543.09
1790577080.860,0.00,0.000,0.000,0,0,0.0,543.09
1790577081.110,0.00,0.000,0.000,0,0,0.0,543.09
1790577081.360,0.00,0.000,0.000,0,0,0.0,543.09
1790577081.610,0.00,0.000,0.000,0,0,0.0,543.09
1790577081.860,0.00,0.000,0.000,0,0,0.0,543.09
1790577082.110,0.00,0.000,0.000,0,0,0.0,543.09
1790577082.360,0.00,0.000,0.000,0,0,0.0,543.09
1790577082.610,0.00,0.000,0.000,0,0,0.0,543.09
1790577082.860,0.00,0.000,0.000,0,0,0.0,543.09
1790577083.110,0.00,0.000,0.000,0,0,0.0,543.09
1790577083.360,0.00,0.000,0.000,0,0,0.0,543.09
1790577083.610,0.00,0.000,0.000,0,0,0.0,543.09
1790577083.860,0.00,0.000,0.000,0,0,0.0,543.09
1790577084.110,0.00,0.000,0.000,0,0,0.0,543.09
1790577084.360,0.00,0.000,0.000,0,0,0.0,543.09
1790577084.610,0.00,0.000,0.000,0,0,0.0,543.09
1790577084.860,0.00,0.000,0.000,0,0,0.0,543.09
1790577085.110,0.00,0.000,0.000,0,0,0.0,543.09
1790577085.360,0.00,0.000,0.000,0,0,0.0,543.09
1790577085.610,0.00,0.000,0.000,0,0,0.0,543.09
1790577085.860,0.00,0.000,0.000,0,0,0.0,543.09
1790577086.110,0.00,0.000,0.000,0,0,0.1,543.09
1790577086.360,0.00,0.000,0.000,0,0,0.0,543.09
1790577086.610,0.00,0.000,0.000,0,0,0.0,543.09
1790577086.860,0.00,0.000,0.000,0,0,0.1,543.09
1790577087.110,0.00,0.000,0.000,0,0,17.3,543.09
1790577087.360,0.00,0.000,0.000,0,0,0.1,543.09
1790577087.610,0.00,0.000,0.000,0,0,0.1,543.09
1790577087.860,0.00,0.000,0.000,0,0,0.1,543.09
1790577088.110,0.00,0.000,0.000,0,0,0.3,543.09
1790577088.360,0.00,0.000,0.000,0,0,0.0,543.09
1790577088.610,0.00,0.000,0.000,0,0,0.0,543.09
1790577088.860,0.00,0.000,0.000,0,0,0.0,543.09
1790577089.110,0.00,0.000,0.000,0,0,0.0,543.09
1790577089.360,0.00,0.000,0.000,0,0,0.2,543.09
1790577089.610,0.00,0.000,0.000,0,0,0.0,543.09
1790577089.860,0.00,0.000,0.000,0,0,0.3,543.09
1790577090.110,0.00,0.000,0.000,0,0,0.2,543.09
1790577090.360,0.00,0.000,0.000,0,0,0.0,543.09
1790577090.610,0.00,0.000,0.000,0,0,0.1,543.09
1790577090.860,0.00,0.000,0.000,0,0,0.1,543.09
1790577091.110,0.00,0.000,0.000,0,0,0.0,543.09
1790577091.360,0.00,0.000,0.000,0,0,0.0,543.09
1790577091.610,0.00,0.000,0.000,0,0,0.0,543.09
1790577091.860,0.00,0.000,0.000,0,0,0.0,543.09
1790577092.110,0.00,0.000,0.000,0,0,0.0,543.10
1790577092.360,0.00,0.000,0.000,0,0,0.2,543.10
1790577092.610,0.00,0.000,0.000,0,0,0.1,543.10
1790577092.860,0.00,0.000,0.000,0,0,0.0,543.10
1790577093.110,0.00,0.000,0.000,0,0,0.0,543.10
1790577093.360,0.00,0.000,0.000,0,0,0.1,543.10
1790577093.610,0.00,0.000,0.000,0,0,0.0,543.10
1790577093.860,0.00,0.000,0.000,0,0,0.0,543.10
1790577094.110,0.00,0.000,0.000,0,0,0.0,543.10
1790577094.360,0.00,0.000,0.000,0,0,0.0,543.10
1790577094.610,0.00,0.000,0.000,0,0,0.0,543.10
1790577094.860,0.00,0.000,0.000,0,0,0.0,543.10
1790577095.110,0.00,0.000,0.000,0,0,0.1,543.10
1790577095.360,0.00,0.000,0.000,0,0,0.0,543.10
1790577095.610,0.00,0.000,0.000,0,0,0.0,543.10
1790577095.860,0.00,0.000,0.000,0,0,0.0,543.10
1790577096.110,0.00,0.000,0.000,0,0,0.1,543.10
1790577096.360,0.00,0.000,0.000,0,0,0.1,543.10
1790577096.610,0.00,0.000,0.000,0,0,0.1,543.10
1790577096.860,0.00,0.000,0.000,0,0,0.0,543.10
1790577097.110,0.00,0.000,0.000,0,0,0.1,543.10
1790577097.360,0.00,0.000,0.000,0,0,0.0,543.10
1790577097.610,0.00,0.000,0.000,0,0,0.0,543.10
1790577097.860,0.00,0.000,0.000,0,0,0.0,543.10
1790577098.110,0.00,0.000,0.000,0,0,0.2,543.10
1790577098.360,0.00,0.000,0.000,0,0,0.5,543.10
1790577098.610,0.00,0.000,0.000,0,0,3.1,543.12
1790577098.860,0.00,0.000,0.000,0,0,2.6,543.10
1790577099.110,0.00,0.000,0.000,0,0,0.0,543.10
1790577099.360,0.00,0.000,0.000,0,0,0.1,543.10
1790577099.610,0.00,0.000,0.000,0,0,0.1,543.10
1790577099.860,0.00,0.000,0.000,0,0,0.0,543.10
1790577100.110,0.00,0.000,0.000,0,0,0.0,543.10
1790577100.360,0.00,0.000,0.000,0,0,0.2,543.10
1790577100.610,0.00,0.000,0.000,0,0,0.2,543.10
1790577100.860,0.00,0.000,0.000,0,0,0.0,543.10
1790577101.110,0.00,0.000,0.000,0,0,0.0,543.10
1790577101.360,0.00,0.000,0.000,0,0,0.0,543.10
1790577101.610,0.00,0.000,0.000,0,0,0.0,543.10
1790577101.860,0.00,0.000,0.000,0,0,0.0,543.10
1790577102.110,0.00,0.000,0.000,0,0,0.0,543.10
1790577102.360,0.00,0.000,0.000,0,0,0.1,543.10
1790577102.610,0.00,0.000,0.000,0,0,0.0,543.10
1790577102.860,0.00,0.000,0.000,0,0,0.1,543.10
1790577103.110,0.00,0.000,0.000,0,0,0.0,543.10
1790577103.360,0.00,0.000,0.000,0,0,0.1,543.10
1790577103.610,0.00,0.000,0.000,0,0,0.0,543.10
1790577103.860,0.00,0.000,0.000,0,0,0.1,543.10
1790577104.110,0.00,0.000,0.000,0,0,0.0,543.10
1790577104.360,0.00,0.000,0.000,0,0,0.0,543.10
1790577104.610,0.00,0.000,0.000,0,0,0.0,543.10
1790577104.860,0.00,0.000,0.000,0,0,0.0,543.10
1790577105.110,0.00,0.000,0.000,0,0,0.0,543.10
1790577105.360,0.00,0.000,0.000,0,0,0.2,543.10
1790577105.610,0.00,0.000,0.000,0,0,0.0,543.10
1790577105.860,0.00,0.000,0.000,0,0,0.0,543.10
1790577106.110,0.00,0.000,0.000,0,0,0.0,543.10
1790577106.360,0.00,0.000,0.000,0,0,0.0,543.10
1790577106.610,0.00,0.000,0.000,0,0,0.0,543.11
1790577106.860,0.00,0.000,0.000,0,0,0.0,543.11
1790577107.110,0.00,0.000,0.000,0,0,0.1,543.11
1790577107.360,0.00,0.000,0.000,0,0,0.0,543.11
1790577107.610,0.00,0.000,0.000,0,0,0.0,543.11
1790577107.860,0.00,0.000,0.000,0,0,0.0,543.11
1790577108.110,0.00,0.000,0.000,0,0,0.4,543.11
1790577108.360,0.00,0.000,0.000,0,0,0.0,543.11
1790577108.610,0.00,0.000,0.000,0,0,0.0,543.11
1790577108.860,0.00,0.000,0.000,0,0,0.3,543.11
1790577109.110,0.00,0.000,0.000,0,0,0.1,543.11
1790577109.360,0.00,0.000,0.000,0,0,0.0,543.10
1790577109.610,0.00,0.000,0.000,0,0,0.1,543.10
1790577109.860,0.00,0.000,0.000,0,0,0.0,543.10
1790577110.110,0.00,0.000,0.000,0,0,0.1,543.10
1790577110.360,0.00,0.000,0.000,0,0,0.4,543.10
1790577110.610,0.00,0.000,0.000,0,0,0.1,543.10
1790577110.860,0.00,0.000,0.000,0,0,0.0,543.10
1790577111.110,0.00,0.000,0.000,0,0,0.1,543.10
1790577111.360,0.00,0.000,0.000,0,0,0.1,543.10
1790577111.610,0.00,0.000,0.000,0,0,0.1,543.10
1790577111.860,0.00,0.000,0.000,0,0,0.1,543.10
1790577112.110,0.00,0.000,0.000,0,0,0.0,543.10
1790577112.360,0.00,0.000,0.000,0,0,0.1,543.10
1790577112.610,0.00,0.000,0.000,0,0,0.3,543.10
1790577112.860,0.00,0.000,0.000,0,0,0.0,543.10
1790577113.110,0.00,0.000,0.000,0,0,0.0,543.10
1790577113.360,0.00,0.000,0.000,0,0,0.0,543.10
1790577113.610,0.00,0.000,0.000,0,0,0.0,543.10
1790577113.860,0.00,0.000,0.000,0,0,0.0,543.10
1790577114.110,0.00,0.000,0.000,0,0,0.0,543.10
1790577114.360,0.00,0.000,0.000,0,0,0.0,543.10
1790577114.610,0.00,0.000,0.000,0,0,0.1,543.10
1790577114.860,0.00,0.000,0.000,0,0,0.4,543.10
1790577115.110,0.00,0.000,0.000,0,0,0.1,543.10
1790577115.360,0.00,0.000,0.000,0,0,0.1,543.10
1790577115.610,0.00,0.000,0.000,0,0,0.0,543.10
1790577115.860,0.00,0.000,0.000,0,0,0.2,543.10
1790577116.110,0.00,0.000,0.000,0,0,0.1,543.10
1790577116.360,0.00,0.000,0.000,0,0,0.0,543.10
1790577116.610,0.00,0.000,0.000,0,0,0.0,543.10
1790577116.860,0.00,0.000,0.000,0,0,0.0,543.10
1790577117.110,0.00,0.000,0.000,0,0,0.0,543.10
1790577117.360,0.00,0.000,0.000,0,0,0.0,543.10
1790577117.610,0.00,0.000,0.000,0,0,0.1,543.10
1790577117.860,0.00,0.000,0.000,0,0,0.0,543.10
1790577118.110,0.00,0.000,0.000,0,0,0.0,543.10
1790577118.360,0.00,0.000,0.000,0,0,0.1,543.10
1790577118.610,0.00,0.000,0.000,0,0,0.3,543.10
1790577118.860,0.00,0.000,0.000,0,0,0.0,543.10
1790577119.110,0.00,0.000,0.000,0,0,0.1,543.10
1790577119.360,0.00,0.000,0.000,0,0,0.0,543.10
1790577119.610,0.00,0.000,0.000,0,0,0.1,543.10
1790577119.860,0.00,0.000,0.000,0,0,0.1,543.10
1790577120.110,0.00,0.000,0.000,0,0,0.0,543.10
1790577120.360,0.00,0.000,0.000,0,0,0.0,543.10
1790577120.610,0.00,0.000,0.000,0,0,0.1,543.10
1790577120.860,0.00,0.000,0.000,0,0,0.1,543.10
1790577121.110,0.00,0.000,0.000,0,0,0.0,543.10
1790577121.360,0.00,0.000,0.000,0,0,0.0,543.10
1790577121.610,0.00,0.000,0.000,0,0,0.0,543.10
1790577121.860,0.00,0.000,0.000,0,0,0.0,543.10
1790577122.110,0.00,0.000,0.000,0,0,0.0,543.10
1790577122.360,0.00,0.000,0.000,0,0,0.0,543.10
1790577122.610,0.00,0.000,0.000,0,0,0.0,543.10
1790577122.860,0.00,0.000,0.000,0,0,0.0,543.10
1790577123.110,0.00,0.000,0.000,0,0,0.0,543.10
1790577123.360,0.00,0.000,0.000,0,0,0.0,543.10
1790577123.610,0.00,0.000,0.000,0,0,0.0,543.10
1790577123.860,0.00,0.000,0.000,0,0,0.0,543.10
1790577124.110,0.00,0.000,0.000,0,0,0.0,543.10
1790577124.360,0.00,0.000,0.000,0,0,0.0,543.10
1790577124.610,0.00,0.000,0.000,0,0,0.1,543.10
1790577124.860,0.00,0.000,0.000,0,0,0.0,543.10
1790577125.110,0.00,0.000,0.000,0,0,0.0,543.10
1790577125.360,0.00,0.000,0.000,0,0,0.0,543.10
1790577125.610,0.00,0.000,0.000,0,0,0.0,543.10
1790577125.860,0.00,0.000,0.000,0,0,0.0,543.10
1790577126.110,0.00,0.000,0.000,0,0,0.1,543.10
1790577126.360,0.00,0.000,0.000,0,0,0.1,543.10
1790577126.610,0.00,0.000,0.000,0,0,0.7,543.10
1790577126.860,0.00,0.000,0.000,0,0,0.0,543.10
1790577127.110,0.00,0.000,0.000,0,0,0.0,543.10
1790577127.360,0.00,0.000,0.000,0,0,0.0,543.10
1790577127.610,0.00,0.000,0.000,0,0,0.0,543.10
1790577127.860,0.00,0.000,0.000,0,0,0.1,543.10
1790577128.110,0.00,0.000,0.000,0,0,0.0,543.10
1790577128.360,0.00,0.000,0.000,0,0,0.2,543.10
1790577128.610,0.00,0.000,0.000,0,0,0.0,543.10
1790577128.860,0.00,0.000,0.000,0,0,0.2,543.10
1790577129.110,0.00,0.000,0.000,0,0,0.1,543.10
1790577129.360,0.00,0.000,0.000,0,0,0.0,543.10
1790577129.610,0.00,0.000,0.000,0,0,0.0,543.10
1790577129.860,0.00,0.000,0.000,0,0,0.0,543.10
1790577130.110,0.00,0.000,0.000,0,0,0.0,543.10
1790577130.360,0.00,0.000,0.000,0,0,0.0,543.10
1790577130.610,0.00,0.000,0.000,0,0,0.1,543.10
1790577130.860,0.00,0.000,0.000,0,0,0.0,543.10
1790577131.110,0.00,0.000,0.000,0,0,0.1,543.10
1790577131.360,0.00,0.000,0.000,0,0,0.0,543.10
1790577131.610,0.00,0.000,0.000,0,0,0.0,543.10
1790577131.860,0.00,0.000,0.000,0,0,0.1,543.10
1790577132.110,0.00,0.000,0.000,0,0,0.4,543.10
1790577132.360,0.00,0.000,0.000,0,0,0.2,543.10
1790577132.610,0.00,0.000,0.000,0,0,0.1,543.10
1790577132.860,0.00,0.000,0.000,0,0,0.1,543.10
1790577133.110,0.00,0.000,0.000,0,0,0.0,543.10
1790577133.360,0.00,0.000,0.000,0,0,0.1,543.10
1790577133.610,0.00,0.000,0.000,0,0,0.1,543.10
1790577133.860,0.00,0.000,0.000,0,0,0.1,543.10
1790577134.110,0.00,0.000,0.000,0,0,0.1,543.10
1790577134.360,0.00,0.000,0.000,0,0,0.1,543.10
1790577134.610,0.00,0.000,0.000,0,0,24.6,543.08
1790577134.860,0.00,0.000,0.000,0,0,0.0,543.08
1790577135.110,0.00,0.000,0.000,0,0,0.0,543.08
1790577135.360,0.00,0.000,0.000,0,0,0.1,543.08
1790577135.610,0.00,0.000,0.000,0,0,0.0,543.08
1790577135.860,0.00,0.000,0.000,0,0,0.1,543.08
1790577136.110,0.00,0.000,0.000,0,0,0.1,543.08
1790577136.360,0.00,0.000,0.000,0,0,0.1,543.08
1790577136.610,0.00,0.000,0.000,0,0,0.0,543.08
1790577136.860,0.00,0.000,0.000,0,0,0.0,543.08
1790577137.110,0.00,0.000,0.000,0,0,0.0,543.08
1790577137.360,0.00,0.000,0.000,0,0,0.1,543.08
1790577137.610,0.00,0.000,0.000,0,0,0.0,543.08
1790577137.860,0.00,0.000,0.000,0,0,0.1,543.08
1790577138.110,0.00,0.000,0.000,0,0,0.2,543.08
1790577138.360,0.00,0.000,0.000,0,0,0.0,543.08
1790577138.610,0.00,0.000,0.000,0,0,0.1,543.08
1790577138.860,0.00,0.000,0.000,0,0,0.1,543.08
1790577139.110,0.00,0.000,0.000,0,0,0.0,543.08
1790577139.360,0.00,0.000,0.000,0,0,0.1,543.08
1790577139.610,0.00,0.000,0.000,0,0,0.0,543.08
1790577139.860,0.00,0.000,0.000,0,0,0.0,543.08
1790577140.110,0.00,0.000,0.000,0,0,0.0,543.08
1790577140.360,0.00,0.000,0.000,0,0,0.0,543.08
1790577140.610,0.00,0.000,0.000,0,0,0.0,543.08
1790577140.860,0.00,0.000,0.000,0,0,0.1,543.08
1790577141.110,0.00,0.000,0.000,0,0,0.1,543.08
1790577141.360,0.00,0.000,0.000,0,0,0.1,543.08
1790577141.610,0.00,0.000,0.000,0,0,0.1,543.08
1790577141.860,0.00,0.000,0.000,0,0,0.1,543.08
1790577142.110,0.00,0.000,0.000,0,0,0.0,543.08
1790577142.360,0.00,0.000,0.000,0,0,0.1,543.08
1790577142.610,0.00,0.000,0.000,0,0,0.0,543.08
1790577142.860,0.00,0.000,0.000,0,0,0.2,543.08
1790577143.110,0.00,0.000,0.000,0,0,0.0,543.08
1790577143.360,0.00,0.000,0.000,0,0,0.3,543.08
1790577143.610,0.00,0.000,0.000,0,0,0.0,543.08
1790577143.860,0.00,0.000,0.000,0,0,0.1,543.08
1790577144.110,0.00,0.000,0.000,0,0,0.1,543.08
1790577144.360,0.00,0.000,0.000,0,0,0.1,543.08
1790577144.610,0.00,0.000,0.000,0,0,0.1,543.08
1790577144.860,0.00,0.000,0.000,0,0,0.1,543.08
1790577145.110,0.00,0.000,0.000,0,0,0.1,543.08
1790577145.360,0.00,0.000,0.000,0,0,0.3,543.08
1790577145.610,0.00,0.000,0.000,0,0,0.0,543.08
1790577145.860,0.00,0.000,0.000,0,0,0.0,543.08
1790577146.110,0.00,0.000,0.000,0,0,0.5,543.08
1790577146.360,0.00,0.000,0.000,0,0,0.1,543.08
1790577146.610,0.00,0.000,0.000,0,0,0.0,543.08
1790577146.860,0.00,0.000,0.000,0,0,0.1,543.08
1790577147.110,0.00,0.000,0.000,0,0,0.1,543.08
1790577147.360,0.00,0.000,0.000,0,0,0.0,543.08
1790577147.610,0.00,0.000,0.000,0,0,0.1,543.08
1790577147.860,0.00,0.000,0.000,0,0,0.0,543.08
1790577148.110,0.00,0.000,0.000,0,0,0.0,543.08
1790577148.360,0.00,0.000,0.000,0,0,0.1,543.08
1790577148.610,0.00,0.000,0.000,0,0,0.1,543.08
1790577148.860,0.00,0.000,0.000,0,0,0.1,543.08
1790577149.110,0.00,0.000,0.000,0,0,0.0,543.08
1790577149.360,0.00,0.000,0.000,0,0,0.0,543.08
1790577149.610,0.00,0.000,0.000,0,0,0.0,543.08
1790577149.860,0.00,0.000,0.000,0,0,0.0,543.08
1790577150.110,0.00,0.000,0.000,0,0,0.1,543.08
1790577150.360,0.00,0.000,0.000,0,0,0.1,543.08
1790577150.610,0.00,0.000,0.000,0,0,0.1,543.08
1790577150.860,0.00,0.000,0.000,0,0,0.2,543.08
1790577151.110,0.00,0.000,0.000,0,0,0.1,543.08
1790577151.360,0.00,0.000,0.000,0,0,0.0,543.08
1790577151.610,0.00,0.000,0.000,0,0,0.0,543.08
1790577151.860,0.00,0.000,0.000,0,0,0.0,543.08
1790577152.110,0.00,0.000,0.000,0,0,0.0,543.08
1790577152.360,0.00,0.000,0.000,0,0,0.1,543.08
1790577152.610,0.00,0.000,0.000,0,0,0.0,543.08
1790577152.860,0.00,0.000,0.000,0,0,0.0,543.08
1790577153.110,0.00,0.000,0.000,0,0,0.1,543.08
1790577153.360,0.00,0.000,0.000,0,0,0.0,543.07
1790577153.610,0.00,0.000,0.000,0,0,0.0,543.07
1790577153.860,0.00,0.000,0.000,0,0,0.0,543.07
1790577154.110,0.00,0.000,0.000,0,0,0.2,543.07
1790577154.360,0.00,0.000,0.000,0,0,0.1,543.08
1790577154.610,0.00,0.000,0.000,0,0,0.0,543.08
1790577154.860,0.00,0.000,0.000,0,0,0.1,543.08
1790577155.110,0.00,0.000,0.000,0,0,0.0,543.08
1790577155.360,0.00,0.000,0.000,0,0,0.1,543.08
1790577155.610,0.00,0.000,0.000,0,0,0.2,543.08
1790577155.860,0.00,0.000,0.000,0,0,0.1,543.08
1790577156.110,0.00,0.000,0.000,0,0,0.1,543.08
1790577156.360,0.00,0.000,0.000,0,0,0.0,543.08
1790577156.610,0.00,0.000,0.000,0,0,0.1,543.08
1790577156.860,0.00,0.000,0.000,0,0,0.0,543.08
1790577157.110,0.00,0.000,0.000,0,0,0.3,543.08
1790577157.360,0.00,0.000,0.000,0,0,0.1,543.08
1790577157.610,0.00,0.000,0.000,0,0,0.0,543.08
1790577157.860,0.00,0.000,0.000,0,0,0.1,543.08
1790577158.110,0.00,0.000,0.000,0,0,0.0,543.08
1790577158.360,0.00,0.000,0.000,0,0,0.1,543.08
1790577158.610,0.00,0.000,0.000,0,0,0.0,543.08
1790577158.860,0.00,0.000,0.000,0,0,0.0,543.08
1790577159.110,0.00,0.000,0.000,0,0,0.0,543.08
1790577159.360,0.00,0.000,0.000,0,0,0.0,543.08
1790577159.610,0.00,0.000,0.000,0,0,0.0,543.08
1790577159.860,0.00,0.000,0.000,0,0,0.0,543.08
1790577160.110,0.00,0.000,0.000,0,0,0.0,543.08
1790577160.360,0.00,0.000,0.000,0,0,0.0,543.08
1790577160.610,0.00,0.000,0.000,0,0,0.1,543.08
1790577160.860,0.00,0.000,0.000,0,0,0.0,543.08
1790577161.110,0.00,0.000,0.000,0,0,0.0,543.08
1790577161.360,0.00,0.000,0.000,0,0,0.1,543.08
1790577161.610,0.00,0.000,0.000,0,0,0.0,543.08
1790577161.860,0.00,0.000,0.000,0,0,0.0,543.08
1790577162.110,0.00,0.000,0.000,0,0,0.1,543.08
1790577162.360,0.00,0.000,0.000,0,0,0.0,543.08
1790577162.610,0.00,0.000,0.000,0,0,0.0,543.08
1790577162.860,0.00,0.000,0.000,0,0,0.0,543.08
1790577163.110,0.00,0.000,0.000,0,0,0.1,543.08
1790577163.360,0.00,0.000,0.000,0,0,0.1,543.08
1790577163.610,0.00,0.000,0.000,0,0,0.0,543.08
1790577163.860,0.00,0.000,0.000,0,0,0.0,543.08
1790577164.110,0.00,0.000,0.000,0,0,0.2,543.08
1790577164.360,0.00,0.000,0.000,0,0,0.0,543.08
1790577164.610,0.00,0.000,0.000,0,0,0.0,543.08
1790577164.860,0.00,0.000,0.000,0,0,0.0,543.08
1790577165.110,0.00,0.000,0.000,0,0,0.0,543.08
1790577165.360,0.00,0.000,0.000,0,0,0.1,543.08
1790577165.610,0.00,0.000,0.000,0,0,0.0,543.08
1790577165.860,0.00,0.000,0.000,0,0,0.0,543.08
1790577166.110,0.00,0.000,0.000,0,0,0.1,543.08
1790577166.360,0.00,0.000,0.000,0,0,0.1,543.08
1790577166.610,0.00,0.000,0.000,0,0,0.1,543.08
1790577166.860,0.00,0.000,0.000,0,0,0.0,543.08
1790577167.110,0.00,0.000,0.000,0,0,0.2,543.08
1790577167.360,0.00,0.000,0.000,0,0,0.0,543.08
1790577167.610,0.00,0.000,0.000,0,0,0.0,543.08
1790577167.860,0.00,0.000,0.000,0,0,0.0,543.08
1790577168.110,0.00,0.000,0.000,0,0,0.0,543.08
1790577168.360,0.00,0.000,0.000,0,0,0.0,543.08
1790577168.610,0.00,0.000,0.000,0,0,0.0,543.08
1790577168.860,0.00,0.000,0.000,0,0,0.1,543.08
1790577169.110,0.00,0.000,0.000,0,0,0.1,543.08
1790577169.360,0.00,0.000,0.000,0,0,0.0,543.08
1790577169.610,0.00,0.000,0.000,0,0,0.0,543.08
1790577169.860,0.00,0.000,0.000,0,0,0.0,543.08
1790577170.110,0.00,0.000,0.000,0,0,0.1,543.08
1790577170.360,0.00,0.000,0.000,0,0,0.0,543.08
1790577170.610,0.00,0.000,0.000,0,0,0.1,543.08
1790577170.860,0.00,0.000,0.000,0,0,0.0,543.08
1790577171.110,0.00,0.000,0.000,0,0,0.0,543.08
1790577171.360,0.00,0.000,0.000,0,0,0.0,543.08
1790577171.610,0.00,0.000,0.000,0,0,0.0,543.08
1790577171.860,0.00,0.000,0.000,0,0,0.0,543.08
1790577172.110,0.00,0.000,0.000,0,0,0.0,543.08
1790577172.360,0.00,0.000,0.000,0,0,0.0,543.08
1790577172.610,0.00,0.000,0.000,0,0,0.0,543.08
1790577172.860,0.00,0.000,0.000,0,0,0.0,543.08
1790577173.110,0.00,0.000,0.000,0,0,0.0,543.08
1790577173.360,0.00,0.000,0.000,0,0,0.0,543.08
1790577173.610,0.00,0.000,0.000,0,0,0.1,543.08
1790577173.860,0.00,0.000,0.000,0,0,0.0,543.08
1790577174.110,0.00,0.000,0.000,0,0,0.0,543.08
1790577174.360,0.00,0.000,0.000,0,0,0.0,543.08
1790577174.610,0.00,0.000,0.000,0,0,0.0,543.08
1790577174.860,0.00,0.000,0.000,0,0,0.1,543.08
1790577175.110,0.00,0.000,0.000,0,0,0.0,543.08
1790577175.360,0.00,0.000,0.000,0,0,0.0,543.07
1790577175.610,0.00,0.000,0.000,0,0,0.0,543.07
1790577175.860,0.00,0.000,0.000,0,0,0.0,543.07
1790577176.110,0.00,0.000,0.000,0,0,0.8,543.07
1790577176.360,0.00,0.000,0.000,0,0,0.0,543.07
1790577176.610,0.00,0.000,0.000,0,0,0.1,543.07
1790577176.860,0.00,0.000,0.000,0,0,0.0,543.07
1790577177.110,0.00,0.000,0.000,0,0,0.0,543.07
1790577177.360,0.00,0.000,0.000,0,0,0.0,543.07
1790577177.610,0.00,0.000,0.000,0,0,0.4,543.07
1790577177.860,0.00,0.000,0.000,0,0,0.0,543.07
1790577178.110,0.00,0.000,0.000,0,0,0.7,543.07
1790577178.360,0.00,0.000,0.000,0,0,0.0,543.07
1790577178.610,0.00,0.000,0.000,0,0,0.0,543.08
1790577178.860,0.00,0.000,0.000,0,0,0.0,543.08
1790577179.110,0.00,0.000,0.000,0,0,0.0,543.07
1790577179.360,0.00,0.000,0.000,0,0,0.2,543.07
1790577179.610,0.00,0.000,0.000,0,0,0.2,543.07
1790577179.860,0.00,0.000,0.000,0,0,0.1,543.07
1790577180.110,0.00,0.000,0.000,0,0,0.0,543.07
1790577180.360,0.00,0.000,0.000,0,0,0.3,543.07
1790577180.610,0.00,0.000,0.000,0,0,0.1,543.07
1790577180.860,0.00,0.000,0.000,0,0,0.0,543.08
1790577181.110,0.00,0.000,0.000,0,0,0.0,543.08
1790577181.360,0.00,0.000,0.000,0,0,0.0,543.08
1790577181.610,0.00,0.000,0.000,0,0,0.2,543.08
1790577181.860,0.00,0.000,0.000,0,0,0.1,543.08
1790577182.110,0.00,0.000,0.000,0,0,0.1,543.08
1790577182.360,0.00,0.000,0.000,0,0,0.3,543.08
1790577182.610,0.00,0.000,0.000,0,0,0.0,543.08
1790577182.860,0.00,0.000,0.000,0,0,0.1,543.08
1790577183.110,0.00,0.000,0.000,0,0,0.0,543.08
1790577183.360,0.00,0.000,0.000,0,0,0.0,543.07
1790577183.610,0.00,0.000,0.000,0,0,0.0,543.07
1790577183.860,0.00,0.000,0.000,0,0,0.0,543.07
1790577184.110,0.00,0.000,0.000,0,0,0.2,543.07
1790577184.360,0.00,0.000,0.000,0,0,0.0,543.07
1790577184.610,0.00,0.000,0.000,0,0,0.2,543.07
1790577184.860,0.00,0.000,0.000,0,0,0.0,543.07
1790577185.110,0.00,0.000,0.000,0,0,0.1,543.07
1790577185.360,0.00,0.000,0.000,0,0,0.0,543.08
1790577185.610,0.00,0.000,0.000,0,0,0.1,543.08
1790577185.860,0.00,0.000,0.000,0,0,0.1,543.08
1790577186.110,0.00,0.000,0.000,0,0,0.1,543.08
1790577186.360,0.00,0.000,0.000,0,0,0.4,543.08
1790577186.610,0.00,0.000,0.000,0,0,0.0,543.08
1790577186.860,0.00,0.000,0.000,0,0,0.0,543.08
1790577187.110,0.00,0.000,0.000,0,0,0.0,543.08
1790577187.360,0.00,0.000,0.000,0,0,0.0,543.08
1790577187.610,0.00,0.000,0.000,0,0,0.0,543.08
1790577187.860,0.00,0.000,0.000,0,0,0.4,543.08
1790577188.110,0.00,0.000,0.000,0,0,0.1,543.08
1790577188.360,0.00,0.000,0.000,0,0,0.0,543.08
1790577188.610,0.00,0.000,0.000,0,0,0.0,543.08
1790577188.860,0.00,0.000,0.000,0,0,0.1,543.08
1790577189.110,0.00,0.000,0.000,0,0,0.1,543.08
1790577189.360,0.00,0.000,0.000,0,0,0.0,543.08
1790577189.610,0.00,0.000,0.000,0,0,0.0,543.08
1790577189.860,0.00,0.000,0.000,0,0,0.0,543.08
1790577190.110,0.00,0.000,0.000,0,0,0.1,543.08
1790577190.360,0.00,0.000,0.000,0,0,0.0,543.08
1790577190.610,0.00,0.000,0.000,0,0,0.2,543.08
1790577190.860,0.00,0.000,0.000,0,0,0.0,543.08
1790577191.110,0.00,0.000,0.000,0,0,0.1,543.08
1790577191.360,0.00,0.000,0.000,0,0,0.0,543.08
1790577191.610,0.00,0.000,0.000,0,0,0.4,543.08
1790577191.860,0.00,0.000,0.000,0,0,0.1,543.08
1790577192.110,0.00,0.000,0.000,0,0,0.2,543.08
1790577192.360,0.00,0.000,0.000,0,0,0.4,543.08
1790577192.610,0.00,0.000,0.000,0,0,0.1,543.08
1790577192.860,0.00,0.000,0.000,0,0,0.0,543.08
1790577193.110,0.00,0.000,0.000,0,0,0.0,543.08
1790577193.360,0.00,0.000,0.000,0,0,0.2,543.08
1790577193.610,0.00,0.000,0.000,0,0,0.3,543.08
1790577193.860,0.00,0.000,0.000,0,0,0.2,543.08
1790577194.110,0.00,0.000,0.000,0,0,0.1,543.08
1790577194.360,0.00,0.000,0.000,0,0,0.0,543.08
1790577194.610,0.00,0.000,0.000,0,0,0.0,543.08
1790577194.860,0.00,0.000,0.000,0,0,0.5,543.08
1790577195.110,0.00,0.000,0.000,0,0,0.0,543.08
1790577195.360,0.00,0.000,0.000,0,0,0.0,543.08
1790577195.610,0.00,0.000,0.000,0,0,0.0,543.08
1790577195.860,0.00,0.000,0.000,0,0,0.0,543.08
1790577196.110,0.00,0.000,0.000,0,0,0.0,543.08
1790577196.360,0.00,0.000,0.000,0,0,0.0,543.08
1790577196.610,0.00,0.000,0.000,0,0,0.0,543.08
1790577196.860,0.00,0.000,0.000,0,0,0.0,543.08
1790577197.110,0.00,0.000,0.000,0,0,0.0,543.08
1790577197.360,0.00,0.000,0.000,0,0,0.1,543.08
1790577197.610,0.00,0.000,0.000,0,0,0.0,543.08
1790577197.860,0.00,0.000,0.000,0,0,0.0,543.08
1790577198.110,0.00,0.000,0.000,0,0,0.0,543.08
1790577198.360,0.00,0.000,0.000,0,0,0.0,543.08
1790577198.610,0.00,0.000,0.000,0,0,0.0,543.08
1790577198.860,0.00,0.000,0.000,0,0,0.0,543.08
1790577199.110,0.00,0.000,0.000,0,0,0.3,543.08
1790577199.360,0.00,0.000,0.000,0,0,0.0,543.08
1790577199.610,0.00,0.000,0.000,0,0,0.1,543.08
1790577199.860,0.00,0.000,0.000,0,0,0.0,543.08
1790577200.110,0.00,0.000,0.000,0,0,0.3,543.08
1790577200.360,0.00,0.000,0.000,0,0,0.0,543.08
1790577200.610,0.00,0.000,0.000,0,0,0.1,543.08
1790577200.860,0.00,0.000,0.000,0,0,0.9,543.08
1790577201.110,0.00,0.000,0.000,0,0,0.0,543.08
1790577201.360,0.00,0.000,0.000,0,0,0.1,543.08
1790577201.610,0.00,0.000,0.000,0,0,0.1,543.08
1790577201.860,0.00,0.000,0.000,0,0,0.0,543.08
1790577202.110,0.00,0.000,0.000,0,0,0.1,543.08
1790577202.360,0.00,0.000,0.000,0,0,0.0,543.08
1790577202.610,0.00,0.000,0.000,0,0,0.0,543.08
1790577202.860,0.00,0.000,0.000,0,0,0.1,543.08
1790577203.110,0.00,0.000,0.000,0,0,0.0,543.08
1790577203.360,0.00,0.000,0.000,0,0,0.0,543.08
1790577203.610,0.00,0.000,0.000,0,0,0.1,543.08
1790577203.860,0.00,0.000,0.000,0,0,0.1,543.08
1790577204.110,0.00,0.000,0.000,0,0,0.0,543.08
1790577204.360,0.00,0.000,0.000,0,0,0.0,543.08
1790577204.610,0.00,0.000,0.000,0,0,20.6,543.08
1790577204.860,0.00,0.000,0.000,0,0,0.0,543.08
1790577205.110,0.00,0.000,0.000,0,0,0.0,543.08
1790577205.360,0.00,0.000,0.000,0,0,0.0,543.08
1790577205.610,0.00,0.000,0.000,0,0,0.0,543.08
1790577205.860,0.00,0.000,0.000,0,0,0.1,543.08
1790577206.110,0.00,0.000,0.000,0,0,0.0,543.08
1790577206.360,0.00,0.000,0.000,0,0,0.0,543.08
1790577206.610,0.00,0.000,0.000,0,0,0.0,543.08
1790577206.860,0.00,0.000,0.000,0,0,0.0,543.08
1790577207.110,0.00,0.000,0.000,0,0,0.0,543.08
1790577207.360,0.00,0.000,0.000,0,0,0.0,543.08
1790577207.610,0.00,0.000,0.000,0,0,0.4,543.08
1790577207.860,0.00,0.000,0.000,0,0,0.1,543.08
1790577208.110,0.00,0.000,0.000,0,0,0.0,543.08
1790577208.360,0.00,0.000,0.000,0,0,0.2,543.08
1790577208.610,0.00,0.000,0.000,0,0,0.0,543.08
1790577208.860,0.00,0.000,0.000,0,0,0.0,543.08
1790577209.110,0.00,0.000,0.000,0,0,0.3,543.08
1790577209.360,0.00,0.000,0.000,0,0,0.1,543.08
1790577209.610,0.00,0.000,0.000,0,0,0.1,543.08
1790577209.860,0.00,0.000,0.000,0,0,0.0,543.08
1790577210.110,0.00,0.000,0.000,0,0,0.0,543.08
1790577210.360,0.00,0.000,0.000,0,0,0.0,543.08
1790577210.610,0.00,0.000,0.000,0,0,0.0,543.08
1790577210.860,0.00,0.000,0.000,0,0,0.0,543.08
1790577211.110,0.00,0.000,0.000,0,0,0.0,543.08
1790577211.360,0.00,0.000,0.000,0,0,0.2,543.08
1790577211.610,0.00,0.000,0.000,0,0,0.0,543.08
1790577211.860,0.00,0.000,0.000,0,0,0.0,543.08
1790577212.110,0.00,0.000,0.000,0,0,0.0,543.08
1790577212.360,0.00,0.000,0.000,0,0,0.0,543.08
1790577212.610,0.00,0.000,0.000,0,0,0.1,543.08
1790577212.860,0.00,0.000,0.000,0,0,0.0,543.08
1790577213.110,0.00,0.000,0.000,0,0,0.0,543.08
1790577213.360,0.00,0.000,0.000,0,0,0.0,543.08
1790577213.610,0.00,0.000,0.000,0,0,0.0,543.08
1790577213.860,0.00,0.000,0.000,0,0,0.0,543.08
1790577214.110,0.00,0.000,0.000,0,0,0.1,543.08
1790577214.360,0.00,0.000,0.000,0,0,0.0,543.08
1790577214.610,0.00,0.000,0.000,0,0,0.0,543.08
1790577214.860,0.00,0.000,0.000,0,0,0.0,543.08
1790577215.110,0.00,0.000,0.000,0,0,0.0,543.08
1790577215.360,0.00,0.000,0.000,0,0,0.0,543.08
1790577215.610,0.00,0.000,0.000,0,0,0.1,543.08
1790577215.860,0.00,0.000,0.000,0,0,0.0,543.08
1790577216.110,0.00,0.000,0.000,0,0,0.0,543.08
1790577216.360,0.00,0.000,0.000,0,0,0.0,543.08
1790577216.610,0.00,0.000,0.000,0,0,0.0,543.08
1790577216.860,0.00,0.000,0.000,0,0,0.0,543.08
1790577217.110,0.00,0.000,0.000,0,0,0.4,543.08
1790577217.360,0.00,0.000,0.000,0,0,0.0,543.08
1790577217.610,0.00,0.000,0.000,0,0,0.0,543.08
1790577217.860,0.00,0.000,0.000,0,0,0.0,543.08
1790577218.110,0.00,0.000,0.000,0,0,0.0,543.08
1790577218.360,0.00,0.000,0.000,0,0,0.1,543.08
1790577218.610,0.00,0.000,0.000,0,0,0.0,543.08
1790577218.860,0.00,0.000,0.000,0,0,0.0,543.08
1790577219.110,0.00,0.000,0.000,0,0,0.0,543.08
1790577219.360,0.00,0.000,0.000,0,0,0.0,543.08
1790577219.610,0.00,0.000,0.000,0,0,0.0,543.08
1790577219.860,0.00,0.000,0.000,0,0,0.0,543.08
1790577220.110,0.00,0.000,0.000,0,0,0.0,543.08
1790577220.360,0.00,0.000,0.000,0,0,0.1,543.08
1790577220.610,0.00,0.000,0.000,0,0,0.1,543.08
1790577220.860,0.00,0.000,0.000,0,0,0.1,543.08
1790577221.110,0.00,0.000,0.000,0,0,0.0,543.08
1790577221.360,0.00,0.000,0.000,0,0,0.0,543.08
1790577221.610,0.00,0.000,0.000,0,0,0.0,543.08
1790577221.860,0.00,0.000,0.000,0,0,0.0,543.08
1790577222.110,0.00,0.000,0.000,0,0,0.0,543.08
1790577222.360,0.00,0.000,0.000,0,0,0.1,543.08
1790577222.610,0.00,0.000,0.000,0,0,0.0,543.08
1790577222.860,0.00,0.000,0.000,0,0,0.0,543.08
1790577223.110,0.00,0.000,0.000,0,0,0.0,543.08
1790577223.360,0.00,0.000,0.000,0,0,0.0,543.08
1790577223.610,0.00,0.000,0.000,0,0,0.0,543.08
1790577223.860,0.00,0.000,0.000,0,0,0.0,543.08
1790577224.110,0.00,0.000,0.000,0,0,0.0,543.08
1790577224.360,0.00,0.000,0.000,0,0,0.0,543.08
1790577224.610,0.00,0.000,0.000,0,0,0.0,543.08
1790577224.860,0.00,0.000,0.000,0,0,0.0,543.08
1790577225.110,0.00,0.000,0.000,0,0,0.5,543.08
1790577225.360,0.00,0.000,0.000,0,0,0.0,543.08
1790577225.610,0.00,0.000,0.000,0,0,0.0,543.08
1790577225.860,0.00,0.000,0.000,0,0,0.0,543.08
1790577226.110,0.00,0.000,0.000,0,0,0.0,543.08
1790577226.360,0.00,0.000,0.000,0,0,0.0,543.08
1790577226.610,0.00,0.000,0.000,0,0,0.0,543.08
1790577226.860,0.00,0.000,0.000,0,0,0.0,543.08
1790577227.110,0.00,0.000,0.000,0,0,0.0,543.08
1790577227.360,0.00,0.000,0.000,0,0,0.0,543.08
1790577227.610,0.00,0.000,0.000,0,0,0.0,543.08
1790577227.860,0.00,0.000,0.000,0,0,0.0,543.08
1790577228.110,0.00,0.000,0.000,0,0,0.0,543.08
1790577228.360,0.00,0.000,0.000,0,0,0.0,543.08
1790577228.610,0.00,0.000,0.000,0,0,0.0,543.08
1790577228.860,0.00,0.000,0.000,0,0,0.0,543.08
1790577229.110,0.00,0.000,0.000,0,0,0.0,543.08
1790577229.360,0.00,0.000,0.000,0,0,0.0,543.08
1790577229.610,0.00,0.000,0.000,0,0,0.0,543.08
1790577229.860,0.00,0.000,0.000,0,0,0.0,543.08
1790577230.110,0.00,0.000,0.000,0,0,0.1,543.08
1790577230.360,0.00,0.000,0.000,0,0,0.0,543.08
1790577230.610,0.00,0.000,0.000,0,0,0.4,543.08
1790577230.860,0.00,0.000,0.000,0,0,0.0,543.08
1790577231.110,0.00,0.000,0.000,0,0,0.0,543.08
1790577231.360,0.00,0.000,0.000,0,0,0.0,543.08
1790577231.610,0.00,0.000,0.000,0,0,0.0,543.08
1790577231.860,0.00,0.000,0.000,0,0,0.0,543.08
1790577232.110,0.00,0.000,0.000,0,0,0.0,543.08
1790577232.360,0.00,0.000,0.000,0,0,0.1,543.08
1790577232.610,0.00,0.000,0.000,0,0,0.1,543.08
1790577232.860,0.00,0.000,0.000,0,0,0.0,543.08
1790577233.110,0.00,0.000,0.000,0,0,0.0,543.08
1790577233.360,0.00,0.000,0.000,0,0,0.0,543.08
1790577233.610,0.00,0.000,0.000,0,0,0.0,543.08
1790577233.860,0.00,0.000,0.000,0,0,0.0,543.08
1790577234.110,0.00,0.000,0.000,0,0,0.0,543.08
1790577234.360,0.00,0.000,0.000,0,0,0.2,543.08
1790577234.610,0.00,0.000,0.000,0,0,0.0,543.08
1790577234.860,0.00,0.000,0.000,0,0,0.0,543.08
1790577235.110,0.00,0.000,0.000,0,0,0.1,543.08
1790577235.360,0.00,0.000,0.000,0,0,0.0,543.08
1790577235.610,0.00,0.000,0.000,0,0,0.1,543.08
1790577235.860,0.00,0.000,0.000,0,0,0.0,543.08
1790577236.110,0.00,0.000,0.000,0,0,0.0,543.08
1790577236.360,0.00,0.000,0.000,0,0,0.0,543.08
1790577236.610,0.00,0.000,0.000,0,0,0.0,543.08
1790577236.860,0.00,0.000,0.000,0,0,0.0,543.08
1790577237.110,0.00,0.000,0.000,0,0,0.0,543.08
1790577237.360,0.00,0.000,0.000,0,0,0.0,543.08
1790577237.610,0.00,0.000,0.000,0,0,0.0,543.08
1790577237.860,0.00,0.000,0.000,0,0,0.0,543.08
1790577238.110,0.00,0.000,0.000,0,0,0.2,543.08
1790577238.360,0.00,0.000,0.000,0,0,0.0,543.08
1790577238.610,0.00,0.000,0.000,0,0,0.0,543.08
1790577238.860,0.00,0.000,0.000,0,0,0.0,543.08
1790577239.110,0.00,0.000,0.000,0,0,0.0,543.08
1790577239.360,0.00,0.000,0.000,0,0,0.0,543.08
1790577239.610,0.00,0.000,0.000,0,0,0.1,543.08
1790577239.860,0.00,0.000,0.000,0,0,0.0,543.08
1790577240.110,0.00,0.000,0.000,0,0,0.0,543.08
1790577240.360,0.00,0.000,0.000,0,0,0.0,543.08
1790577240.610,0.00,0.000,0.000,0,0,0.1,543.08
1790577240.860,0.00,0.000,0.000,0,0,0.1,543.08
1790577241.110,0.00,0.000,0.000,0,0,0.0,543.08
1790577241.360,0.00,0.000,0.000,0,0,0.0,543.08
1790577241.610,0.00,0.000,0.000,0,0,0.0,543.08
1790577241.860,0.00,0.000,0.000,0,0,0.0,543.08
1790577242.110,0.00,0.000,0.000,0,0,0.0,543.08
1790577242.360,0.00,0.000,0.000,0,0,0.0,543.08
1790577242.610,0.00,0.000,0.000,0,0,0.0,543.08
1790577242.860,0.00,0.000,0.000,0,0,0.0,543.08
1790577243.110,0.00,0.000,0.000,0,0,0.1,543.08
1790577243.360,0.00,0.000,0.000,0,0,0.4,543.08
1790577243.610,0.00,0.000,0.000,0,0,0.0,543.08
1790577243.860,0.00,0.000,0.000,0,0,0.0,543.08
1790577244.110,0.00,0.000,0.000,0,0,0.0,543.08
1790577244.360,0.00,0.000,0.000,0,0,0.0,543.08
1790577244.610,0.00,0.000,0.000,0,0,0.1,543.08
1790577244.860,0.00,0.000,0.000,0,0,0.0,543.08
1790577245.110,0.00,0.000,0.000,0,0,0.0,543.08
1790577245.360,0.00,0.000,0.000,0,0,0.0,543.08
1790577245.610,0.00,0.000,0.000,0,0,0.1,543.08
1790577245.860,0.00,0.000,0.000,0,0,0.0,543.08
1790577246.110,0.00,0.000,0.000,0,0,0.9,543.08
1790577246.360,0.00,0.000,0.000,0,0,0.1,543.08
1790577246.610,0.00,0.000,0.000,0,0,0.0,543.08
1790577246.860,0.00,0.000,0.000,0,0,0.1,543.08
1790577247.110,0.00,0.000,0.000,0,0,0.1,543.08
1790577247.360,0.00,0.000,0.000,0,0,0.0,543.08
1790577247.610,0.00,0.000,0.000,0,0,0.0,543.08
1790577247.860,0.00,0.000,0.000,0,0,1.1,543.08
1790577248.110,0.00,0.000,0.000,0,0,0.0,543.08
1790577248.360,0.00,0.000,0.000,0,0,0.0,543.08
1790577248.610,0.00,0.000,0.000,0,0,0.0,543.08
1790577248.860,0.00,0.000,0.000,0,0,0.0,543.08
1790577249.110,0.00,0.000,0.000,0,0,0.2,543.08
1790577249.360,0.00,0.000,0.000,0,0,1.1,543.08
1790577249.610,0.00,0.000,0.000,0,0,0.0,543.08
1790577249.860,0.00,0.000,0.000,0,0,0.2,543.08
1790577250.110,0.00,0.000,0.000,0,0,0.4,543.08
1790577250.360,0.00,0.000,0.000,0,0,0.0,543.08
1790577250.610,0.00,0.000,0.000,0,0,0.1,543.08
1790577250.860,0.00,0.000,0.000,0,0,0.7,543.08
1790577251.110,0.00,0.000,0.000,0,0,0.6,543.08
1790577251.360,0.00,0.000,0.000,0,0,0.0,543.08
1790577251.610,0.00,0.000,0.000,0,0,0.2,543.08
1790577251.860,0.00,0.000,0.000,0,0,0.0,543.08
1790577252.110,0.00,0.000,0.000,0,0,0.1,543.08
1790577252.360,0.00,0.000,0.000,0,0,0.0,543.08
1790577252.610,0.00,0.000,0.000,0,0,1.3,543.08
1790577252.860,0.00,0.000,0.000,0,0,0.1,543.08
1790577253.110,0.00,0.000,0.000,0,0,0.0,543.08
1790577253.360,0.00,0.000,0.000,0,0,0.1,543.08
1790577253.610,0.00,0.000,0.000,0,0,0.0,543.08
1790577253.860,0.00,0.000,0.000,0,0,0.1,543.08
1790577254.110,0.00,0.000,0.000,0,0,1.1,543.08
1790577254.360,0.00,0.000,0.000,0,0,0.0,543.08
1790577254.610,0.00,0.000,0.000,0,0,0.1,543.08
1790577254.860,0.00,0.000,0.000,0,0,0.1,543.08
1790577255.110,0.00,0.000,0.000,0,0,0.1,543.08
1790577255.360,0.00,0.000,0.000,0,0,0.1,543.08
1790577255.610,0.00,0.000,0.000,0,0,0.1,543.08
1790577255.860,0.00,0.000,0.000,0,0,1.1,543.08
1790577256.110,0.00,0.000,0.000,0,0,0.1,543.08
1790577256.360,0.00,0.000,0.000,0,0,0.1,543.08
1790577256.610,0.00,0.000,0.000,0,0,0.0,543.08
1790577256.860,0.00,0.000,0.000,0,0,0.0,543.08
1790577257.110,0.00,0.000,0.000,0,0,0.0,543.08
1790577257.360,0.00,0.000,0.000,0,0,1.2,543.08
1790577257.610,0.00,0.000,0.000,0,0,0.0,543.08
1790577257.860,0.00,0.000,0.000,0,0,0.0,543.08
1790577258.110,0.00,0.000,0.000,0,0,0.1,543.08
1790577258.360,0.00,0.000,0.000,0,0,0.1,543.08
1790577258.610,0.00,0.000,0.000,0,0,0.0,543.08
1790577258.860,0.00,0.000,0.000,0,0,0.9,543.08
1790577259.110,0.00,0.000,0.000,0,0,0.4,543.08
1790577259.360,0.00,0.000,0.000,0,0,0.1,543.08
1790577259.610,0.00,0.000,0.000,0,0,0.0,543.08
1790577259.860,0.00,0.000,0.000,0,0,0.0,543.08
1790577260.110,0.00,0.000,0.000,0,0,0.0,543.08
1790577260.360,0.00,0.000,0.000,0,0,0.1,543.08
1790577260.610,0.00,0.000,0.000,0,0,1.6,543.08
1790577260.860,0.00,0.000,0.000,0,0,0.1,543.08
1790577261.110,0.00,0.000,0.000,0,0,0.0,543.08
1790577261.360,0.00,0.000,0.000,0,0,0.2,543.08
1790577261.610,0.00,0.000,0.000,0,0,0.0,543.08
1790577261.860,0.00,0.000,0.000,0,0,0.0,543.08
1790577262.110,0.00,0.000,0.000,0,0,1.2,543.08
1790577262.360,0.00,0.000,0.000,0,0,0.1,543.08
1790577262.610,0.00,0.000,0.000,0,0,0.1,543.08
1790577262.860,0.00,0.000,0.000,0,0,0.2,543.08
1790577263.110,0.00,0.000,0.000,0,0,0.0,543.08
1790577263.360,0.00,0.000,0.000,0,0,0.0,543.08
1790577263.610,0.00,0.000,0.000,0,0,0.5,543.08
1790577263.860,0.00,0.000,0.000,0,0,0.9,543.08
1790577264.110,0.00,0.000,0.000,0,0,0.1,543.08
1790577264.360,0.00,0.000,0.000,0,0,0.2,543.08
1790577264.610,0.00,0.000,0.000,0,0,0.2,543.08
1790577264.860,0.00,0.000,0.000,0,0,0.1,543.08
1790577265.110,0.00,0.000,0.000,0,0,0.0,543.08
1790577265.360,0.00,0.000,0.000,0,0,1.1,543.08
1790577265.610,0.00,0.000,0.000,0,0,0.0,543.08
1790577265.860,0.00,0.000,0.000,0,0,0.0,543.08
1790577266.110,0.00,0.000,0.000,0,0,0.2,543.08
1790577266.360,0.00,0.000,0.000,0,0,0.0,543.08
1790577266.610,0.00,0.000,0.000,0,0,0.4,543.08
1790577266.860,0.00,0.000,0.000,0,0,1.4,543.08
1790577267.110,0.00,0.000,0.000,0,0,0.0,543.08
1790577267.360,0.00,0.000,0.000,0,0,0.2,543.08
1790577267.610,0.00,0.000,0.000,0,0,0.0,543.08
1790577267.860,0.00,0.000,0.000,0,0,0.0,543.08
1790577268.110,0.00,0.000,0.000,0,0,0.3,543.08
1790577268.360,0.00,0.000,0.000,0,0,0.0,543.08
1790577268.610,0.00,0.000,0.000,0,0,1.0,543.08
1790577268.860,0.00,0.000,0.000,0,0,0.4,543.08
1790577269.110,0.00,0.000,0.000,0,0,0.0,543.08
1790577269.360,0.00,0.000,0.000,0,0,0.0,543.08
1790577269.610,0.00,0.000,0.000,0,0,0.1,543.08
1790577269.860,0.00,0.000,0.000,0,0,0.1,543.08
1790577270.110,0.00,0.000,0.000,0,0,1.2,543.08
1790577270.360,0.00,0.000,0.000,0,0,0.0,543.08
1790577270.610,0.00,0.000,0.000,0,0,0.0,543.08
1790577270.860,0.00,0.000,0.000,0,0,0.9,543.08
1790577271.110,0.00,0.000,0.000,0,0,0.0,543.08
1790577271.360,0.00,0.000,0.000,0,0,0.1,543.08
1790577271.610,0.00,0.000,0.000,0,0,0.9,543.08
1790577271.860,0.00,0.000,0.000,0,0,0.3,543.08
1790577272.110,0.00,0.000,0.000,0,0,0.0,543.08
1790577272.360,0.00,0.000,0.000,0,0,0.0,543.08
1790577272.610,0.00,0.000,0.000,0,0,0.1,543.08
1790577272.860,0.00,0.000,0.000,0,0,0.0,543.08
1790577273.110,0.00,0.000,0.000,0,0,0.0,543.08
1790577273.360,0.00,0.000,0.000,0,0,1.2,543.08
1790577273.610,0.00,0.000,0.000,0,0,0.0,543.08
1790577273.860,0.00,0.000,0.000,0,0,0.0,543.08
1790577274.110,0.00,0.000,0.000,0,0,0.0,543.08
1790577274.360,0.00,0.000,0.000,0,0,0.0,543.08
1790577274.610,0.00,0.000,0.000,0,0,0.0,543.08
1790577274.860,0.00,0.000,0.000,0,0,1.2,543.08
1790577275.110,0.00,0.000,0.000,0,0,22.4,543.08
1790577275.360,0.00,0.000,0.000,0,0,0.1,543.08
1790577275.610,0.00,0.000,0.000,0,0,0.0,543.08
1790577275.860,0.00,0.000,0.000,0,0,0.2,543.08
1790577276.110,0.00,0.000,0.000,0,0,0.0,543.08
1790577276.360,0.00,0.000,0.000,0,0,1.0,543.08
1790577276.610,0.00,0.000,0.000,0,0,1.0,543.08
1790577276.860,0.00,0.000,0.000,0,0,0.2,543.08
1790577277.110,0.00,0.000,0.000,0,0,0.0,543.08
1790577277.360,0.00,0.000,0.000,0,0,0.5,543.08
1790577277.610,0.00,0.000,0.000,0,0,0.0,543.08
1790577277.860,0.00,0.000,0.000,0,0,0.0,543.08
1790577278.110,0.00,0.000,0.000,0,0,1.6,543.08
1790577278.360,0.00,0.000,0.000,0,0,0.1,543.08
1790577278.610,0.00,0.000,0.000,0,0,0.4,543.08
1790577278.860,0.00,0.000,0.000,0,0,0.2,543.08
1790577279.110,0.00,0.000,0.000,0,0,0.1,543.08
1790577279.360,0.00,0.000,0.000,0,0,0.1,543.08
1790577279.610,0.00,0.000,0.000,0,0,1.1,543.08
1790577279.860,0.00,0.000,0.000,0,0,0.1,543.08
1790577280.110,0.00,0.000,0.000,0,0,0.1,543.08
1790577280.360,0.00,0.000,0.000,0,0,0.1,543.08
1790577280.610,0.00,0.000,0.000,0,0,0.5,543.08
1790577280.860,0.00,0.000,0.000,0,0,0.4,543.08
1790577281.110,0.00,0.000,0.000,0,0,0.0,543.08
1790577281.360,0.00,0.000,0.000,0,0,1.5,543.08
1790577281.610,0.00,0.000,0.000,0,0,0.1,543.08
1790577281.860,0.00,0.000,0.000,0,0,0.0,543.08
1790577282.110,0.00,0.000,0.000,0,0,0.3,543.08
1790577282.360,0.00,0.000,0.000,0,0,0.1,543.08
1790577282.610,0.00,0.000,0.000,0,0,0.3,543.08
1790577282.860,0.00,0.000,0.000,0,0,1.2,543.08
1790577283.110,0.00,0.000,0.000,0,0,0.3,543.08
1790577283.360,0.00,0.000,0.000,0,0,0.0,543.08
1790577283.610,0.00,0.000,0.000,0,0,0.1,543.08
1790577283.860,0.00,0.000,0.000,0,0,0.2,543.08
1790577284.110,0.00,0.000,0.000,0,0,0.0,543.08
1790577284.360,0.00,0.000,0.000,0,0,0.6,543.08
1790577284.610,0.00,0.000,0.000,0,0,0.5,543.08
1790577284.860,0.00,0.000,0.000,0,0,0.0,543.08
1790577285.110,0.00,0.000,0.000,0,0,1.1,543.08
1790577285.360,0.00,0.000,0.000,0,0,0.1,543.08
1790577285.610,0.00,0.000,0.000,0,0,0.1,543.08
1790577285.860,0.00,0.000,0.000,0,0,0.0,543.08
1790577286.110,0.00,0.000,0.000,0,0,1.4,543.08
1790577286.360,0.00,0.000,0.000,0,0,0.1,543.08
1790577286.610,0.00,0.000,0.000,0,0,0.1,543.08
1790577286.860,0.00,0.000,0.000,0,0,0.1,543.08
1790577287.110,0.00,0.000,0.000,0,0,0.1,543.08
1790577287.360,0.00,0.000,0.000,0,0,0.0,543.08
1790577287.610,0.00,0.000,0.000,0,0,1.4,543.08
1790577287.860,0.00,0.000,0.000,0,0,0.1,543.08
1790577288.110,0.00,0.000,0.000,0,0,0.2,543.08
1790577288.360,0.00,0.000,0.000,0,0,0.0,543.08
1790577288.610,0.00,0.000,0.000,0,0,0.1,543.08
1790577288.860,0.00,0.000,0.000,0,0,0.2,543.08
1790577289.110,0.00,0.000,0.000,0,0,0.3,543.08
1790577289.360,0.00,0.000,0.000,0,0,1.0,543.08
1790577289.610,0.00,0.000,0.000,0,0,0.1,543.08
1790577289.860,0.00,0.000,0.000,0,0,0.0,543.08
1790577290.110,0.00,0.000,0.000,0,0,0.0,543.08
1790577290.360,0.00,0.000,0.000,0,0,0.6,543.08
1790577290.610,0.00,0.000,0.000,0,0,1.5,543.08
1790577290.860,0.00,0.000,0.000,0,0,1.1,543.08
1790577291.110,0.00,0.000,0.000,0,0,0.2,543.08
1790577291.360,0.00,0.000,0.000,0,0,0.1,543.08
1790577291.610,0.00,0.000,0.000,0,0,0.1,543.08
1790577291.860,0.00,0.000,0.000,0,0,0.1,543.08
1790577292.110,0.00,0.000,0.000,0,0,0.2,543.08
1790577292.360,0.00,0.000,0.000,0,0,1.0,543.08
1790577292.610,0.00,0.000,0.000,0,0,0.3,543.08
1790577292.860,0.00,0.000,0.000,0,0,0.0,543.08
1790577293.110,0.00,0.000,0.000,0,0,0.0,543.08
1790577293.360,0.00,0.000,0.000,0,0,0.0,543.08
1790577293.610,0.00,0.000,0.000,0,0,0.0,543.08
1790577293.860,0.00,0.000,0.000,0,0,0.0,543.08
1790577294.110,0.00,0.000,0.000,0,0,1.3,543.08
1790577294.360,0.00,0.000,0.000,0,0,0.1,543.08
1790577294.610,0.00,0.000,0.000,0,0,0.0,543.08
1790577294.860,0.00,0.000,0.000,0,0,0.0,543.08
1790577295.110,0.00,0.000,0.000,0,0,0.1,543.08
1790577295.360,0.00,0.000,0.000,0,0,0.1,543.08
1790577295.610,0.00,0.000,0.000,0,0,1.1,543.08
1790577295.860,0.00,0.000,0.000,0,0,0.0,543.08
1790577296.110,0.00,0.000,0.000,0,0,0.0,543.08
1790577296.360,0.00,0.000,0.000,0,0,0.1,543.08
1790577296.610,0.00,0.000,0.000,0,0,0.3,543.08
1790577296.860,0.00,0.000,0.000,0,0,0.1,543.08
1790577297.110,0.00,0.000,0.000,0,0,0.6,543.08
1790577297.360,0.00,0.000,0.000,0,0,0.8,543.08
1790577297.610,0.00,0.000,0.000,0,0,0.0,543.08
1790577297.860,0.00,0.000,0.000,0,0,0.0,543.08
1790577298.110,0.00,0.000,0.000,0,0,0.4,543.08
1790577298.360,0.00,0.000,0.000,0,0,0.1,543.08
1790577298.610,0.00,0.000,0.000,0,0,0.0,543.08
1790577298.860,0.00,0.000,0.000,0,0,1.1,543.08
1790577299.110,0.00,0.000,0.000,0,0,0.0,543.08
1790577299.360,0.00,0.000,0.000,0,0,0.0,543.08
1790577299.610,0.00,0.000,0.000,0,0,0.1,543.08
1790577299.860,0.00,0.000,0.000,0,0,0.0,543.08
1790577300.110,0.00,0.000,0.000,0,0,0.0,543.08
1790577300.360,0.00,0.000,0.000,0,0,1.2,543.08
1790577300.610,0.00,0.000,0.000,0,0,0.3,543.08
1790577300.860,0.00,0.000,0.000,0,0,0.0,543.08
1790577301.110,0.00,0.000,0.000,0,0,0.0,543.08
1790577301.360,0.00,0.000,0.000,0,0,0.0,543.08
1790577301.610,0.00,0.000,0.000,0,0,0.0,543.08
1790577301.860,0.00,0.000,0.000,0,0,0.1,543.08
1790577302.110,0.00,0.000,0.000,0,0,1.0,543.08
1790577302.360,0.00,0.000,0.000,0,0,0.0,543.08
1790577302.610,0.00,0.000,0.000,0,0,0.0,543.08
1790577302.860,0.00,0.000,0.000,0,0,0.0,543.08
1790577303.110,0.00,0.000,0.000,0,0,0.0,543.08
1790577303.360,0.00,0.000,0.000,0,0,0.0,543.08
1790577303.610,0.00,0.000,0.000,0,0,1.2,543.08
1790577303.860,0.00,0.000,0.000,0,0,0.0,543.08
1790577304.110,0.00,0.000,0.000,0,0,0.0,543.08
1790577304.360,0.00,0.000,0.000,0,0,0.0,543.08
1790577304.610,0.00,0.000,0.000,0,0,0.0,543.08
1790577304.860,0.00,0.000,0.000,0,0,0.1,543.08
1790577305.110,0.00,0.000,0.000,0,0,0.9,543.08
1790577305.360,0.00,0.000,0.000,0,0,0.4,543.08
1790577305.610,0.00,0.000,0.000,0,0,0.0,543.08
1790577305.860,0.00,0.000,0.000,0,0,0.1,543.08
1790577306.110,0.00,0.000,0.000,0,0,0.5,543.08
1790577306.360,0.00,0.000,0.000,0,0,0.0,543.08
1790577306.610,0.00,0.000,0.000,0,0,0.0,543.08
1790577306.860,0.00,0.000,0.000,0,0,1.2,543.08
1790577307.110,0.00,0.000,0.000,0,0,0.1,543.08
1790577307.360,0.00,0.000,0.000,0,0,0.1,543.08
1790577307.610,0.00,0.000,0.000,0,0,0.1,543.08
1790577307.860,0.00,0.000,0.000,0,0,0.0,543.08
1790577308.110,0.00,0.000,0.000,0,0,0.1,543.08
1790577308.360,0.00,0.000,0.000,0,0,1.1,543.08
1790577308.610,0.00,0.000,0.000,0,0,0.1,543.08
1790577308.860,0.00,0.000,0.000,0,0,0.4,543.08
1790577309.110,0.00,0.000,0.000,0,0,0.3,543.08
1790577309.360,0.00,0.000,0.000,0,0,0.0,543.08
1790577309.610,0.00,0.000,0.000,0,0,0.0,543.08
1790577309.860,0.00,0.000,0.000,0,0,0.6,543.08
1790577310.110,0.00,0.000,0.000,0,0,0.9,543.08
1790577310.360,0.00,0.000,0.000,0,0,0.1,543.08
1790577310.610,0.00,0.000,0.000,0,0,0.0,543.08
1790577310.860,0.00,0.000,0.000,0,0,0.0,543.08
1790577311.110,0.00,0.000,0.000,0,0,0.0,543.08
1790577311.360,0.00,0.000,0.000,0,0,0.0,543.08
1790577311.610,0.00,0.000,0.000,0,0,1.2,543.08
1790577311.860,0.00,0.000,0.000,0,0,0.1,543.08
1790577312.110,0.00,0.000,0.000,0,0,0.0,543.08
1790577312.360,0.00,0.000,0.000,0,0,0.0,543.08
1790577312.610,0.00,0.000,0.000,0,0,0.1,543.08
1790577312.860,0.00,0.000,0.000,0,0,0.1,543.08
1790577313.110,0.00,0.000,0.000,0,0,1.2,543.08
1790577313.360,0.00,0.000,0.000,0,0,0.5,543.08
1790577313.610,0.00,0.000,0.000,0,0,0.0,543.08
1790577313.860,0.00,0.000,0.000,0,0,0.0,543.08
1790577314.110,0.00,0.000,0.000,0,0,0.3,543.08
1790577314.360,0.00,0.000,0.000,0,0,0.2,543.08
1790577314.610,0.00,0.000,0.000,0,0,0.1,543.08
1790577314.860,0.00,0.000,0.000,0,0,1.4,543.08
1790577315.110,0.00,0.000,0.000,0,0,0.0,543.08
1790577315.360,0.00,0.000,0.000,0,0,0.0,543.08
1790577315.610,0.00,0.000,0.000,0,0,0.3,543.08
1790577315.860,0.00,0.000,0.000,0,0,0.0,543.08
1790577316.110,0.00,0.000,0.000,0,0,0.1,543.08
1790577316.360,0.00,0.000,0.000,0,0,1.5,543.08
1790577316.610,0.00,0.000,0.000,0,0,0.1,543.08
1790577316.860,0.00,0.000,0.000,0,0,0.4,543.08
1790577317.110,0.00,0.000,0.000,0,0,0.1,543.08
1790577317.360,0.00,0.000,0.000,0,0,0.2,543.08
1790577317.610,0.00,0.000,0.000,0,0,0.0,543.08
1790577317.860,0.00,0.000,0.000,0,0,1.0,543.08
1790577318.110,0.00,0.000,0.000,0,0,0.8,543.08
1790577318.360,0.00,0.000,0.000,0,0,0.0,543.08
1790577318.610,0.00,0.000,0.000,0,0,0.0,543.08
1790577318.860,0.00,0.000,0.000,0,0,0.0,543.08
1790577319.110,0.00,0.000,0.000,0,0,0.1,543.08
1790577319.360,0.00,0.000,0.000,0,0,0.0,543.08
1790577319.610,0.00,0.000,0.000,0,0,1.3,543.08
1790577319.860,0.00,0.000,0.000,0,0,0.0,543.08
1790577320.110,0.00,0.000,0.000,0,0,0.2,543.08
1790577320.360,0.00,0.000,0.000,0,0,0.3,543.08
1790577320.610,0.00,0.000,0.000,0,0,0.1,543.08
1790577320.860,0.00,0.000,0.000,0,0,0.0,543.08
1790577321.110,0.00,0.000,0.000,0,0,1.1,543.08
1790577321.360,0.00,0.000,0.000,0,0,0.0,543.08
1790577321.610,0.00,0.000,0.000,0,0,0.0,543.08
1790577321.860,0.00,0.000,0.000,0,0,0.1,543.08
1790577322.110,0.00,0.000,0.000,0,0,0.1,543.09
1790577322.360,0.00,0.000,0.000,0,0,0.0,543.08
1790577322.610,0.00,0.000,0.000,0,0,0.5,543.08
1790577322.860,0.00,0.000,0.000,0,0,0.6,543.08
1790577323.110,0.00,0.000,0.000,0,0,0.1,543.08
1790577323.360,0.00,0.000,0.000,0,0,0.0,543.08
1790577323.610,0.00,0.000,0.000,0,0,0.5,543.08
1790577323.860,0.00,0.000,0.000,0,0,0.0,543.08
1790577324.110,0.00,0.000,0.000,0,0,0.0,543.08
1790577324.360,0.00,0.000,0.000,0,0,1.2,543.09
1790577324.610,0.00,0.000,0.000,0,0,0.0,543.09
1790577324.860,0.00,0.000,0.000,0,0,0.2,543.09
1790577325.110,0.00,0.000,0.000,0,0,0.0,543.09
1790577325.360,0.00,0.000,0.000,0,0,0.1,543.08
1790577325.610,0.00,0.000,0.000,0,0,0.1,543.08
1790577325.860,0.00,0.000,0.000,0,0,1.4,543.09
1790577326.110,0.00,0.000,0.000,0,0,0.0,543.09
1790577326.360,0.00,0.000,0.000,0,0,0.1,543.09
1790577326.610,0.00,0.000,0.000,0,0,0.0,543.09
1790577326.860,0.00,0.000,0.000,0,0,0.1,543.09
1790577327.110,0.00,0.000,0.000,0,0,0.1,543.09
1790577327.360,0.00,0.000,0.000,0,0,0.1,543.09
1790577327.610,0.00,0.000,0.000,0,0,1.1,543.09
1790577327.860,0.00,0.000,0.000,0,0,0.1,543.09
1790577328.110,0.00,0.000,0.000,0,0,0.0,543.09
1790577328.360,0.00,0.000,0.000,0,0,0.0,543.09
1790577328.610,0.00,0.000,0.000,0,0,0.0,543.09
1790577328.860,0.00,0.000,0.000,0,0,0.0,543.09
1790577329.110,0.00,0.000,0.000,0,0,1.0,543.09
1790577329.360,0.00,0.000,0.000,0,0,0.1,543.09
1790577329.610,0.00,0.000,0.000,0,0,0.0,543.09
1790577329.860,0.00,0.000,0.000,0,0,0.0,543.09
1790577330.110,0.00,0.000,0.000,0,0,0.0,543.09
1790577330.360,0.00,0.000,0.000,0,0,0.0,543.09
1790577330.610,0.00,0.000,0.000,0,0,1.0,543.09
1790577330.860,0.00,0.000,0.000,0,0,0.3,543.09
1790577331.110,0.00,0.000,0.000,0,0,0.0,543.09
1790577331.360,0.00,0.000,0.000,0,0,0.0,543.09
1790577331.610,0.00,0.000,0.000,0,0,0.0,543.09
1790577331.860,0.00,0.000,0.000,0,0,0.2,543.09
1790577332.110,0.00,0.000,0.000,0,0,0.0,543.09
1790577332.360,0.00,0.000,0.000,0,0,1.4,543.09
1790577332.610,0.00,0.000,0.000,0,0,0.0,543.09
1790577332.860,0.00,0.000,0.000,0,0,0.0,543.09
1790577333.110,0.00,0.000,0.000,0,0,0.0,543.09
1790577333.360,0.00,0.000,0.000,0,0,0.1,543.09
1790577333.610,0.00,0.000,0.000,0,0,0.0,543.09
1790577333.860,0.00,0.000,0.000,0,0,1.1,543.09
1790577334.110,0.00,0.000,0.000,0,0,0.0,543.09
1790577334.360,0.00,0.000,0.000,0,0,0.1,543.09
1790577334.610,0.00,0.000,0.000,0,0,0.0,543.09
1790577334.860,0.00,0.000,0.000,0,0,0.0,543.09
1790577335.110,0.00,0.000,0.000,0,0,0.0,543.09
1790577335.360,0.00,0.000,0.000,0,0,0.5,543.09
1790577335.610,0.00,0.000,0.000,0,0,0.8,543.09
1790577335.860,0.00,0.000,0.000,0,0,0.0,543.09
1790577336.110,0.00,0.000,0.000,0,0,0.0,543.09
1790577336.360,0.00,0.000,0.000,0,0,0.0,543.09
1790577336.610,0.00,0.000,0.000,0,0,0.0,543.09
1790577336.860,0.00,0.000,0.000,0,0,0.1,543.09
1790577337.110,0.00,0.000,0.000,0,0,1.4,543.09
1790577337.360,0.00,0.000,0.000,0,0,0.1,543.09
1790577337.610,0.00,0.000,0.000,0,0,0.0,543.09
1790577337.860,0.00,0.000,0.000,0,0,0.1,543.09
1790577338.110,0.00,0.000,0.000,0,0,0.0,543.09
1790577338.360,0.00,0.000,0.000,0,0,0.1,543.09
1790577338.610,0.00,0.000,0.000,0,0,1.4,543.09
1790577338.860,0.00,0.000,0.000,0,0,0.1,543.09
1790577339.110,0.00,0.000,0.000,0,0,0.1,543.09
1790577339.360,0.00,0.000,0.000,0,0,0.1,543.09
1790577339.610,0.00,0.000,0.000,0,0,0.0,543.09
1790577339.860,0.00,0.000,0.000,0,0,0.3,543.09
1790577340.110,0.00,0.000,0.000,0,0,0.1,543.09
1790577340.360,0.00,0.000,0.000,0,0,1.1,543.09
1790577340.610,0.00,0.000,0.000,0,0,0.6,543.09
1790577340.860,0.00,0.000,0.000,0,0,0.6,543.09
1790577341.110,0.00,0.000,0.000,0,0,0.1,543.09
1790577341.360,0.00,0.000,0.000,0,0,0.0,543.09
1790577341.610,0.00,0.000,0.000,0,0,0.1,543.09
1790577341.860,0.00,0.000,0.000,0,0,1.1,543.09
1790577342.110,0.00,0.000,0.000,0,0,0.0,543.09
1790577342.360,0.00,0.000,0.000,0,0,0.1,543.09
1790577342.610,0.00,0.000,0.000,0,0,0.0,543.09
1790577342.860,0.00,0.000,0.000,0,0,0.0,543.09
1790577343.110,0.00,0.000,0.000,0,0,0.0,543.09
1790577343.360,0.00,0.000,0.000,0,0,0.9,543.09
1790577343.610,0.00,0.000,0.000,0,0,0.5,543.09
1790577343.860,0.00,0.000,0.000,0,0,0.1,543.09
1790577344.110,0.00,0.000,0.000,0,0,3.1,543.09
1790577344.360,0.00,0.000,0.000,0,0,17.7,543.09
1790577344.610,0.00,0.000,0.000,0,0,0.0,543.09
1790577344.860,0.00,0.000,0.000,0,0,0.0,543.09
1790577345.110,0.00,0.000,0.000,0,0,1.4,543.09
1790577345.360,0.00,0.000,0.000,0,0,0.0,543.09
1790577345.610,0.00,0.000,0.000,0,0,0.0,543.09
1790577345.860,0.00,0.000,0.000,0,0,0.0,543.09
1790577346.110,0.00,0.000,0.000,0,0,0.0,543.09
1790577346.360,0.00,0.000,0.000,0,0,0.0,543.09
1790577346.610,0.00,0.000,0.000,0,0,1.5,543.09
1790577346.860,0.00,0.000,0.000,0,0,0.0,543.09
1790577347.110,0.00,0.000,0.000,0,0,0.3,543.09
1790577347.360,0.00,0.000,0.000,0,0,0.0,543.09
1790577347.610,0.00,0.000,0.000,0,0,0.1,543.09
1790577347.860,0.00,0.000,0.000,0,0,0.0,543.09
1790577348.110,0.00,0.000,0.000,0,0,0.1,543.09
1790577348.360,0.00,0.000,0.000,0,0,1.3,543.09
1790577348.610,0.00,0.000,0.000,0,0,0.0,543.09
1790577348.860,0.00,0.000,0.000,0,0,0.1,543.09
1790577349.110,0.00,0.000,0.000,0,0,0.0,543.09
1790577349.360,0.00,0.000,0.000,0,0,0.0,543.09
1790577349.610,0.00,0.000,0.000,0,0,0.0,543.09
1790577349.860,0.00,0.000,0.000,0,0,1.2,543.09
1790577350.110,0.00,0.000,0.000,0,0,0.0,543.09
1790577350.360,0.00,0.000,0.000,0,0,0.1,543.09
1790577350.610,0.00,0.000,0.000,0,0,0.0,543.09
1790577350.860,0.00,0.000,0.000,0,0,0.0,543.09
1790577351.110,0.00,0.000,0.000,0,0,0.4,543.09
1790577351.360,0.00,0.000,0.000,0,0,1.0,543.09
1790577351.610,0.00,0.000,0.000,0,0,0.3,543.09
1790577351.860,0.00,0.000,0.000,0,0,0.0,543.09
1790577352.110,0.00,0.000,0.000,0,0,0.0,543.09
1790577352.360,0.00,0.000,0.000,0,0,0.0,543.09
1790577352.610,0.00,0.000,0.000,0,0,0.0,543.09
1790577352.860,0.00,0.000,0.000,0,0,0.1,543.09
1790577353.110,0.00,0.000,0.000,0,0,1.9,543.09
1790577353.360,0.00,0.000,0.000,0,0,0.0,543.09
1790577353.610,0.00,0.000,0.000,0,0,0.0,543.09
1790577353.860,0.00,0.000,0.000,0,0,0.0,543.09
1790577354.110,0.00,0.000,0.000,0,0,0.0,543.09
1790577354.360,0.00,0.000,0.000,0,0,0.0,543.09
1790577354.610,0.00,0.000,0.000,0,0,1.1,543.09
1790577354.860,0.00,0.000,0.000,0,0,0.0,543.09
1790577355.110,0.00,0.000,0.000,0,0,0.7,543.09
1790577355.360,0.00,0.000,0.000,0,0,0.0,543.09
1790577355.610,0.00,0.000,0.000,0,0,0.0,543.09
1790577355.860,0.00,0.000,0.000,0,0,0.0,543.09
1790577356.110,0.00,0.000,0.000,0,0,0.5,543.09
1790577356.360,0.00,0.000,0.000,0,0,0.5,543.09
1790577356.610,0.00,0.000,0.000,0,0,0.1,543.09
1790577356.860,0.00,0.000,0.000,0,0,0.0,543.09
1790577357.110,0.00,0.000,0.000,0,0,0.6,543.09
1790577357.360,0.00,0.000,0.000,0,0,0.0,543.09
1790577357.610,0.00,0.000,0.000,0,0,0.0,543.09
1790577357.860,0.00,0.000,0.000,0,0,1.5,543.09
1790577358.110,0.00,0.000,0.000,0,0,0.1,543.09
1790577358.360,0.00,0.000,0.000,0,0,0.0,543.09
1790577358.610,0.00,0.000,0.000,0,0,0.1,543.09
1790577358.860,0.00,0.000,0.000,0,0,0.0,543.09
1790577359.110,0.00,0.000,0.000,0,0,0.0,543.09
1790577359.360,0.00,0.000,0.000,0,0,1.2,543.09
1790577359.610,0.00,0.000,0.000,0,0,0.0,543.09
1790577359.860,0.00,0.000,0.000,0,0,0.0,543.09
1790577360.110,0.00,0.000,0.000,0,0,0.2,543.09
1790577360.360,0.00,0.000,0.000,0,0,0.0,543.09
1790577360.610,0.00,0.000,0.000,0,0,0.0,543.09
1790577360.860,0.00,0.000,0.000,0,0,0.4,543.09
1790577361.110,0.00,0.000,0.000,0,0,1.0,543.09
1790577361.360,0.00,0.000,0.000,0,0,0.1,543.09
1790577361.610,0.00,0.000,0.000,0,0,0.1,543.09
1790577361.860,0.00,0.000,0.000,0,0,0.0,543.09
1790577362.110,0.00,0.000,0.000,0,0,0.2,543.09
1790577362.360,0.00,0.000,0.000,0,0,0.0,543.09
1790577362.610,0.00,0.000,0.000,0,0,1.6,543.09
1790577362.860,0.00,0.000,0.000,0,0,0.0,543.09
1790577363.110,0.00,0.000,0.000,0,0,0.1,543.09
1790577363.360,0.00,0.000,0.000,0,0,0.1,543.09
1790577363.610,0.00,0.000,0.000,0,0,0.0,543.09
1790577363.860,0.00,0.000,0.000,0,0,0.0,543.09
1790577364.110,0.00,0.000,0.000,0,0,1.0,543.09
1790577364.360,0.00,0.000,0.000,0,0,0.3,543.09
1790577364.610,0.00,0.000,0.000,0,0,0.0,543.09
1790577364.860,0.00,0.000,0.000,0,0,0.0,543.09
1790577365.110,0.00,0.000,0.000,0,0,0.1,543.09
1790577365.360,0.00,0.000,0.000,0,0,0.0,543.09
1790577365.610,0.00,0.000,0.000,0,0,0.0,543.09
1790577365.860,0.00,0.000,0.000,0,0,1.0,543.09
1790577366.110,0.00,0.000,0.000,0,0,0.0,543.09
1790577366.360,0.00,0.000,0.000,0,0,0.0,543.09
1790577366.610,0.00,0.000,0.000,0,0,0.1,543.10
1790577366.860,0.00,0.000,0.000,0,0,0.0,543.10
1790577367.110,0.00,0.000,0.000,0,0,0.0,543.10
1790577367.360,0.00,0.000,0.000,0,0,1.4,543.10
1790577367.610,0.00,0.000,0.000,0,0,0.0,543.10
1790577367.860,0.00,0.000,0.000,0,0,0.4,543.10
1790577368.110,0.00,0.000,0.000,0,0,0.1,543.10
1790577368.360,0.00,0.000,0.000,0,0,0.1,543.10
1790577368.610,0.00,0.000,0.000,0,0,0.0,543.10
1790577368.860,0.00,0.000,0.000,0,0,0.5,543.10
1790577369.110,0.00,0.000,0.000,0,0,1.0,543.10
1790577369.360,0.00,0.000,0.000,0,0,0.0,543.10
1790577369.610,0.00,0.000,0.000,0,0,0.0,543.10
1790577369.860,0.00,0.000,0.000,0,0,0.0,543.10
1790577370.110,0.00,0.000,0.000,0,0,0.0,543.10
1790577370.360,0.00,0.000,0.000,0,0,0.0,543.10
1790577370.610,0.00,0.000,0.000,0,0,1.4,543.10
1790577370.860,0.00,0.000,0.000,0,0,0.0,543.10
1790577371.110,0.00,0.000,0.000,0,0,0.1,543.10
1790577371.360,0.00,0.000,0.000,0,0,0.1,543.10
1790577371.610,0.00,0.000,0.000,0,0,0.0,543.10
1790577371.860,0.00,0.000,0.000,0,0,0.0,543.10
1790577372.110,0.00,0.000,0.000,0,0,1.4,543.10
1790577372.360,0.00,0.000,0.000,0,0,0.0,543.10
1790577372.610,0.00,0.000,0.000,0,0,0.2,543.10
1790577372.860,0.00,0.000,0.000,0,0,0.1,543.10
1790577373.110,0.00,0.000,0.000,0,0,0.0,543.10
1790577373.360,0.00,0.000,0.000,0,0,0.0,543.10
1790577373.610,0.00,0.000,0.000,0,0,0.6,543.10
1790577373.860,0.00,0.000,0.000,0,0,1.3,543.10
1790577374.110,0.00,0.000,0.000,0,0,0.1,543.10
1790577374.360,0.00,0.000,0.000,0,0,0.0,543.10
1790577374.610,0.00,0.000,0.000,0,0,0.1,543.10
1790577374.860,0.00,0.000,0.000,0,0,0.2,543.10
1790577375.110,0.00,0.000,0.000,0,0,0.4,543.10
1790577375.360,0.00,0.000,0.000,0,0,1.2,543.10
1790577375.610,0.00,0.000,0.000,0,0,0.0,543.10
1790577375.860,0.00,0.000,0.000,0,0,0.0,543.10
1790577376.110,0.00,0.000,0.000,0,0,0.0,543.10
1790577376.360,0.00,0.000,0.000,0,0,0.1,543.10
1790577376.610,0.00,0.000,0.000,0,0,0.0,543.10
1790577376.860,0.00,0.000,0.000,0,0,0.9,543.10
1790577377.110,0.00,0.000,0.000,0,0,0.3,543.10
1790577377.360,0.00,0.000,0.000,0,0,0.4,543.10
1790577377.610,0.00,0.000,0.000,0,0,0.1,543.10
1790577377.860,0.00,0.000,0.000,0,0,0.0,543.10
1790577378.110,0.00,0.000,0.000,0,0,0.0,543.10
1790577378.360,0.00,0.000,0.000,0,0,0.0,543.10
1790577378.610,0.00,0.000,0.000,0,0,1.1,543.10
1790577378.860,0.00,0.000,0.000,0,0,0.0,543.10
1790577379.110,0.00,0.000,0.000,0,0,0.0,543.10
1790577379.360,0.00,0.000,0.000,0,0,0.0,543.10
1790577379.610,0.00,0.000,0.000,0,0,0.0,543.10
1790577379.860,0.00,0.000,0.000,0,0,0.0,543.10
1790577380.110,0.00,0.000,0.000,0,0,1.0,543.10
1790577380.360,0.00,0.000,0.000,0,0,0.0,543.10
1790577380.610,0.00,0.000,0.000,0,0,0.1,543.10
1790577380.860,0.00,0.000,0.000,0,0,0.0,543.10
1790577381.110,0.00,0.000,0.000,0,0,0.0,543.10
1790577381.360,0.00,0.000,0.000,0,0,0.1,543.10
1790577381.610,0.00,0.000,0.000,0,0,0.6,543.10
1790577381.860,0.00,0.000,0.000,0,0,0.8,543.10
1790577382.110,0.00,0.000,0.000,0,0,0.0,543.10
1790577382.360,0.00,0.000,0.000,0,0,0.0,543.10
1790577382.610,0.00,0.000,0.000,0,0,0.1,543.10
1790577382.860,0.00,0.000,0.000,0,0,0.0,543.10
1790577383.110,0.00,0.000,0.000,0,0,0.1,543.10
1790577383.360,0.00,0.000,0.000,0,0,1.1,543.10
1790577383.610,0.00,0.000,0.000,0,0,0.0,543.10
1790577383.860,0.00,0.000,0.000,0,0,0.0,543.10
1790577384.110,0.00,0.000,0.000,0,0,0.0,543.10
1790577384.360,0.00,0.000,0.000,0,0,0.1,543.10
1790577384.610,0.00,0.000,0.000,0,0,0.1,543.10
1790577384.860,0.00,0.000,0.000,0,0,1.1,543.10
1790577385.110,0.00,0.000,0.000,0,0,0.0,543.10
1790577385.360,0.00,0.000,0.000,0,0,0.0,543.10
1790577385.610,0.00,0.000,0.000,0,0,0.0,543.10
1790577385.860,0.00,0.000,0.000,0,0,0.1,543.10
1790577386.110,0.00,0.000,0.000,0,0,0.4,543.10
1790577386.360,0.00,0.000,0.000,0,0,0.1,543.10
1790577386.610,0.00,0.000,0.000,0,0,1.4,543.10
1790577386.860,0.00,0.000,0.000,0,0,0.0,543.10
1790577387.110,0.00,0.000,0.000,0,0,17.4,543.10
1790577387.360,0.00,0.000,0.000,0,0,0.3,543.10
1790577387.610,0.00,0.000,0.000,0,0,0.0,543.10
1790577387.860,0.00,0.000,0.000,0,0,0.2,543.10
1790577388.110,0.00,0.000,0.000,0,0,1.2,543.10
1790577388.360,0.00,0.000,0.000,0,0,0.0,543.10
1790577388.610,0.00,0.000,0.000,0,0,0.1,543.10
1790577388.860,0.00,0.000,0.000,0,0,0.0,543.10
1790577389.110,0.00,0.000,0.000,0,0,0.0,543.10
1790577389.360,0.00,0.000,0.000,0,0,0.0,543.10
1790577389.610,0.00,0.000,0.000,0,0,0.7,543.10
1790577389.860,0.00,0.000,0.000,0,0,0.5,543.10
1790577390.110,0.00,0.000,0.000,0,0,0.0,543.10
1790577390.360,0.00,0.000,0.000,0,0,0.1,543.10
1790577390.610,0.00,0.000,0.000,0,0,0.0,543.10
1790577390.860,0.00,0.000,0.000,0,0,0.0,543.10
1790577391.110,0.00,0.000,0.000,0,0,0.2,543.10
1790577391.360,0.00,0.000,0.000,0,0,1.4,543.10
1790577391.610,0.00,0.000,0.000,0,0,0.0,543.10
1790577391.860,0.00,0.000,0.000,0,0,0.0,543.10
1790577392.110,0.00,0.000,0.000,0,0,0.0,543.10
1790577392.360,0.00,0.000,0.000,0,0,0.0,543.10
1790577392.610,0.00,0.000,0.000,0,0,0.0,543.10
1790577392.860,0.00,0.000,0.000,0,0,1.1,543.10
1790577393.110,0.00,0.000,0.000,0,0,0.0,543.10
1790577393.360,0.00,0.000,0.000,0,0,0.0,543.10
1790577393.610,0.00,0.000,0.000,0,0,0.0,543.10
1790577393.860,0.00,0.000,0.000,0,0,0.0,543.10
1790577394.110,0.00,0.000,0.000,0,0,0.0,543.10
1790577394.360,0.00,0.000,0.000,0,0,0.3,543.10
1790577394.610,0.00,0.000,0.000,0,0,1.3,543.10
1790577394.860,0.00,0.000,0.000,0,0,0.1,543.10
1790577395.110,0.00,0.000,0.000,0,0,0.0,543.10
1790577395.360,0.00,0.000,0.000,0,0,0.0,543.10
1790577395.610,0.00,0.000,0.000,0,0,0.0,543.10
1790577395.860,0.00,0.000,0.000,0,0,0.0,543.10
1790577396.110,0.00,0.000,0.000,0,0,1.1,543.10
1790577396.360,0.00,0.000,0.000,0,0,0.0,543.10
1790577396.610,0.00,0.000,0.000,0,0,0.0,543.10
1790577396.860,0.00,0.000,0.000,0,0,0.1,543.10
1790577397.110,0.00,0.000,0.000,0,0,0.0,543.10
1790577397.360,0.00,0.000,0.000,0,0,0.1,543.10
1790577397.610,0.00,0.000,0.000,0,0,1.0,543.10
1790577397.860,0.00,0.000,0.000,0,0,0.3,543.10
1790577398.110,0.00,0.000,0.000,0,0,0.0,543.10
1790577398.360,0.00,0.000,0.000,0,0,0.0,543.10
1790577398.610,0.00,0.000,0.000,0,0,0.0,543.10
1790577398.860,0.00,0.000,0.000,0,0,0.0,543.10
1790577399.110,0.00,0.000,0.000,0,0,0.0,543.10
1790577399.360,0.00,0.000,0.000,0,0,1.0,543.10
1790577399.610,0.00,0.000,0.000,0,0,0.0,543.10
1790577399.860,0.00,0.000,0.000,0,0,0.0,543.10
1790577400.110,0.00,0.000,0.000,0,0,0.0,543.10
1790577400.360,0.00,0.000,0.000,0,0,0.0,543.11
1790577400.610,0.00,0.000,0.000,0,0,0.0,543.11
1790577400.860,0.00,0.000,0.000,0,0,1.3,543.11
1790577401.110,0.00,0.000,0.000,0,0,0.0,543.11
1790577401.360,0.00,0.000,0.000,0,0,0.1,543.11
1790577401.610,0.00,0.000,0.000,0,0,0.0,543.11
1790577401.860,0.00,0.000,0.000,0,0,0.0,543.11
1790577402.110,0.00,0.000,0.000,0,0,0.0,543.11
1790577402.360,0.00,0.000,0.000,0,0,1.2,543.11
1790577402.610,0.00,0.000,0.000,0,0,0.9,543.11
1790577402.860,0.00,0.000,0.000,0,0,0.4,543.11
1790577403.110,0.00,0.000,0.000,0,0,0.0,543.11
1790577403.360,0.00,0.000,0.000,0,0,0.1,543.11
1790577403.610,0.00,0.000,0.000,0,0,0.0,543.11
1790577403.860,0.00,0.000,0.000,0,0,0.0,543.11
1790577404.110,0.00,0.000,0.000,0,0,0.0,543.11
1790577404.360,0.00,0.000,0.000,0,0,0.0,543.11
1790577404.610,0.00,0.000,0.000,0,0,0.0,543.11
1790577404.860,0.00,0.000,0.000,0,0,0.0,543.11
1790577405.110,0.00,0.000,0.000,0,0,0.0,543.11
1790577405.360,0.00,0.000,0.000,0,0,0.1,543.11
1790577405.610,0.00,0.000,0.000,0,0,0.0,543.11
1790577405.860,0.00,0.000,0.000,0,0,0.0,543.11
1790577406.110,0.00,0.000,0.000,0,0,0.0,543.11
1790577406.360,0.00,0.000,0.000,0,0,0.1,543.11
1790577406.610,0.00,0.000,0.000,0,0,0.0,543.11
1790577406.860,0.00,0.000,0.000,0,0,0.0,543.11
1790577407.110,0.00,0.000,0.000,0,0,0.0,543.11
1790577407.360,0.00,0.000,0.000,0,0,0.0,543.11
1790577407.610,0.00,0.000,0.000,0,0,0.0,543.11
1790577407.860,0.00,0.000,0.000,0,0,0.0,543.11
1790577408.110,0.00,0.000,0.000,0,0,0.0,543.11
1790577408.360,0.00,0.000,0.000,0,0,0.0,543.11
1790577408.610,0.00,0.000,0.000,0,0,0.0,543.11
1790577408.860,0.00,0.000,0.000,0,0,0.0,543.11
1790577409.110,0.00,0.000,0.000,0,0,0.0,543.11
1790577409.360,0.00,0.000,0.000,0,0,0.0,543.11
1790577409.610,0.00,0.000,0.000,0,0,0.0,543.11
1790577409.860,0.00,0.000,0.000,0,0,0.0,543.11
1790577410.110,0.00,0.000,0.000,0,0,0.0,543.11
1790577410.360,0.00,0.000,0.000,0,0,0.0,543.11
1790577410.610,0.00,0.000,0.000,0,0,0.0,543.11
1790577410.860,0.00,0.000,0.000,0,0,0.0,543.11
1790577411.110,0.00,0.000,0.000,0,0,0.0,543.11
1790577411.360,0.00,0.000,0.000,0,0,0.0,543.11
1790577411.610,0.00,0.000,0.000,0,0,0.4,543.11
1790577411.860,0.00,0.000,0.000,0,0,0.0,543.11
1790577412.110,0.00,0.000,0.000,0,0,0.0,543.11
1790577412.360,0.00,0.000,0.000,0,0,0.0,543.11
1790577412.610,0.00,0.000,0.000,0,0,0.0,543.11
1790577412.860,0.00,0.000,0.000,0,0,0.0,543.11
1790577413.110,0.00,0.000,0.000,0,0,0.0,543.11
1790577413.360,0.00,0.000,0.000,0,0,0.0,543.11
1790577413.610,0.00,0.000,0.000,0,0,0.0,543.11
1790577413.860,0.00,0.000,0.000,0,0,0.1,543.11
1790577414.110,0.00,0.000,0.000,0,0,0.0,543.11
1790577414.360,0.00,0.000,0.000,0,0,0.0,543.11
1790577414.610,0.00,0.000,0.000,0,0,0.0,543.11
1790577414.860,0.00,0.000,0.000,0,0,0.0,543.11
1790577415.110,0.00,0.000,0.000,0,0,0.0,543.11
1790577415.360,0.00,0.000,0.000,0,0,0.0,543.11
1790577415.610,0.00,0.000,0.000,0,0,0.0,543.11
1790577415.860,0.00,0.000,0.000,0,0,0.0,543.11
1790577416.110,0.00,0.000,0.000,0,0,0.0,543.11
1790577416.360,0.00,0.000,0.000,0,0,0.0,543.11
1790577416.610,0.00,0.000,0.000,0,0,0.0,543.11
1790577416.860,0.00,0.000,0.000,0,0,0.0,543.11
1790577417.110,0.00,0.000,0.000,0,0,0.0,543.11
1790577417.360,0.00,0.000,0.000,0,0,0.0,543.11
1790577417.610,0.00,0.000,0.000,0,0,0.0,543.11
1790577417.860,0.00,0.000,0.000,0,0,0.0,543.11
1790577418.110,0.00,0.000,0.000,0,0,0.0,543.11
1790577418.360,0.00,0.000,0.000,0,0,0.0,543.11
1790577418.610,0.00,0.000,0.000,0,0,0.3,543.11
1790577418.860,0.00,0.000,0.000,0,0,0.0,543.11
1790577419.110,0.00,0.000,0.000,0,0,0.0,543.11
1790577419.360,0.00,0.000,0.000,0,0,0.0,543.11
1790577419.610,0.00,0.000,0.000,0,0,0.0,543.11
1790577419.860,0.00,0.000,0.000,0,0,0.0,543.11
1790577420.110,0.00,0.000,0.000,0,0,0.0,543.11
1790577420.360,0.00,0.000,0.000,0,0,0.0,543.11
1790577420.610,0.00,0.000,0.000,0,0,0.4,543.11
1790577420.860,0.00,0.000,0.000,0,0,0.0,543.11
1790577421.110,0.00,0.000,0.000,0,0,0.1,543.11
1790577421.360,0.00,0.000,0.000,0,0,0.0,543.11
1790577421.610,0.00,0.000,0.000,0,0,0.0,543.11
1790577421.860,0.00,0.000,0.000,0,0,0.0,543.11
1790577422.110,0.00,0.000,0.000,0,0,0.0,543.11
1790577422.360,0.00,0.000,0.000,0,0,0.0,543.11
1790577422.610,0.00,0.000,0.000,0,0,0.0,543.11
1790577422.860,0.00,0.000,0.000,0,0,0.0,543.11
1790577423.110,0.00,0.000,0.000,0,0,0.0,543.11
1790577423.360,0.00,0.000,0.000,0,0,0.0,543.11
1790577423.610,0.00,0.000,0.000,0,0,0.0,543.11
1790577423.860,0.00,0.000,0.000,0,0,0.0,543.11
1790577424.110,0.00,0.000,0.000,0,0,0.0,543.11
1790577424.360,0.00,0.000,0.000,0,0,0.0,543.11
1790577424.610,0.00,0.000,0.000,0,0,0.0,543.11
1790577424.860,0.00,0.000,0.000,0,0,0.0,543.11
1790577425.110,0.00,0.000,0.000,0,0,0.0,543.11
1790577425.360,0.00,0.000,0.000,0,0,0.0,543.11
1790577425.610,0.00,0.000,0.000,0,0,0.0,543.11
1790577425.860,0.00,0.000,0.000,0,0,0.0,543.11
1790577426.110,0.00,0.000,0.000,0,0,0.0,543.11
1790577426.360,0.00,0.000,0.000,0,0,0.0,543.11
1790577426.610,0.00,0.000,0.000,0,0,0.0,543.11
1790577426.860,0.00,0.000,0.000,0,0,0.0,543.11
1790577427.110,0.00,0.000,0.000,0,0,0.6,543.11
1790577427.360,0.00,0.000,0.000,0,0,0.0,543.11
1790577427.610,0.00,0.000,0.000,0,0,0.1,543.11
1790577427.860,0.00,0.000,0.000,0,0,0.0,543.11
1790577428.110,0.00,0.000,0.000,0,0,0.0,543.11
1790577428.360,0.00,0.000,0.000,0,0,0.1,543.11
1790577428.610,0.00,0.000,0.000,0,0,0.0,543.11
1790577428.860,0.00,0.000,0.000,0,0,0.0,543.11
1790577429.110,0.00,0.000,0.000,0,0,0.1,543.11
1790577429.360,0.00,0.000,0.000,0,0,0.0,543.11
1790577429.610,0.00,0.000,0.000,0,0,0.3,543.11
1790577429.860,0.00,0.000,0.000,0,0,0.0,543.11
1790577430.110,0.00,0.000,0.000,0,0,0.1,543.11
1790577430.360,0.00,0.000,0.000,0,0,0.0,543.11
1790577430.610,0.00,0.000,0.000,0,0,0.1,543.11
1790577430.860,0.00,0.000,0.000,0,0,0.0,543.11
1790577431.110,0.00,0.000,0.000,0,0,0.0,543.11
1790577431.360,0.00,0.000,0.000,0,0,0.0,543.11
1790577431.610,0.00,0.000,0.000,0,0,0.0,543.11
1790577431.860,0.00,0.000,0.000,0,0,0.0,543.11
1790577432.110,0.00,0.000,0.000,0,0,0.1,543.11
1790577432.360,0.00,0.000,0.000,0,0,0.0,543.11
1790577432.610,0.00,0.000,0.000,0,0,0.0,543.11
1790577432.860,0.00,0.000,0.000,0,0,0.0,543.11
1790577433.110,0.00,0.000,0.000,0,0,0.0,543.11
1790577433.360,0.00,0.000,0.000,0,0,0.0,543.11
1790577433.610,0.00,0.000,0.000,0,0,0.1,543.11
1790577433.860,0.00,0.000,0.000,0,0,0.0,543.11
1790577434.110,0.00,0.000,0.000,0,0,0.0,543.11
1790577434.360,0.00,0.000,0.000,0,0,0.0,543.11
1790577434.610,0.00,0.000,0.000,0,0,0.0,543.11
1790577434.860,0.00,0.000,0.000,0,0,0.0,543.11
1790577435.110,0.00,0.000,0.000,0,0,0.0,543.11
1790577435.360,0.00,0.000,0.000,0,0,0.0,543.11
1790577435.610,0.00,0.000,0.000,0,0,0.0,543.11
1790577435.860,0.00,0.000,0.000,0,0,0.0,543.11
1790577436.110,0.00,0.000,0.000,0,0,0.0,543.11
1790577436.360,0.00,0.000,0.000,0,0,0.0,543.11
1790577436.610,0.00,0.000,0.000,0,0,0.0,543.11
1790577436.860,0.00,0.000,0.000,0,0,0.1,543.11
1790577437.110,0.00,0.000,0.000,0,0,0.1,543.11
1790577437.360,0.00,0.000,0.000,0,0,0.4,543.11
1790577437.610,0.00,0.000,0.000,0,0,0.0,543.11
1790577437.860,0.00,0.000,0.000,0,0,0.1,543.11
1790577438.110,0.00,0.000,0.000,0,0,0.4,543.11
1790577438.360,0.00,0.000,0.000,0,0,0.0,543.11
1790577438.610,0.00,0.000,0.000,0,0,0.2,543.11
1790577438.860,0.00,0.000,0.000,0,0,0.2,543.11
1790577439.110,0.00,0.000,0.000,0,0,0.0,543.11
1790577439.360,0.00,0.000,0.000,0,0,0.0,543.11
1790577439.610,0.00,0.000,0.000,0,0,0.4,543.11
1790577439.860,0.00,0.000,0.000,0,0,0.0,543.11
1790577440.110,0.00,0.000,0.000,0,0,0.1,543.11
1790577440.360,0.00,0.000,0.000,0,0,0.0,543.11
1790577440.610,0.00,0.000,0.000,0,0,0.1,543.11
1790577440.860,0.00,0.000,0.000,0,0,0.2,543.11
1790577441.110,0.00,0.000,0.000,0,0,0.0,543.11
1790577441.360,0.00,0.000,0.000,0,0,0.1,543.11
1790577441.610,0.00,0.000,0.000,0,0,0.1,543.11
1790577441.860,0.00,0.000,0.000,0,0,0.0,543.11
1790577442.110,0.00,0.000,0.000,0,0,0.0,543.11
1790577442.360,0.00,0.000,0.000,0,0,0.4,543.11
1790577442.610,0.00,0.000,0.000,0,0,0.0,543.11
1790577442.860,0.00,0.000,0.000,0,0,0.1,543.11
1790577443.110,0.00,0.000,0.000,0,0,24.0,543.10
1790577443.360,0.00,0.000,0.000,0,0,0.1,543.10
1790577443.610,0.00,0.000,0.000,0,0,0.0,543.10
1790577443.860,0.00,0.000,0.000,0,0,0.0,543.10
1790577444.110,0.00,0.000,0.000,0,0,0.0,543.10
1790577444.360,0.00,0.000,0.000,0,0,0.0,543.10
1790577444.610,0.00,0.000,0.000,0,0,0.0,543.10
1790577444.860,0.00,0.000,0.000,0,0,0.0,543.10
1790577445.110,0.00,0.000,0.000,0,0,0.1,543.10
1790577445.360,0.00,0.000,0.000,0,0,0.0,543.09
1790577445.610,0.00,0.000,0.000,0,0,0.0,543.09
1790577445.860,0.00,0.000,0.000,0,0,0.1,543.09
1790577446.110,0.00,0.000,0.000,0,0,0.4,543.09
1790577446.360,0.00,0.000,0.000,0,0,0.1,543.10
1790577446.610,0.00,0.000,0.000,0,0,0.0,543.10
1790577446.860,0.00,0.000,0.000,0,0,0.0,543.10
1790577447.110,0.00,0.000,0.000,0,0,0.1,543.10
1790577447.360,0.00,0.000,0.000,0,0,0.3,543.10
1790577447.610,0.00,0.000,0.000,0,0,0.0,543.10
1790577447.860,0.00,0.000,0.000,0,0,0.1,543.10
1790577448.110,0.00,0.000,0.000,0,0,0.0,543.10
1790577448.360,0.00,0.000,0.000,0,0,0.1,543.09
1790577448.610,0.00,0.000,0.000,0,0,0.0,543.09
1790577448.860,0.00,0.000,0.000,0,0,0.5,543.10
1790577449.110,0.00,0.000,0.000,0,0,0.1,543.10
1790577449.360,0.00,0.000,0.000,0,0,0.0,543.10
1790577449.610,0.00,0.000,0.000,0,0,0.0,543.10
1790577449.860,0.00,0.000,0.000,0,0,0.0,543.09
1790577450.110,0.00,0.000,0.000,0,0,0.0,543.09
1790577450.360,0.00,0.000,0.000,0,0,0.1,543.09
1790577450.610,0.00,0.000,0.000,0,0,0.1,543.09
1790577450.860,0.00,0.000,0.000,0,0,0.1,543.09
1790577451.110,0.00,0.000,0.000,0,0,0.0,543.09
1790577451.360,0.00,0.000,0.000,0,0,0.5,543.09
1790577451.610,0.00,0.000,0.000,0,0,0.4,543.10
1790577451.860,0.00,0.000,0.000,0,0,0.1,543.09
1790577452.110,0.00,0.000,0.000,0,0,0.0,543.09
1790577452.360,0.00,0.000,0.000,0,0,0.1,543.10
1790577452.610,0.00,0.000,0.000,0,0,0.1,543.10
1790577452.860,0.00,0.000,0.000,0,0,0.1,543.10
1790577453.110,0.00,0.000,0.000,0,0,0.0,543.10
1790577453.360,0.00,0.000,0.000,0,0,0.1,543.10
1790577453.610,0.00,0.000,0.000,0,0,0.0,543.10
1790577453.860,0.00,0.000,0.000,0,0,0.0,543.10
1790577454.110,0.00,0.000,0.000,0,0,0.0,543.09
1790577454.360,0.00,0.000,0.000,0,0,0.5,543.09
1790577454.610,0.00,0.000,0.000,0,0,0.1,543.09
1790577454.860,0.00,0.000,0.000,0,0,0.0,543.09
1790577455.110,0.00,0.000,0.000,0,0,0.1,543.09
1790577455.360,0.00,0.000,0.000,0,0,0.1,543.09
1790577455.610,0.00,0.000,0.000,0,0,0.0,543.10
1790577455.860,0.00,0.000,0.000,0,0,0.1,543.10
1790577456.110,0.00,0.000,0.000,0,0,0.0,543.10
1790577456.360,0.00,0.000,0.000,0,0,0.0,543.10
1790577456.610,0.00,0.000,0.000,0,0,0.0,543.10
1790577456.860,0.00,0.000,0.000,0,0,0.1,543.10
1790577457.110,0.00,0.000,0.000,0,0,0.1,543.10
1790577457.360,0.00,0.000,0.000,0,0,0.0,543.10
1790577457.610,0.00,0.000,0.000,0,0,0.2,543.10
1790577457.860,0.00,0.000,0.000,0,0,0.2,543.10
1790577458.110,0.00,0.000,0.000,0,0,0.1,543.10
1790577458.360,0.00,0.000,0.000,0,0,0.0,543.10
1790577458.610,0.00,0.000,0.000,0,0,0.0,543.10
1790577458.860,0.00,0.000,0.000,0,0,0.0,543.10
1790577459.110,0.00,0.000,0.000,0,0,0.0,543.10
1790577459.360,0.00,0.000,0.000,0,0,0.0,543.10
1790577459.610,0.00,0.000,0.000,0,0,0.2,543.10
1790577459.860,0.00,0.000,0.000,0,0,0.2,543.10
1790577460.110,0.00,0.000,0.000,0,0,0.3,543.10
1790577460.360,0.00,0.000,0.000,0,0,0.2,543.10
1790577460.610,0.00,0.000,0.000,0,0,0.0,543.10
1790577460.860,0.00,0.000,0.000,0,0,0.1,543.10
1790577461.110,0.00,0.000,0.000,0,0,0.3,543.10
1790577461.360,0.00,0.000,0.000,0,0,0.4,543.10
1790577461.610,0.00,0.000,0.000,0,0,0.0,543.10
1790577461.860,0.00,0.000,0.000,0,0,0.1,543.10
1790577462.110,0.00,0.000,0.000,0,0,0.0,543.10
1790577462.360,0.00,0.000,0.000,0,0,0.0,543.10
1790577462.610,0.00,0.000,0.000,0,0,0.1,543.10
1790577462.860,0.00,0.000,0.000,0,0,0.3,543.10
1790577463.110,0.00,0.000,0.000,0,0,0.0,543.10
1790577463.360,0.00,0.000,0.000,0,0,0.3,543.10
1790577463.610,0.00,0.000,0.000,0,0,0.0,543.10
1790577463.860,0.00,0.000,0.000,0,0,0.0,543.10
1790577464.110,0.00,0.000,0.000,0,0,0.1,543.10
1790577464.360,0.00,0.000,0.000,0,0,0.3,543.10
1790577464.610,0.00,0.000,0.000,0,0,0.0,543.10
1790577464.860,0.00,0.000,0.000,0,0,0.1,543.10
1790577465.110,0.00,0.000,0.000,0,0,0.2,543.10
1790577465.360,0.00,0.000,0.000,0,0,0.1,543.10
1790577465.610,0.00,0.000,0.000,0,0,0.1,543.10
1790577465.860,0.00,0.000,0.000,0,0,0.1,543.10
1790577466.110,0.00,0.000,0.000,0,0,0.1,543.10
1790577466.360,0.00,0.000,0.000,0,0,0.0,543.10
1790577466.610,0.00,0.000,0.000,0,0,0.0,543.10
1790577466.860,0.00,0.000,0.000,0,0,0.2,543.10
1790577467.110,0.00,0.000,0.000,0,0,0.0,543.10
1790577467.360,0.00,0.000,0.000,0,0,0.1,543.10
1790577467.610,0.00,0.000,0.000,0,0,0.1,543.10
1790577467.860,0.00,0.000,0.000,0,0,0.0,543.10
1790577468.110,0.00,0.000,0.000,0,0,0.0,543.10
1790577468.360,0.00,0.000,0.000,0,0,0.0,543.10
1790577468.610,0.00,0.000,0.000,0,0,0.0,543.10
1790577468.860,0.00,0.000,0.000,0,0,0.2,543.10
1790577469.110,0.00,0.000,0.000,0,0,0.3,543.10
1790577469.360,0.00,0.000,0.000,0,0,0.0,543.10
1790577469.610,0.00,0.000,0.000,0,0,0.1,543.10
1790577469.860,0.00,0.000,0.000,0,0,0.0,543.10
1790577470.110,0.00,0.000,0.000,0,0,0.0,543.10
1790577470.360,0.00,0.000,0.000,0,0,0.0,543.10
1790577470.610,0.00,0.000,0.000,0,0,0.3,543.10
1790577470.860,0.00,0.000,0.000,0,0,0.0,543.10
1790577471.110,0.00,0.000,0.000,0,0,0.0,543.10
1790577471.360,0.00,0.000,0.000,0,0,0.0,543.10
1790577471.610,0.00,0.000,0.000,0,0,0.0,543.10
1790577471.860,0.00,0.000,0.000,0,0,0.0,543.10
1790577472.110,0.00,0.000,0.000,0,0,0.0,543.10
1790577472.360,0.00,0.000,0.000,0,0,0.2,543.10
1790577472.610,0.00,0.000,0.000,0,0,0.3,543.10
1790577472.860,0.00,0.000,0.000,0,0,0.0,543.10
1790577473.110,0.00,0.000,0.000,0,0,0.0,543.10
1790577473.360,0.00,0.000,0.000,0,0,0.0,543.10
1790577473.610,0.00,0.000,0.000,0,0,0.1,543.10
1790577473.860,0.00,0.000,0.000,0,0,0.0,543.10
1790577474.110,0.00,0.000,0.000,0,0,0.0,543.10
1790577474.360,0.00,0.000,0.000,0,0,0.0,543.10
1790577474.610,0.00,0.000,0.000,0,0,0.0,543.10
1790577474.860,0.00,0.000,0.000,0,0,0.1,543.10
1790577475.110,0.00,0.000,0.000,0,0,0.0,543.10
1790577475.360,0.00,0.000,0.000,0,0,0.0,543.10
1790577475.610,0.00,0.000,0.000,0,0,0.0,543.10
1790577475.860,0.00,0.000,0.000,0,0,0.0,543.10
1790577476.110,0.00,0.000,0.000,0,0,0.0,543.10
1790577476.360,0.00,0.000,0.000,0,0,0.0,543.10
1790577476.610,0.00,0.000,0.000,0,0,0.0,543.10
1790577476.860,0.00,0.000,0.000,0,0,0.0,543.10
1790577477.110,0.00,0.000,0.000,0,0,0.0,543.10
1790577477.360,0.00,0.000,0.000,0,0,0.0,543.10
1790577477.610,0.00,0.000,0.000,0,0,0.0,543.10
1790577477.860,0.00,0.000,0.000,0,0,0.1,543.10
1790577478.110,0.00,0.000,0.000,0,0,0.0,543.10
1790577478.360,0.00,0.000,0.000,0,0,0.0,543.10
1790577478.610,0.00,0.000,0.000,0,0,0.0,543.10
1790577478.860,0.00,0.000,0.000,0,0,0.2,543.10
1790577479.110,0.00,0.000,0.000,0,0,0.0,543.10
1790577479.360,0.00,0.000,0.000,0,0,0.0,543.10
1790577479.610,0.00,0.000,0.000,0,0,0.0,543.10
1790577479.860,0.00,0.000,0.000,0,0,0.0,543.10
1790577480.110,0.00,0.000,0.000,0,0,0.0,543.10
1790577480.360,0.00,0.000,0.000,0,0,0.0,543.10
1790577480.610,0.00,0.000,0.000,0,0,0.0,543.10
1790577480.860,0.00,0.000,0.000,0,0,0.0,543.10
1790577481.110,0.00,0.000,0.000,0,0,0.0,543.10
1790577481.360,0.00,0.000,0.000,0,0,0.0,543.10
1790577481.610,0.00,0.000,0.000,0,0,0.0,543.10
1790577481.860,0.00,0.000,0.000,0,0,0.1,543.10
1790577482.110,0.00,0.000,0.000,0,0,0.0,543.10
1790577482.360,0.00,0.000,0.000,0,0,0.4,543.10
1790577482.610,0.00,0.000,0.000,0,0,0.0,543.10
1790577482.860,0.00,0.000,0.000,0,0,0.0,543.10
1790577483.110,0.00,0.000,0.000,0,0,0.0,543.10
1790577483.360,0.00,0.000,0.000,0,0,0.0,543.10
1790577483.610,0.00,0.000,0.000,0,0,0.0,543.10
1790577483.860,0.00,0.000,0.000,0,0,0.0,543.10
1790577484.110,0.00,0.000,0.000,0,0,0.0,543.10
1790577484.360,0.00,0.000,0.000,0,0,0.0,543.10
1790577484.610,0.00,0.000,0.000,0,0,0.0,543.10
1790577484.860,0.00,0.000,0.000,0,0,0.1,543.10
1790577485.110,0.00,0.000,0.000,0,0,0.2,543.10
1790577485.360,0.00,0.000,0.000,0,0,0.1,543.10
1790577485.610,0.00,0.000,0.000,0,0,0.0,543.10
1790577485.860,0.00,0.000,0.000,0,0,0.1,543.10
1790577486.110,0.00,0.000,0.000,0,0,0.1,543.10
1790577486.360,0.00,0.000,0.000,0,0,0.0,543.10
1790577486.610,0.00,0.000,0.000,0,0,0.0,543.10
1790577486.860,0.00,0.000,0.000,0,0,0.0,543.10
1790577487.110,0.00,0.000,0.000,0,0,0.1,543.10
1790577487.360,0.00,0.000,0.000,0,0,0.1,543.10
1790577487.610,0.00,0.000,0.000,0,0,0.0,543.10
1790577487.860,0.00,0.000,0.000,0,0,0.0,543.10
1790577488.110,0.00,0.000,0.000,0,0,0.1,543.10
1790577488.360,0.00,0.000,0.000,0,0,0.0,543.10
1790577488.610,0.00,0.000,0.000,0,0,0.1,543.10
1790577488.860,0.00,0.000,0.000,0,0,0.0,543.10
1790577489.110,0.00,0.000,0.000,0,0,0.1,543.10
1790577489.360,0.00,0.000,0.000,0,0,0.1,543.10
1790577489.610,0.00,0.000,0.000,0,0,0.0,543.10
1790577489.860,0.00,0.000,0.000,0,0,0.1,543.10
1790577490.110,0.00,0.000,0.000,0,0,0.0,543.10
1790577490.360,0.00,0.000,0.000,0,0,0.0,543.10
1790577490.610,0.00,0.000,0.000,0,0,0.0,543.10
1790577490.860,0.00,0.000,0.000,0,0,0.5,543.10
1790577491.110,0.00,0.000,0.000,0,0,0.0,543.10
1790577491.360,0.00,0.000,0.000,0,0,0.0,543.10
1790577491.610,0.00,0.000,0.000,0,0,0.5,543.10
1790577491.860,0.00,0.000,0.000,0,0,0.1,543.10
1790577492.110,0.00,0.000,0.000,0,0,0.1,543.10
1790577492.360,0.00,0.000,0.000,0,0,0.0,543.10
1790577492.610,0.00,0.000,0.000,0,0,0.1,543.10
1790577492.860,0.00,0.000,0.000,0,0,0.1,543.10
1790577493.110,0.00,0.000,0.000,0,0,0.6,543.10
1790577493.360,0.00,0.000,0.000,0,0,0.1,543.10
1790577493.610,0.00,0.000,0.000,0,0,0.0,543.10
1790577493.860,0.00,0.000,0.000,0,0,0.2,543.10
1790577494.110,0.00,0.000,0.000,0,0,0.0,543.10
1790577494.360,0.00,0.000,0.000,0,0,0.0,543.10
1790577494.610,0.00,0.000,0.000,0,0,0.0,543.10
1790577494.860,0.00,0.000,0.000,0,0,0.0,543.10
1790577495.110,0.00,0.000,0.000,0,0,1.1,543.10
1790577495.360,0.00,0.000,0.000,0,0,0.2,543.10
1790577495.610,0.00,0.000,0.000,0,0,0.0,543.10
1790577495.860,0.00,0.000,0.000,0,0,0.0,543.10
1790577496.110,0.00,0.000,0.000,0,0,0.4,543.10
1790577496.360,0.00,0.000,0.000,0,0,0.0,543.10
1790577496.610,0.00,0.000,0.000,0,0,0.0,543.10
1790577496.860,0.00,0.000,0.000,0,0,0.0,543.10
1790577497.110,0.00,0.000,0.000,0,0,0.2,543.10
1790577497.360,0.00,0.000,0.000,0,0,0.1,543.10
1790577497.610,0.00,0.000,0.000,0,0,0.0,543.10
1790577497.860,0.00,0.000,0.000,0,0,0.0,543.10
1790577498.110,0.00,0.000,0.000,0,0,0.0,543.10
1790577498.360,0.00,0.000,0.000,0,0,0.1,543.10
1790577498.610,0.00,0.000,0.000,0,0,0.0,543.10
1790577498.860,0.00,0.000,0.000,0,0,0.0,543.10
1790577499.110,0.00,0.000,0.000,0,0,0.0,543.10
1790577499.360,0.00,0.000,0.000,0,0,0.1,543.10
1790577499.610,0.00,0.000,0.000,0,0,0.0,543.10
1790577499.860,0.00,0.000,0.000,0,0,0.0,543.10
1790577500.110,0.00,0.000,0.000,0,0,0.3,543.10
1790577500.360,0.00,0.000,0.000,0,0,0.2,543.10
1790577500.610,0.00,0.000,0.000,0,0,0.0,543.10
1790577500.860,0.00,0.000,0.000,0,0,0.0,543.10
1790577501.110,0.00,0.000,0.000,0,0,0.0,543.10
1790577501.360,0.00,0.000,0.000,0,0,0.0,543.10
1790577501.610,0.00,0.000,0.000,0,0,0.0,543.10
1790577501.860,0.00,0.000,0.000,0,0,0.0,543.10
1790577502.110,0.00,0.000,0.000,0,0,0.0,543.10
1790577502.360,0.00,0.000,0.000,0,0,0.0,543.10
1790577502.610,0.00,0.000,0.000,0,0,0.0,543.10
1790577502.860,0.00,0.000,0.000,0,0,0.0,543.10
1790577503.110,0.00,0.000,0.000,0,0,0.0,543.10
1790577503.360,0.00,0.000,0.000,0,0,0.0,543.10
1790577503.610,0.00,0.000,0.000,0,0,0.0,543.10
1790577503.860,0.00,0.000,0.000,0,0,0.0,543.10
1790577504.110,0.00,0.000,0.000,0,0,0.0,543.10
1790577504.360,0.00,0.000,0.000,0,0,0.1,543.10
1790577504.610,0.00,0.000,0.000,0,0,0.0,543.10
1790577504.860,0.00,0.000,0.000,0,0,0.3,543.10
1790577505.110,0.00,0.000,0.000,0,0,0.1,543.10
1790577505.360,0.00,0.000,0.000,0,0,0.1,543.10
1790577505.610,0.00,0.000,0.000,0,0,0.0,543.10
1790577505.860,0.00,0.000,0.000,0,0,0.1,543.10
1790577506.110,0.00,0.000,0.000,0,0,0.2,543.10
1790577506.360,0.00,0.000,0.000,0,0,0.1,543.10
1790577506.610,0.00,0.000,0.000,0,0,0.0,543.10
1790577506.860,0.00,0.000,0.000,0,0,0.1,543.10
1790577507.110,0.00,0.000,0.000,0,0,0.2,543.10
1790577507.360,0.00,0.000,0.000,0,0,0.1,543.10
1790577507.610,0.00,0.000,0.000,0,0,0.1,543.10
1790577507.860,0.00,0.000,0.000,0,0,0.6,543.10
1790577508.110,0.00,0.000,0.000,0,0,0.3,543.10
1790577508.360,0.00,0.000,0.000,0,0,0.3,543.10
1790577508.610,0.00,0.000,0.000,0,0,0.0,543.10
1790577508.860,0.00,0.000,0.000,0,0,0.1,543.10
1790577509.110,0.00,0.000,0.000,0,0,0.0,543.10
1790577509.360,0.00,0.000,0.000,0,0,0.1,543.10
1790577509.610,0.00,0.000,0.000,0,0,0.0,543.10
1790577509.860,0.00,0.000,0.000,0,0,0.0,543.10
1790577510.110,0.00,0.000,0.000,0,0,0.0,543.10
1790577510.360,0.00,0.000,0.000,0,0,0.2,543.10
1790577510.610,0.00,0.000,0.000,0,0,0.0,543.10
1790577510.860,0.00,0.000,0.000,0,0,0.0,543.10
1790577511.110,0.00,0.000,0.000,0,0,0.0,543.10
1790577511.360,0.00,0.000,0.000,0,0,0.0,543.10
1790577511.610,0.00,0.000,0.000,0,0,0.0,543.10
1790577511.860,0.00,0.000,0.000,0,0,0.0,543.10
1790577512.110,0.00,0.000,0.000,0,0,0.0,543.10
1790577512.360,0.00,0.000,0.000,0,0,0.0,543.10
1790577512.610,0.00,0.000,0.000,0,0,0.0,543.10
1790577512.860,0.00,0.000,0.000,0,0,0.0,543.10
1790577513.110,0.00,0.000,0.000,0,0,0.0,543.10
1790577513.360,0.00,0.000,0.000,0,0,0.0,543.10
1790577513.610,0.00,0.000,0.000,0,0,0.0,543.10
1790577513.860,0.00,0.000,0.000,0,0,0.0,543.10
1790577514.110,0.00,0.000,0.000,0,0,15.4,543.10
1790577514.360,0.00,0.000,0.000,0,0,0.0,543.10
1790577514.610,0.00,0.000,0.000,0,0,0.0,543.10
1790577514.860,0.00,0.000,0.000,0,0,0.0,543.10
1790577515.110,0.00,0.000,0.000,0,0,0.0,543.10
1790577515.360,0.00,0.000,0.000,0,0,0.2,543.10
1790577515.610,0.00,0.000,0.000,0,0,0.0,543.10
1790577515.860,0.00,0.000,0.000,0,0,0.0,543.10
1790577516.110,0.00,0.000,0.000,0,0,0.0,543.10
1790577516.360,0.00,0.000,0.000,0,0,0.0,543.10
1790577516.610,0.00,0.000,0.000,0,0,0.0,543.10
1790577516.860,0.00,0.000,0.000,0,0,0.0,543.10
1790577517.110,0.00,0.000,0.000,0,0,0.1,543.12
1790577517.360,0.00,0.000,0.000,0,0,0.1,543.11
1790577517.610,0.00,0.000,0.000,0,0,0.0,543.11
1790577517.860,0.00,0.000,0.000,0,0,0.0,543.11
1790577518.110,0.00,0.000,0.000,0,0,0.0,543.11
1790577518.360,0.00,0.000,0.000,0,0,0.0,543.11
1790577518.610,0.00,0.000,0.000,0,0,0.0,543.11
1790577518.860,0.00,0.000,0.000,0,0,0.0,543.11
1790577519.110,0.00,0.000,0.000,0,0,0.0,543.11
1790577519.360,0.00,0.000,0.000,0,0,0.0,543.11
1790577519.610,0.00,0.000,0.000,0,0,0.0,543.11
1790577519.860,0.00,0.000,0.000,0,0,0.8,543.11
1790577520.110,0.00,0.000,0.000,0,0,0.0,543.11
1790577520.360,0.00,0.000,0.000,0,0,0.0,543.11
1790577520.610,0.00,0.000,0.000,0,0,0.0,543.11
1790577520.860,0.00,0.000,0.000,0,0,0.0,543.11
1790577521.110,0.00,0.000,0.000,0,0,0.0,543.11
1790577521.360,0.00,0.000,0.000,0,0,0.0,543.11
1790577521.610,0.00,0.000,0.000,0,0,0.0,543.11
1790577521.860,0.00,0.000,0.000,0,0,0.0,543.11
1790577522.110,0.00,0.000,0.000,0,0,0.0,543.11
1790577522.360,0.00,0.000,0.000,0,0,0.0,543.11
1790577522.610,0.00,0.000,0.000,0,0,0.0,543.11
1790577522.860,0.00,0.000,0.000,0,0,0.0,543.11
1790577523.110,0.00,0.000,0.000,0,0,0.1,543.11
1790577523.360,0.00,0.000,0.000,0,0,0.0,543.11
1790577523.610,0.00,0.000,0.000,0,0,0.0,543.11
1790577523.860,0.00,0.000,0.000,0,0,0.0,543.11
1790577524.110,0.00,0.000,0.000,0,0,0.1,543.11
1790577524.360,0.00,0.000,0.000,0,0,0.1,543.11
1790577524.610,0.00,0.000,0.000,0,0,0.0,543.11
1790577524.860,0.00,0.000,0.000,0,0,0.1,543.11
1790577525.110,0.00,0.000,0.000,0,0,0.0,543.11
1790577525.360,0.00,0.000,0.000,0,0,0.0,543.11
1790577525.610,0.00,0.000,0.000,0,0,0.1,543.11
1790577525.860,0.00,0.000,0.000,0,0,0.1,543.11
1790577526.110,0.00,0.000,0.000,0,0,0.0,543.11
1790577526.360,0.00,0.000,0.000,0,0,0.1,543.11
1790577526.610,0.00,0.000,0.000,0,0,0.0,543.11
1790577526.860,0.00,0.000,0.000,0,0,0.2,543.11
1790577527.110,0.00,0.000,0.000,0,0,0.0,543.11
1790577527.360,0.00,0.000,0.000,0,0,0.0,543.11
1790577527.610,0.00,0.000,0.000,0,0,0.1,543.11
1790577527.860,0.00,0.000,0.000,0,0,0.1,543.11
1790577528.110,0.00,0.000,0.000,0,0,0.0,543.11
1790577528.360,0.00,0.000,0.000,0,0,0.1,543.11
1790577528.610,0.00,0.000,0.000,0,0,0.0,543.11
1790577528.860,0.00,0.000,0.000,0,0,0.0,543.11
1790577529.110,0.00,0.000,0.000,0,0,0.0,543.11
1790577529.360,0.00,0.000,0.000,0,0,0.0,543.11
1790577529.610,0.00,0.000,0.000,0,0,0.0,543.11
1790577529.860,0.00,0.000,0.000,0,0,0.0,543.11
1790577530.110,0.00,0.000,0.000,0,0,0.1,543.11
1790577530.360,0.00,0.000,0.000,0,0,0.0,543.11
1790577530.610,0.00,0.000,0.000,0,0,0.0,543.11
1790577530.860,0.00,0.000,0.000,0,0,0.0,543.11
1790577531.110,0.00,0.000,0.000,0,0,0.0,543.11
1790577531.360,0.00,0.000,0.000,0,0,0.0,543.11
1790577531.610,0.00,0.000,0.000,0,0,0.0,543.11
1790577531.860,0.00,0.000,0.000,0,0,0.0,543.11
1790577532.110,0.00,0.000,0.000,0,0,0.0,543.11
1790577532.360,0.00,0.000,0.000,0,0,0.0,543.11
1790577532.610,0.00,0.000,0.000,0,0,0.0,543.11
1790577532.860,0.00,0.000,0.000,0,0,0.0,543.11
1790577533.110,0.00,0.000,0.000,0,0,0.1,543.11
1790577533.360,0.00,0.000,0.000,0,0,0.0,543.11
1790577533.610,0.00,0.000,0.000,0,0,0.0,543.11
1790577533.860,0.00,0.000,0.000,0,0,0.0,543.11
1790577534.110,0.00,0.000,0.000,0,0,0.9,543.11
1790577534.360,0.00,0.000,0.000,0,0,0.0,543.11
1790577534.610,0.00,0.000,0.000,0,0,0.0,543.11
1790577534.860,0.00,0.000,0.000,0,0,0.0,543.11
1790577535.110,0.00,0.000,0.000,0,0,0.0,543.11
1790577535.360,0.00,0.000,0.000,0,0,0.0,543.11
1790577535.610,0.00,0.000,0.000,0,0,0.2,543.11
1790577535.860,0.00,0.000,0.000,0,0,0.1,543.11
1790577536.110,0.00,0.000,0.000,0,0,0.0,543.11
1790577536.360,0.00,0.000,0.000,0,0,0.0,543.11
1790577536.610,0.00,0.000,0.000,0,0,0.0,543.11
1790577536.860,0.00,0.000,0.000,0,0,0.1,543.11
1790577537.110,0.00,0.000,0.000,0,0,0.0,543.11
1790577537.360,0.00,0.000,0.000,0,0,0.0,543.11
1790577537.610,0.00,0.000,0.000,0,0,0.0,543.11
1790577537.860,0.00,0.000,0.000,0,0,0.1,543.11
1790577538.110,0.00,0.000,0.000,0,0,0.0,543.11
1790577538.360,0.00,0.000,0.000,0,0,0.1,543.11
1790577538.610,0.00,0.000,0.000,0,0,0.0,543.11
1790577538.860,0.00,0.000,0.000,0,0,0.2,543.11
1790577539.110,0.00,0.000,0.000,0,0,0.2,543.11
1790577539.360,0.00,0.000,0.000,0,0,0.0,543.11
1790577539.610,0.00,0.000,0.000,0,0,0.0,543.11
1790577539.860,0.00,0.000,0.000,0,0,0.0,543.11
1790577540.110,0.00,0.000,0.000,0,0,0.0,543.11
1790577540.360,0.00,0.000,0.000,0,0,0.0,543.11
1790577540.610,0.00,0.000,0.000,0,0,0.0,543.11
1790577540.860,0.00,0.000,0.000,0,0,0.0,543.11
1790577541.110,0.00,0.000,0.000,0,0,0.0,543.11
1790577541.360,0.00,0.000,0.000,0,0,0.1,543.11
1790577541.610,0.00,0.000,0.000,0,0,0.0,543.11
1790577541.860,0.00,0.000,0.000,0,0,0.0,543.11
1790577542.110,0.00,0.000,0.000,0,0,0.0,543.11
1790577542.360,0.00,0.000,0.000,0,0,0.0,543.11
1790577542.610,0.00,0.000,0.000,0,0,0.0,543.11
1790577542.860,0.00,0.000,0.000,0,0,0.0,543.11
1790577543.110,0.00,0.000,0.000,0,0,0.0,543.11
1790577543.360,0.00,0.000,0.000,0,0,0.0,543.11
1790577543.610,0.00,0.000,0.000,0,0,0.0,543.11
1790577543.860,0.00,0.000,0.000,0,0,0.0,543.11
1790577544.110,0.00,0.000,0.000,0,0,0.0,543.11
1790577544.360,0.00,0.000,0.000,0,0,0.0,543.11
1790577544.610,0.00,0.000,0.000,0,0,0.0,543.11
1790577544.860,0.00,0.000,0.000,0,0,0.0,543.11
1790577545.110,0.00,0.000,0.000,0,0,0.0,543.11
1790577545.360,0.00,0.000,0.000,0,0,0.0,543.11
1790577545.610,0.00,0.000,0.000,0,0,0.0,543.11
1790577545.860,0.00,0.000,0.000,0,0,0.0,543.11
1790577546.110,0.00,0.000,0.000,0,0,0.0,543.11
1790577546.360,0.00,0.000,0.000,0,0,0.0,543.11
1790577546.610,0.00,0.000,0.000,0,0,0.0,543.11
1790577546.860,0.00,0.000,0.000,0,0,0.0,543.11
1790577547.110,0.00,0.000,0.000,0,0,0.0,543.11
1790577547.360,0.00,0.000,0.000,0,0,0.0,543.11
1790577547.610,0.00,0.000,0.000,0,0,0.0,543.11
1790577547.860,0.00,0.000,0.000,0,0,0.0,543.11
1790577548.110,0.00,0.000,0.000,0,0,0.0,543.11
1790577548.360,0.00,0.000,0.000,0,0,0.0,543.11
1790577548.610,0.00,0.000,0.000,0,0,0.0,543.11
1790577548.860,0.00,0.000,0.000,0,0,0.0,543.11
1790577549.110,0.00,0.000,0.000,0,0,0.0,543.11
1790577549.360,0.00,0.000,0.000,0,0,0.0,543.11
1790577549.610,0.00,0.000,0.000,0,0,0.0,543.11
1790577549.860,0.00,0.000,0.000,0,0,0.0,543.11
1790577550.110,0.00,0.000,0.000,0,0,0.0,543.11
1790577550.360,0.00,0.000,0.000,0,0,0.0,543.11
1790577550.610,0.00,0.000,0.000,0,0,0.6,543.11
1790577550.860,0.00,0.000,0.000,0,0,0.0,543.11
1790577551.110,0.00,0.000,0.000,0,0,0.0,543.11
1790577551.360,0.00,0.000,0.000,0,0,0.0,543.11
1790577551.610,0.00,0.000,0.000,0,0,0.0,543.11
1790577551.860,0.00,0.000,0.000,0,0,0.0,543.11
1790577552.110,0.00,0.000,0.000,0,0,0.0,543.11
1790577552.360,0.00,0.000,0.000,0,0,0.0,543.11
1790577552.610,0.00,0.000,0.000,0,0,0.0,543.11
1790577552.860,0.00,0.000,0.000,0,0,0.0,543.11
1790577553.110,0.00,0.000,0.000,0,0,0.0,543.11
1790577553.360,0.00,0.000,0.000,0,0,0.0,543.11
1790577553.610,0.00,0.000,0.000,0,0,0.0,543.11
1790577553.860,0.00,0.000,0.000,0,0,0.0,543.11
1790577554.110,0.00,0.000,0.000,0,0,0.0,543.11
1790577554.360,0.00,0.000,0.000,0,0,0.0,543.11
1790577554.610,0.00,0.000,0.000,0,0,0.0,543.11
1790577554.860,0.00,0.000,0.000,0,0,0.0,543.11
1790577555.110,0.00,0.000,0.000,0,0,0.0,543.11
1790577555.360,0.00,0.000,0.000,0,0,0.0,543.11
1790577555.610,0.00,0.000,0.000,0,0,0.0,543.11
1790577555.860,0.00,0.000,0.000,0,0,0.0,543.11
1790577556.110,0.00,0.000,0.000,0,0,0.0,543.11
1790577556.360,0.00,0.000,0.000,0,0,0.0,543.11
1790577556.610,0.00,0.000,0.000,0,0,0.0,543.11
1790577556.860,0.00,0.000,0.000,0,0,0.0,543.11
1790577557.110,0.00,0.000,0.000,0,0,0.0,543.11
1790577557.360,0.00,0.000,0.000,0,0,0.0,543.11
1790577557.610,0.00,0.000,0.000,0,0,0.0,543.11
1790577557.860,0.00,0.000,0.000,0,0,0.0,543.11
1790577558.110,0.00,0.000,0.000,0,0,0.0,543.11
1790577558.360,0.00,0.000,0.000,0,0,0.0,543.11
1790577558.610,0.00,0.000,0.000,0,0,0.0,543.11
1790577558.860,0.00,0.000,0.000,0,0,0.0,543.11
1790577559.110,0.00,0.000,0.000,0,0,0.0,543.11
1790577559.360,0.00,0.000,0.000,0,0,0.0,543.11
1790577559.610,0.00,0.000,0.000,0,0,0.1,543.11
1790577559.860,0.00,0.000,0.000,0,0,0.0,543.11
1790577560.110,0.00,0.000,0.000,0,0,0.1,543.11
1790577560.360,0.00,0.000,0.000,0,0,0.1,543.11
1790577560.610,0.00,0.000,0.000,0,0,0.0,543.11
1790577560.860,0.00,0.000,0.000,0,0,0.7,543.11
1790577561.110,0.00,0.000,0.000,0,0,0.0,543.11
1790577561.360,0.00,0.000,0.000,0,0,0.0,543.11
1790577561.610,0.00,0.000,0.000,0,0,0.0,543.11
1790577561.860,0.00,0.000,0.000,0,0,0.0,543.11
1790577562.110,0.00,0.000,0.000,0,0,0.0,543.11
1790577562.360,0.00,0.000,0.000,0,0,0.0,543.11
1790577562.610,0.00,0.000,0.000,0,0,0.0,543.11
1790577562.860,0.00,0.000,0.000,0,0,0.0,543.11
1790577563.110,0.00,0.000,0.000,0,0,0.1,543.11
1790577563.360,0.00,0.000,0.000,0,0,0.0,543.11
1790577563.610,0.00,0.000,0.000,0,0,0.0,543.11
1790577563.860,0.00,0.000,0.000,0,0,0.1,543.11
1790577564.110,0.00,0.000,0.000,0,0,0.0,543.11
1790577564.360,0.00,0.000,0.000,0,0,0.0,543.11
1790577564.610,0.00,0.000,0.000,0,0,0.0,543.11
1790577564.860,0.00,0.000,0.000,0,0,0.0,543.11
1790577565.110,0.00,0.000,0.000,0,0,0.0,543.11
1790577565.360,0.00,0.000,0.000,0,0,0.0,543.11
1790577565.610,0.00,0.000,0.000,0,0,0.0,543.11
1790577565.860,0.00,0.000,0.000,0,0,0.0,543.11
1790577566.110,0.00,0.000,0.000,0,0,0.0,543.11
1790577566.360,0.00,0.000,0.000,0,0,0.1,543.11
1790577566.610,0.00,0.000,0.000,0,0,0.0,543.11
1790577566.860,0.00,0.000,0.000,0,0,0.1,543.11
1790577567.110,0.00,0.000,0.000,0,0,0.0,543.11
1790577567.360,0.00,0.000,0.000,0,0,0.1,543.11
1790577567.610,0.00,0.000,0.000,0,0,0.0,543.11
1790577567.860,0.00,0.000,0.000,0,0,0.1,543.11
1790577568.110,0.00,0.000,0.000,0,0,0.1,543.11
1790577568.360,0.00,0.000,0.000,0,0,0.0,543.11
1790577568.610,0.00,0.000,0.000,0,0,0.0,543.11
1790577568.860,0.00,0.000,0.000,0,0,0.0,543.11
1790577569.110,0.00,0.000,0.000,0,0,0.0,543.11
1790577569.360,0.00,0.000,0.000,0,0,0.1,543.11
1790577569.610,0.00,0.000,0.000,0,0,0.1,543.11
1790577569.860,0.00,0.000,0.000,0,0,0.0,543.11
1790577570.110,0.00,0.000,0.000,0,0,0.0,543.11
1790577570.360,0.00,0.000,0.000,0,0,0.0,543.11
1790577570.610,0.00,0.000,0.000,0,0,0.0,543.11
1790577570.860,0.00,0.000,0.000,0,0,0.0,543.11
1790577571.110,0.00,0.000,0.000,0,0,0.0,543.11
1790577571.360,0.00,0.000,0.000,0,0,0.0,543.11
1790577571.610,0.00,0.000,0.000,0,0,0.0,543.11
1790577571.860,0.00,0.000,0.000,0,0,0.0,543.11
1790577572.110,0.00,0.000,0.000,0,0,0.0,543.11
1790577572.360,0.00,0.000,0.000,0,0,0.0,543.11
1790577572.610,0.00,0.000,0.000,0,0,0.0,543.11
1790577572.860,0.00,0.000,0.000,0,0,0.0,543.11
1790577573.110,0.00,0.000,0.000,0,0,0.0,543.11
1790577573.360,0.00,0.000,0.000,0,0,0.0,543.11
1790577573.610,0.00,0.000,0.000,0,0,0.0,543.11
1790577573.860,0.00,0.000,0.000,0,0,0.0,543.11
1790577574.110,0.00,0.000,0.000,0,0,0.0,543.11
1790577574.360,0.00,0.000,0.000,0,0,0.0,543.11
1790577574.610,0.00,0.000,0.000,0,0,0.0,543.11
1790577574.860,0.00,0.000,0.000,0,0,0.0,543.11
1790577575.110,0.00,0.000,0.000,0,0,0.1,543.11
1790577575.360,0.00,0.000,0.000,0,0,0.0,543.11
1790577575.610,0.00,0.000,0.000,0,0,0.0,543.11
1790577575.860,0.00,0.000,0.000,0,0,0.0,543.11
1790577576.110,0.00,0.000,0.000,0,0,0.0,543.11
1790577576.360,0.00,0.000,0.000,0,0,0.1,543.11
1790577576.610,0.00,0.000,0.000,0,0,0.1,543.11
1790577576.860,0.00,0.000,0.000,0,0,0.1,543.11
1790577577.110,0.00,0.000,0.000,0,0,0.0,543.11
1790577577.360,0.00,0.000,0.000,0,0,0.0,543.11
1790577577.610,0.00,0.000,0.000,0,0,0.0,543.11
1790577577.860,0.00,0.000,0.000,0,0,0.1,543.11
1790577578.110,0.00,0.000,0.000,0,0,0.0,543.11
1790577578.360,0.00,0.000,0.000,0,0,0.0,543.11
1790577578.610,0.00,0.000,0.000,0,0,0.0,543.11
1790577578.860,0.00,0.000,0.000,0,0,0.0,543.11
1790577579.110,0.00,0.000,0.000,0,0,0.1,543.11
1790577579.360,0.00,0.000,0.000,0,0,0.1,543.11
1790577579.610,0.00,0.000,0.000,0,0,0.0,543.11
1790577579.860,0.00,0.000,0.000,0,0,0.0,543.11
1790577580.110,0.00,0.000,0.000,0,0,0.0,543.11
1790577580.360,0.00,0.000,0.000,0,0,0.1,543.11
1790577580.610,0.00,0.000,0.000,0,0,0.0,543.11
1790577580.860,0.00,0.000,0.000,0,0,0.0,543.11
1790577581.110,0.00,0.000,0.000,0,0,0.0,543.11
1790577581.360,0.00,0.000,0.000,0,0,0.0,543.11
1790577581.610,0.00,0.000,0.000,0,0,0.0,543.11
1790577581.860,0.00,0.000,0.000,0,0,0.1,543.11
1790577582.110,0.00,0.000,0.000,0,0,0.0,543.11
1790577582.360,0.00,0.000,0.000,0,0,0.1,543.11
1790577582.610,0.00,0.000,0.000,0,0,0.1,543.11
1790577582.860,0.00,0.000,0.000,0,0,0.0,543.11
1790577583.110,0.00,0.000,0.000,0,0,0.0,543.11
1790577583.360,0.00,0.000,0.000,0,0,0.1,543.11
1790577583.610,0.00,0.000,0.000,0,0,0.0,543.11
1790577583.860,0.00,0.000,0.000,0,0,0.0,543.11
1790577584.110,0.00,0.000,0.000,0,0,0.0,543.11
1790577584.360,0.00,0.000,0.000,0,0,0.0,543.11
1790577584.610,0.00,0.000,0.000,0,0,0.0,543.11
1790577584.860,0.00,0.000,0.000,0,0,0.0,543.11
1790577585.110,0.00,0.000,0.000,0,0,0.4,543.11
1790577585.360,0.00,0.000,0.000,0,0,0.1,543.11
1790577585.610,0.00,0.000,0.000,0,0,0.0,543.11
1790577585.860,0.00,0.000,0.000,0,0,0.0,543.11
1790577586.110,0.00,0.000,0.000,0,0,0.0,543.11
1790577586.360,0.00,0.000,0.000,0,0,0.1,543.11
1790577586.610,0.00,0.000,0.000,0,0,0.0,543.11
1790577586.860,0.00,0.000,0.000,0,0,0.0,543.11
1790577587.110,0.00,0.000,0.000,0,0,0.0,543.11
1790577587.360,0.00,0.000,0.000,0,0,0.1,543.11
1790577587.610,0.00,0.000,0.000,0,0,0.1,543.11
1790577587.860,0.00,0.000,0.000,0,0,0.1,543.11
1790577588.110,0.00,0.000,0.000,0,0,0.1,543.11
1790577588.360,0.00,0.000,0.000,0,0,0.0,543.11
1790577588.610,0.00,0.000,0.000,0,0,0.0,543.11
1790577588.860,0.00,0.000,0.000,0,0,0.0,543.11
1790577589.110,0.00,0.000,0.000,0,0,0.0,543.11
1790577589.360,0.00,0.000,0.000,0,0,0.0,543.11
1790577589.610,0.00,0.000,0.000,0,0,0.0,543.11
1790577589.860,0.00,0.000,0.000,0,0,0.0,543.11
1790577590.110,0.00,0.000,0.000,0,0,0.0,543.11
1790577590.360,0.00,0.000,0.000,0,0,0.0,543.11
1790577590.610,0.00,0.000,0.000,0,0,0.0,543.11
1790577590.860,0.00,0.000,0.000,0,0,0.0,543.11
1790577591.110,0.00,0.000,0.000,0,0,0.0,543.11
1790577591.360,0.00,0.000,0.000,0,0,0.0,543.11
1790577591.610,0.00,0.000,0.000,0,0,0.0,543.11
1790577591.860,0.00,0.000,0.000,0,0,0.0,543.11
1790577592.110,0.00,0.000,0.000,0,0,0.0,543.11
1790577592.360,0.00,0.000,0.000,0,0,0.0,543.11
1790577592.610,0.00,0.000,0.000,0,0,0.0,543.11
1790577592.860,0.00,0.000,0.000,0,0,12.5,543.11
1790577593.110,0.00,0.000,0.000,0,0,0.0,543.11
1790577593.360,0.00,0.000,0.000,0,0,0.0,543.11
1790577593.610,0.00,0.000,0.000,0,0,0.0,543.11
1790577593.860,0.00,0.000,0.000,0,0,0.0,543.11
1790577594.110,0.00,0.000,0.000,0,0,0.2,543.11
1790577594.360,0.00,0.000,0.000,0,0,0.1,543.11
1790577594.610,0.00,0.000,0.000,0,0,0.1,543.11
1790577594.860,0.00,0.000,0.000,0,0,0.2,543.11
1790577595.110,0.00,0.000,0.000,0,0,0.1,543.11
1790577595.360,0.00,0.000,0.000,0,0,0.0,543.11
1790577595.610,0.00,0.000,0.000,0,0,0.0,543.11
1790577595.860,0.00,0.000,0.000,0,0,0.1,543.11
1790577596.110,0.00,0.000,0.000,0,0,0.3,543.11
1790577596.360,0.00,0.000,0.000,0,0,0.1,543.11
1790577596.610,0.00,0.000,0.000,0,0,0.1,543.11
1790577596.860,0.00,0.000,0.000,0,0,0.0,543.11
1790577597.110,0.00,0.000,0.000,0,0,0.0,543.11
1790577597.360,0.00,0.000,0.000,0,0,0.1,543.11
1790577597.610,0.00,0.000,0.000,0,0,0.1,543.11
1790577597.860,0.00,0.000,0.000,0,0,0.4,543.11
1790577598.110,0.00,0.000,0.000,0,0,0.1,543.11
1790577598.360,0.00,0.000,0.000,0,0,0.4,543.11
1790577598.610,0.00,0.000,0.000,0,0,0.0,543.11
1790577598.860,0.00,0.000,0.000,0,0,0.0,543.11
1790577599.110,0.00,0.000,0.000,0,0,0.4,543.11
1790577599.360,0.00,0.000,0.000,0,0,0.2,543.11
1790577599.610,0.00,0.000,0.000,0,0,0.0,543.11
1790577599.860,0.00,0.000,0.000,0,0,0.1,543.11
1790577600.110,0.00,0.000,0.000,0,0,0.0,543.11
1790577600.360,0.00,0.000,0.000,0,0,0.0,543.11
1790577600.610,0.00,0.000,0.000,0,0,0.0,543.11
1790577600.860,0.00,0.000,0.000,0,0,0.0,543.11
1790577601.110,0.00,0.000,0.000,0,0,0.0,543.11
1790577601.360,0.00,0.000,0.000,0,0,0.0,543.11
1790577601.610,0.00,0.000,0.000,0,0,0.0,543.11
1790577601.860,0.00,0.000,0.000,0,0,0.0,543.11
1790577602.110,0.00,0.000,0.000,0,0,0.0,543.11
1790577602.360,0.00,0.000,0.000,0,0,0.1,543.11
1790577602.610,0.00,0.000,0.000,0,0,0.0,543.11
1790577602.860,0.00,0.000,0.000,0,0,0.0,543.11
1790577603.110,0.00,0.000,0.000,0,0,0.0,543.11
1790577603.360,0.00,0.000,0.000,0,0,0.0,543.11
1790577603.610,0.00,0.000,0.000,0,0,0.0,543.11
1790577603.860,0.00,0.000,0.000,0,0,0.0,543.11
1790577604.110,0.00,0.000,0.000,0,0,0.0,543.11
1790577604.360,0.00,0.000,0.000,0,0,0.1,543.11
1790577604.610,0.00,0.000,0.000,0,0,0.0,543.11
1790577604.860,0.00,0.000,0.000,0,0,0.0,543.11
1790577605.110,0.00,0.000,0.000,0,0,0.0,543.11
1790577605.360,0.00,0.000,0.000,0,0,0.0,543.11
1790577605.610,0.00,0.000,0.000,0,0,0.0,543.11
1790577605.860,0.00,0.000,0.000,0,0,0.0,543.11
1790577606.110,0.00,0.000,0.000,0,0,0.0,543.11
1790577606.360,0.00,0.000,0.000,0,0,0.0,543.11
1790577606.610,0.00,0.000,0.000,0,0,0.0,543.11
1790577606.860,0.00,0.000,0.000,0,0,0.0,543.11
1790577607.110,0.00,0.000,0.000,0,0,0.0,543.11
1790577607.360,0.00,0.000,0.000,0,0,0.0,543.11
1790577607.610,0.00,0.000,0.000,0,0,0.0,543.11
1790577607.860,0.00,0.000,0.000,0,0,0.1,543.11
1790577608.110,0.00,0.000,0.000,0,0,0.1,543.11
1790577608.360,0.00,0.000,0.000,0,0,0.0,543.11
1790577608.610,0.00,0.000,0.000,0,0,0.0,543.11
1790577608.860,0.00,0.000,0.000,0,0,0.0,543.11
1790577609.110,0.00,0.000,0.000,0,0,0.0,543.11
1790577609.360,0.00,0.000,0.000,0,0,0.0,543.11
1790577609.610,0.00,0.000,0.000,0,0,0.0,543.11
1790577609.860,0.00,0.000,0.000,0,0,0.0,543.11
1790577610.110,0.00,0.000,0.000,0,0,0.0,543.11
1790577610.360,0.00,0.000,0.000,0,0,0.0,543.11
1790577610.610,0.00,0.000,0.000,0,0,0.2,543.11
1790577610.860,0.00,0.000,0.000,0,0,0.1,543.11
1790577611.110,0.00,0.000,0.000,0,0,0.0,543.11
1790577611.360,0.00,0.000,0.000,0,0,0.1,543.11
1790577611.610,0.00,0.000,0.000,0,0,0.0,543.11
1790577611.860,0.00,0.000,0.000,0,0,0.1,543.11
1790577612.110,0.00,0.000,0.000,0,0,0.1,543.11
1790577612.360,0.00,0.000,0.000,0,0,0.0,543.11
1790577612.610,0.00,0.000,0.000,0,0,0.0,543.11
1790577612.860,0.00,0.000,0.000,0,0,0.0,543.11
1790577613.110,0.00,0.000,0.000,0,0,0.1,543.11
1790577613.360,0.00,0.000,0.000,0,0,0.0,543.11
1790577613.610,0.00,0.000,0.000,0,0,0.0,543.11
1790577613.860,0.00,0.000,0.000,0,0,0.0,543.11
1790577614.110,0.00,0.000,0.000,0,0,0.1,543.11
1790577614.360,0.00,0.000,0.000,0,0,0.1,543.11
1790577614.610,0.00,0.000,0.000,0,0,0.0,543.11
1790577614.860,0.00,0.000,0.000,0,0,0.1,543.11
1790577615.110,0.00,0.000,0.000,0,0,0.0,543.11
1790577615.360,0.00,0.000,0.000,0,0,0.0,543.11
1790577615.610,0.00,0.000,0.000,0,0,0.0,543.11
1790577615.860,0.00,0.000,0.000,0,0,0.0,543.11
1790577616.110,0.00,0.000,0.000,0,0,0.0,543.11
1790577616.360,0.00,0.000,0.000,0,0,0.0,543.11
1790577616.610,0.00,0.000,0.000,0,0,0.0,543.11
1790577616.860,0.00,0.000,0.000,0,0,0.0,543.11
1790577617.110,0.00,0.000,0.000,0,0,0.0,543.11
1790577617.360,0.00,0.000,0.000,0,0,0.1,543.11
1790577617.610,0.00,0.000,0.000,0,0,0.0,543.11
1790577617.860,0.00,0.000,0.000,0,0,0.1,543.11
1790577618.110,0.00,0.000,0.000,0,0,0.0,543.11
1790577618.360,0.00,0.000,0.000,0,0,0.0,543.11
1790577618.610,0.00,0.000,0.000,0,0,0.0,543.11
1790577618.860,0.00,0.000,0.000,0,0,0.0,543.11
1790577619.110,0.00,0.000,0.000,0,0,0.0,543.11
1790577619.360,0.00,0.000,0.000,0,0,0.0,543.11
1790577619.610,0.00,0.000,0.000,0,0,0.0,543.11
1790577619.860,0.00,0.000,0.000,0,0,0.0,543.11
1790577620.110,0.00,0.000,0.000,0,0,0.0,543.11
1790577620.360,0.00,0.000,0.000,0,0,0.0,543.11
1790577620.610,0.00,0.000,0.000,0,0,0.0,543.11
1790577620.860,0.00,0.000,0.000,0,0,0.1,543.11
1790577621.110,0.00,0.000,0.000,0,0,0.0,543.11
1790577621.360,0.00,0.000,0.000,0,0,0.0,543.11
1790577621.610,0.00,0.000,0.000,0,0,0.0,543.11
1790577621.860,0.00,0.000,0.000,0,0,0.0,543.11
1790577622.110,0.00,0.000,0.000,0,0,0.0,543.11
1790577622.360,0.00,0.000,0.000,0,0,0.0,543.11
1790577622.610,0.00,0.000,0.000,0,0,0.0,543.11
1790577622.860,0.00,0.000,0.000,0,0,0.0,543.11
1790577623.110,0.00,0.000,0.000,0,0,0.0,543.11
1790577623.360,0.00,0.000,0.000,0,0,0.0,543.11
1790577623.610,0.00,0.000,0.000,0,0,0.0,543.11
1790577623.860,0.00,0.000,0.000,0,0,0.1,543.11
1790577624.110,0.00,0.000,0.000,0,0,0.0,543.11
1790577624.360,0.00,0.000,0.000,0,0,0.0,543.11
1790577624.610,0.00,0.000,0.000,0,0,0.1,543.11
1790577624.860,0.00,0.000,0.000,0,0,0.0,543.11
1790577625.110,0.00,0.000,0.000,0,0,0.3,543.11
1790577625.360,0.00,0.000,0.000,0,0,0.0,543.11
1790577625.610,0.00,0.000,0.000,0,0,0.0,543.11
1790577625.860,0.00,0.000,0.000,0,0,0.0,543.11
1790577626.110,0.00,0.000,0.000,0,0,0.1,543.11
1790577626.360,0.00,0.000,0.000,0,0,0.1,543.11
1790577626.610,0.00,0.000,0.000,0,0,0.0,543.11
1790577626.860,0.00,0.000,0.000,0,0,0.1,543.11
1790577627.110,0.00,0.000,0.000,0,0,0.1,543.11
1790577627.360,0.00,0.000,0.000,0,0,0.1,543.11
1790577627.610,0.00,0.000,0.000,0,0,0.1,543.11
1790577627.860,0.00,0.000,0.000,0,0,0.0,543.11
1790577628.110,0.00,0.000,0.000,0,0,0.0,543.11
1790577628.360,0.00,0.000,0.000,0,0,0.0,543.11
1790577628.610,0.00,0.000,0.000,0,0,0.0,543.11
1790577628.860,0.00,0.000,0.000,0,0,0.0,543.11
1790577629.110,0.00,0.000,0.000,0,0,0.0,543.11
1790577629.360,0.00,0.000,0.000,0,0,0.0,543.11
1790577629.610,0.00,0.000,0.000,0,0,0.1,543.11
1790577629.860,0.00,0.000,0.000,0,0,0.0,543.11
1790577630.110,0.00,0.000,0.000,0,0,0.0,543.11
1790577630.360,0.00,0.000,0.000,0,0,0.0,543.11
1790577630.610,0.00,0.000,0.000,0,0,0.0,543.11
1790577630.860,0.00,0.000,0.000,0,0,0.0,543.11
1790577631.110,0.00,0.000,0.000,0,0,0.0,543.11
1790577631.360,0.00,0.000,0.000,0,0,0.0,543.11
1790577631.610,0.00,0.000,0.000,0,0,0.0,543.11
1790577631.860,0.00,0.000,0.000,0,0,0.1,543.11
1790577632.110,0.00,0.000,0.000,0,0,0.1,543.11
1790577632.360,0.00,0.000,0.000,0,0,0.0,543.11
1790577632.610,0.00,0.000,0.000,0,0,0.0,543.11
1790577632.860,0.00,0.000,0.000,0,0,0.0,543.11
1790577633.110,0.00,0.000,0.000,0,0,0.0,543.11
1790577633.360,0.00,0.000,0.000,0,0,0.0,543.11
1790577633.610,0.00,0.000,0.000,0,0,0.0,543.11
1790577633.860,0.00,0.000,0.000,0,0,0.0,543.11
1790577634.110,0.00,0.000,0.000,0,0,0.0,543.11
1790577634.360,0.00,0.000,0.000,0,0,0.0,543.11
1790577634.610,0.00,0.000,0.000,0,0,0.1,543.11
1790577634.860,0.00,0.000,0.000,0,0,0.1,543.11
1790577635.110,0.00,0.000,0.000,0,0,0.0,543.11
1790577635.360,0.00,0.000,0.000,0,0,0.0,543.11
1790577635.610,0.00,0.000,0.000,0,0,0.0,543.11
1790577635.860,0.00,0.000,0.000,0,0,0.0,543.11
1790577636.110,0.00,0.000,0.000,0,0,0.1,543.11
1790577636.360,0.00,0.000,0.000,0,0,0.0,543.11
1790577636.610,0.00,0.000,0.000,0,0,0.0,543.11
1790577636.860,0.00,0.000,0.000,0,0,0.0,543.11
1790577637.110,0.00,0.000,0.000,0,0,0.0,543.11
1790577637.360,0.00,0.000,0.000,0,0,0.0,543.11
1790577637.610,0.00,0.000,0.000,0,0,0.0,543.11
1790577637.860,0.00,0.000,0.000,0,0,0.0,543.11
1790577638.110,0.00,0.000,0.000,0,0,0.0,543.11
1790577638.360,0.00,0.000,0.000,0,0,0.0,543.11
1790577638.610,0.00,0.000,0.000,0,0,0.0,543.11
1790577638.860,0.00,0.000,0.000,0,0,0.0,543.11
1790577639.110,0.00,0.000,0.000,0,0,0.0,543.11
1790577639.360,0.00,0.000,0.000,0,0,0.0,543.11
1790577639.610,0.00,0.000,0.000,0,0,0.0,543.11
1790577639.860,0.00,0.000,0.000,0,0,0.0,543.11
1790577640.110,0.00,0.000,0.000,0,0,0.0,543.11
1790577640.360,0.00,0.000,0.000,0,0,0.0,543.11
1790577640.610,0.00,0.000,0.000,0,0,0.1,543.11
1790577640.860,0.00,0.000,0.000,0,0,0.0,543.11
1790577641.110,0.00,0.000,0.000,0,0,0.0,543.11
1790577641.360,0.00,0.000,0.000,0,0,0.0,543.11
1790577641.610,0.00,0.000,0.000,0,0,0.0,543.11
1790577641.860,0.00,0.000,0.000,0,0,0.0,543.11
1790577642.110,0.00,0.000,0.000,0,0,0.0,543.11
1790577642.360,0.00,0.000,0.000,0,0,0.0,543.11
1790577642.610,0.00,0.000,0.000,0,0,0.0,543.11
1790577642.860,0.00,0.000,0.000,0,0,0.0,543.11
1790577643.110,0.00,0.000,0.000,0,0,0.1,543.11
1790577643.360,0.00,0.000,0.000,0,0,0.0,543.11
1790577643.610,0.00,0.000,0.000,0,0,0.0,543.11
1790577643.860,0.00,0.000,0.000,0,0,0.0,543.11
1790577644.110,0.00,0.000,0.000,0,0,0.0,543.11
1790577644.360,0.00,0.000,0.000,0,0,0.0,543.11
1790577644.610,0.00,0.000,0.000,0,0,0.0,543.11
1790577644.860,0.00,0.000,0.000,0,0,0.0,543.11
1790577645.110,0.00,0.000,0.000,0,0,0.0,543.11
1790577645.360,0.00,0.000,0.000,0,0,0.0,543.11
1790577645.610,0.00,0.000,0.000,0,0,0.0,543.11
1790577645.860,0.00,0.000,0.000,0,0,0.1,543.11
1790577646.110,0.00,0.000,0.000,0,0,0.0,543.11
1790577646.360,0.00,0.000,0.000,0,0,0.0,543.11
1790577646.610,0.00,0.000,0.000,0,0,0.0,543.11
1790577646.860,0.00,0.000,0.000,0,0,0.0,543.11
1790577647.110,0.00,0.000,0.000,0,0,0.0,543.11
1790577647.360,0.00,0.000,0.000,0,0,0.0,543.11
1790577647.610,0.00,0.000,0.000,0,0,0.0,543.11
1790577647.860,0.00,0.000,0.000,0,0,0.0,543.11
1790577648.110,0.00,0.000,0.000,0,0,0.1,543.11
1790577648.360,0.00,0.000,0.000,0,0,0.0,543.11
1790577648.610,0.00,0.000,0.000,0,0,0.0,543.11
1790577648.860,0.00,0.000,0.000,0,0,0.0,543.11
1790577649.110,0.00,0.000,0.000,0,0,0.0,543.11
1790577649.360,0.00,0.000,0.000,0,0,0.0,543.11
1790577649.610,0.00,0.000,0.000,0,0,0.0,543.11
1790577649.860,0.00,0.000,0.000,0,0,0.0,543.11
1790577650.110,0.00,0.000,0.000,0,0,0.3,543.11
1790577650.360,0.00,0.000,0.000,0,0,0.0,543.11
1790577650.610,0.00,0.000,0.000,0,0,0.0,543.11
1790577650.860,0.00,0.000,0.000,0,0,0.0,543.11
1790577651.110,0.00,0.000,0.000,0,0,0.0,543.11
1790577651.360,0.00,0.000,0.000,0,0,0.1,543.11
1790577651.610,0.00,0.000,0.000,0,0,0.5,543.11
1790577651.860,0.00,0.000,0.000,0,0,0.0,543.11
1790577652.110,0.00,0.000,0.000,0,0,0.0,543.11
1790577652.360,0.00,0.000,0.000,0,0,0.0,543.11
1790577652.610,0.00,0.000,0.000,0,0,0.0,543.11
1790577652.860,0.00,0.000,0.000,0,0,0.1,543.11
1790577653.110,0.00,0.000,0.000,0,0,0.1,543.11
1790577653.360,0.00,0.000,0.000,0,0,0.0,543.11
1790577653.610,0.00,0.000,0.000,0,0,0.2,543.11
1790577653.860,0.00,0.000,0.000,0,0,0.0,543.11
1790577654.110,0.00,0.000,0.000,0,0,0.0,543.11
1790577654.360,0.00,0.000,0.000,0,0,0.0,543.11
1790577654.610,0.00,0.000,0.000,0,0,0.0,543.11
1790577654.860,0.00,0.000,0.000,0,0,0.2,543.11
1790577655.110,0.00,0.000,0.000,0,0,0.1,543.11
1790577655.360,0.00,0.000,0.000,0,0,0.0,543.11
1790577655.610,0.00,0.000,0.000,0,0,0.0,543.11
1790577655.860,0.00,0.000,0.000,0,0,0.0,543.11
1790577656.110,0.00,0.000,0.000,0,0,0.1,543.11
1790577656.360,0.00,0.000,0.000,0,0,0.1,543.11
1790577656.610,0.00,0.000,0.000,0,0,0.0,543.11
1790577656.860,0.00,0.000,0.000,0,0,0.0,543.11
1790577657.110,0.00,0.000,0.000,0,0,0.1,543.11
1790577657.360,0.00,0.000,0.000,0,0,0.0,543.11
1790577657.610,0.00,0.000,0.000,0,0,0.4,543.11
1790577657.860,0.00,0.000,0.000,0,0,0.0,543.11
1790577658.110,0.00,0.000,0.000,0,0,0.2,543.11
1790577658.360,0.00,0.000,0.000,0,0,0.0,543.11
1790577658.610,0.00,0.000,0.000,0,0,0.1,543.11
1790577658.860,0.00,0.000,0.000,0,0,0.0,543.11
1790577659.110,0.00,0.000,0.000,0,0,0.1,543.11
1790577659.360,0.00,0.000,0.000,0,0,0.1,543.11
1790577659.610,0.00,0.000,0.000,0,0,0.5,543.11
1790577659.860,0.00,0.000,0.000,0,0,0.0,543.11
1790577660.110,0.00,0.000,0.000,0,0,0.1,543.11
1790577660.360,0.00,0.000,0.000,0,0,0.4,543.11
1790577660.610,0.00,0.000,0.000,0,0,0.0,543.11
1790577660.860,0.00,0.000,0.000,0,0,0.0,543.11
1790577661.110,0.00,0.000,0.000,0,0,0.1,543.11
1790577661.360,0.00,0.000,0.000,0,0,0.1,543.11
1790577661.610,0.00,0.000,0.000,0,0,0.0,543.11
1790577661.860,0.00,0.000,0.000,0,0,0.1,543.11
1790577662.110,0.00,0.000,0.000,0,0,0.1,543.11
1790577662.360,0.00,0.000,0.000,0,0,0.5,543.11
1790577662.610,0.00,0.000,0.000,0,0,0.2,543.11
1790577662.860,0.00,0.000,0.000,0,0,0.0,543.11
1790577663.110,0.00,0.000,0.000,0,0,0.2,543.11
1790577663.360,0.00,0.000,0.000,0,0,0.1,543.11
1790577663.610,0.00,0.000,0.000,0,0,0.0,543.11
1790577663.860,0.00,0.000,0.000,0,0,0.2,543.11
1790577664.110,0.00,0.000,0.000,0,0,0.2,543.11
1790577664.360,0.00,0.000,0.000,0,0,0.0,543.11
1790577664.610,0.00,0.000,0.000,0,0,0.1,543.11
1790577664.860,0.00,0.000,0.000,0,0,0.2,543.11
1790577665.110,0.00,0.000,0.000,0,0,0.0,543.11
1790577665.360,0.00,0.000,0.000,0,0,0.0,543.11
1790577665.610,0.00,0.000,0.000,0,0,0.0,543.11
1790577665.860,0.00,0.000,0.000,0,0,0.1,543.11
1790577666.110,0.00,0.000,0.000,0,0,0.4,543.11
1790577666.360,0.00,0.000,0.000,0,0,0.0,543.11
1790577666.610,0.00,0.000,0.000,0,0,0.0,543.11
1790577666.860,0.00,0.000,0.000,0,0,0.0,543.11
1790577667.110,0.00,0.000,0.000,0,0,0.0,543.11
1790577667.360,0.00,0.000,0.000,0,0,0.1,543.11
1790577667.610,0.00,0.000,0.000,0,0,22.2,543.11
1790577667.860,0.00,0.000,0.000,0,0,0.0,543.11
1790577668.110,0.00,0.000,0.000,0,0,0.0,543.11
1790577668.360,0.00,0.000,0.000,0,0,0.0,543.11
1790577668.610,0.00,0.000,0.000,0,0,0.0,543.11
1790577668.860,0.00,0.000,0.000,0,0,0.0,543.11
1790577669.110,0.00,0.000,0.000,0,0,0.1,543.11
1790577669.360,0.00,0.000,0.000,0,0,0.0,543.11
1790577669.610,0.00,0.000,0.000,0,0,0.0,543.11
1790577669.860,0.00,0.000,0.000,0,0,0.0,543.11
1790577670.110,0.00,0.000,0.000,0,0,0.0,543.11
1790577670.360,0.00,0.000,0.000,0,0,0.0,543.11
1790577670.610,0.00,0.000,0.000,0,0,0.0,543.11
1790577670.860,0.00,0.000,0.000,0,0,0.0,543.11
1790577671.110,0.00,0.000,0.000,0,0,0.0,543.11
1790577671.360,0.00,0.000,0.000,0,0,0.0,543.11
1790577671.610,0.00,0.000,0.000,0,0,0.0,543.11
1790577671.860,0.00,0.000,0.000,0,0,0.0,543.11
1790577672.110,0.00,0.000,0.000,0,0,0.1,543.11
1790577672.360,0.00,0.000,0.000,0,0,0.0,543.11
1790577672.610,0.00,0.000,0.000,0,0,0.0,543.11
1790577672.860,0.00,0.000,0.000,0,0,0.0,543.11
1790577673.110,0.00,0.000,0.000,0,0,0.0,543.11
1790577673.360,0.00,0.000,0.000,0,0,0.0,543.11
1790577673.610,0.00,0.000,0.000,0,0,0.1,543.11
1790577673.860,0.00,0.000,0.000,0,0,0.1,543.11
1790577674.110,0.00,0.000,0.000,0,0,0.0,543.11
1790577674.360,0.00,0.000,0.000,0,0,0.0,543.11
1790577674.610,0.00,0.000,0.000,0,0,0.0,543.11
1790577674.860,0.00,0.000,0.000,0,0,0.1,543.11
1790577675.110,0.00,0.000,0.000,0,0,0.2,543.11
1790577675.360,0.00,0.000,0.000,0,0,0.0,543.11
1790577675.610,0.00,0.000,0.000,0,0,0.0,543.11
1790577675.860,0.00,0.000,0.000,0,0,0.0,543.11
1790577676.110,0.00,0.000,0.000,0,0,0.7,543.11
1790577676.360,0.00,0.000,0.000,0,0,0.1,543.11
1790577676.610,0.00,0.000,0.000,0,0,0.0,543.11
1790577676.860,0.00,0.000,0.000,0,0,0.0,543.11
1790577677.110,0.00,0.000,0.000,0,0,0.1,543.11
1790577677.360,0.00,0.000,0.000,0,0,0.0,543.11
1790577677.610,0.00,0.000,0.000,0,0,0.0,543.11
1790577677.860,0.00,0.000,0.000,0,0,0.1,543.11
1790577678.110,0.00,0.000,0.000,0,0,0.1,543.11
1790577678.360,0.00,0.000,0.000,0,0,0.0,543.11
1790577678.610,0.00,0.000,0.000,0,0,0.0,543.11
1790577678.860,0.00,0.000,0.000,0,0,0.1,543.11
1790577679.110,0.00,0.000,0.000,0,0,0.0,543.11
1790577679.360,0.00,0.000,0.000,0,0,0.0,543.11
1790577679.610,0.00,0.000,0.000,0,0,0.0,543.11
1790577679.860,0.00,0.000,0.000,0,0,0.0,543.11
1790577680.110,0.00,0.000,0.000,0,0,0.0,543.11
1790577680.360,0.00,0.000,0.000,0,0,0.0,543.11
1790577680.610,0.00,0.000,0.000,0,0,0.0,543.11
1790577680.860,0.00,0.000,0.000,0,0,0.0,543.11
1790577681.110,0.00,0.000,0.000,0,0,0.0,543.11
1790577681.360,0.00,0.000,0.000,0,0,0.0,543.11
1790577681.610,0.00,0.000,0.000,0,0,0.0,543.11
1790577681.860,0.00,0.000,0.000,0,0,0.2,543.11
1790577682.110,0.00,0.000,0.000,0,0,0.1,543.11
1790577682.360,0.00,0.000,0.000,0,0,0.0,543.11
1790577682.610,0.00,0.000,0.000,0,0,0.0,543.11
1790577682.860,0.00,0.000,0.000,0,0,0.1,543.11
1790577683.110,0.00,0.000,0.000,0,0,0.0,543.11
1790577683.360,0.00,0.000,0.000,0,0,0.0,543.11
1790577683.610,0.00,0.000,0.000,0,0,0.0,543.11
1790577683.860,0.00,0.000,0.000,0,0,0.0,543.11
1790577684.110,0.00,0.000,0.000,0,0,0.3,543.11
1790577684.360,0.00,0.000,0.000,0,0,0.0,543.11
1790577684.610,0.00,0.000,0.000,0,0,0.0,543.11
1790577684.860,0.00,0.000,0.000,0,0,0.0,543.11
1790577685.110,0.00,0.000,0.000,0,0,0.1,543.11
1790577685.360,0.00,0.000,0.000,0,0,0.0,543.11
1790577685.610,0.00,0.000,0.000,0,0,0.1,543.11
1790577685.860,0.00,0.000,0.000,0,0,0.1,543.11
1790577686.110,0.00,0.000,0.000,0,0,0.1,543.11
1790577686.360,0.00,0.000,0.000,0,0,0.2,543.11
1790577686.610,0.00,0.000,0.000,0,0,0.0,543.11
1790577686.860,0.00,0.000,0.000,0,0,0.0,543.11
1790577687.110,0.00,0.000,0.000,0,0,1.6,543.11
1790577687.360,0.00,0.000,0.000,0,0,0.2,543.11
1790577687.610,0.00,0.000,0.000,0,0,0.1,543.11
1790577687.860,0.00,0.000,0.000,0,0,0.1,543.11
1790577688.110,0.00,0.000,0.000,0,0,0.3,543.11
1790577688.360,0.00,0.000,0.000,0,0,0.0,543.11
1790577688.610,0.00,0.000,0.000,0,0,0.0,543.11
1790577688.860,0.00,0.000,0.000,0,0,0.1,543.11
1790577689.110,0.00,0.000,0.000,0,0,0.0,543.11
1790577689.360,0.00,0.000,0.000,0,0,0.2,543.11
1790577689.610,0.00,0.000,0.000,0,0,0.2,543.11
1790577689.860,0.00,0.000,0.000,0,0,0.1,543.11
1790577690.110,0.00,0.000,0.000,0,0,0.3,543.11
1790577690.360,0.00,0.000,0.000,0,0,0.1,543.11
1790577690.610,0.00,0.000,0.000,0,0,0.0,543.11
1790577690.860,0.00,0.000,0.000,0,0,0.0,543.11
1790577691.110,0.00,0.000,0.000,0,0,0.1,543.11
1790577691.360,0.00,0.000,0.000,0,0,0.1,543.11
1790577691.610,0.00,0.000,0.000,0,0,0.0,543.11
1790577691.860,0.00,0.000,0.000,0,0,0.1,543.11
1790577692.110,0.00,0.000,0.000,0,0,0.0,543.11
1790577692.360,0.00,0.000,0.000,0,0,0.0,543.11
1790577692.610,0.00,0.000,0.000,0,0,0.1,543.11
1790577692.860,0.00,0.000,0.000,0,0,0.0,543.11
1790577693.110,0.00,0.000,0.000,0,0,0.0,543.11
1790577693.360,0.00,0.000,0.000,0,0,0.0,543.11
1790577693.610,0.00,0.000,0.000,0,0,0.0,543.11
1790577693.860,0.00,0.000,0.000,0,0,0.1,543.11
1790577694.110,0.00,0.000,0.000,0,0,0.1,543.11
1790577694.360,0.00,0.000,0.000,0,0,0.1,543.11
1790577694.610,0.00,0.000,0.000,0,0,0.1,543.11
1790577694.860,0.00,0.000,0.000,0,0,0.0,543.11
1790577695.110,0.00,0.000,0.000,0,0,0.0,543.11
1790577695.360,0.00,0.000,0.000,0,0,0.1,543.11
1790577695.610,0.00,0.000,0.000,0,0,0.0,543.11
1790577695.860,0.00,0.000,0.000,0,0,0.1,543.11
1790577696.110,0.00,0.000,0.000,0,0,0.0,543.11
1790577696.360,0.00,0.000,0.000,0,0,0.0,543.11
1790577696.610,0.00,0.000,0.000,0,0,0.0,543.11
1790577696.860,0.00,0.000,0.000,0,0,0.0,543.11
1790577697.110,0.00,0.000,0.000,0,0,24.2,543.11
1790577697.360,0.00,0.000,0.000,0,0,0.1,543.11
1790577697.610,0.00,0.000,0.000,0,0,0.0,543.11
1790577697.860,0.00,0.000,0.000,0,0,0.4,543.11
1790577698.110,0.00,0.000,0.000,0,0,0.0,543.11
1790577698.360,0.00,0.000,0.000,0,0,0.0,543.11
1790577698.610,0.00,0.000,0.000,0,0,0.1,543.11
1790577698.860,0.00,0.000,0.000,0,0,0.0,543.11
1790577699.110,0.00,0.000,0.000,0,0,0.2,543.11
1790577699.360,0.00,0.000,0.000,0,0,0.1,543.11
1790577699.610,0.00,0.000,0.000,0,0,0.0,543.11
1790577699.860,0.00,0.000,0.000,0,0,0.0,543.11
1790577700.110,0.00,0.000,0.000,0,0,0.0,543.11
1790577700.360,0.00,0.000,0.000,0,0,0.1,543.11
1790577700.610,0.00,0.000,0.000,0,0,0.1,543.11
1790577700.860,0.00,0.000,0.000,0,0,0.9,543.11
1790577701.110,0.00,0.000,0.000,0,0,0.0,543.11
1790577701.360,0.00,0.000,0.000,0,0,0.1,543.11
1790577701.610,0.00,0.000,0.000,0,0,0.0,543.11
1790577701.860,0.00,0.000,0.000,0,0,0.2,543.11
1790577702.110,0.00,0.000,0.000,0,0,0.0,543.11
1790577702.360,0.00,0.000,0.000,0,0,0.1,543.11
1790577702.610,0.00,0.000,0.000,0,0,0.1,543.11
1790577702.860,0.00,0.000,0.000,0,0,0.1,543.11
1790577703.110,0.00,0.000,0.000,0,0,0.0,543.11
1790577703.360,0.00,0.000,0.000,0,0,0.0,543.11
1790577703.610,0.00,0.000,0.000,0,0,0.1,543.11
1790577703.860,0.00,0.000,0.000,0,0,0.0,543.11
1790577704.110,0.00,0.000,0.000,0,0,0.0,543.11
1790577704.360,0.00,0.000,0.000,0,0,0.1,543.11
1790577704.610,0.00,0.000,0.000,0,0,0.0,543.11
1790577704.860,0.00,0.000,0.000,0,0,0.4,543.11
1790577705.110,0.00,0.000,0.000,0,0,0.1,543.11
1790577705.360,0.00,0.000,0.000,0,0,0.2,543.11
1790577705.610,0.00,0.000,0.000,0,0,0.0,543.11
1790577705.860,0.00,0.000,0.000,0,0,0.0,543.11
1790577706.110,0.00,0.000,0.000,0,0,0.0,543.11
1790577706.360,0.00,0.000,0.000,0,0,0.4,543.11
1790577706.610,0.00,0.000,0.000,0,0,0.0,543.11
1790577706.860,0.00,0.000,0.000,0,0,0.1,543.11
1790577707.110,0.00,0.000,0.000,0,0,0.0,543.11
1790577707.360,0.00,0.000,0.000,0,0,0.0,543.11
1790577707.610,0.00,0.000,0.000,0,0,0.1,543.11
1790577707.860,0.00,0.000,0.000,0,0,0.1,543.11
1790577708.110,0.00,0.000,0.000,0,0,0.0,543.11
1790577708.360,0.00,0.000,0.000,0,0,0.2,543.12
1790577708.610,0.00,0.000,0.000,0,0,0.0,543.12
1790577708.860,0.00,0.000,0.000,0,0,0.4,543.12
1790577709.110,0.00,0.000,0.000,0,0,0.0,543.11
1790577709.360,0.00,0.000,0.000,0,0,0.1,543.11
1790577709.610,0.00,0.000,0.000,0,0,0.1,543.11
1790577709.860,0.00,0.000,0.000,0,0,0.2,543.11
1790577710.110,0.00,0.000,0.000,0,0,0.1,543.11
1790577710.360,0.00,0.000,0.000,0,0,0.0,543.11
1790577710.610,0.00,0.000,0.000,0,0,0.0,543.11
1790577710.860,0.00,0.000,0.000,0,0,0.1,543.11
1790577711.110,0.00,0.000,0.000,0,0,0.1,543.11
1790577711.360,0.00,0.000,0.000,0,0,0.0,543.11
1790577711.610,0.00,0.000,0.000,0,0,0.0,543.11
1790577711.860,0.00,0.000,0.000,0,0,0.0,543.11
1790577712.110,0.00,0.000,0.000,0,0,0.0,543.11
1790577712.360,0.00,0.000,0.000,0,0,0.4,543.12
1790577712.610,0.00,0.000,0.000,0,0,0.1,543.12
1790577712.860,0.00,0.000,0.000,0,0,0.4,543.12
1790577713.110,0.00,0.000,0.000,0,0,0.0,543.12
1790577713.360,0.00,0.000,0.000,0,0,0.1,543.12
1790577713.610,0.00,0.000,0.000,0,0,0.1,543.12
1790577713.860,0.00,0.000,0.000,0,0,0.1,543.12
1790577714.110,0.00,0.000,0.000,0,0,0.0,543.12
1790577714.360,0.00,0.000,0.000,0,0,0.1,543.12
1790577714.610,0.00,0.000,0.000,0,0,0.0,543.12
1790577714.860,0.00,0.000,0.000,0,0,0.2,543.12
1790577715.110,0.00,0.000,0.000,0,0,0.4,543.12
1790577715.360,0.00,0.000,0.000,0,0,0.0,543.11
1790577715.610,0.00,0.000,0.000,0,0,0.4,543.11
1790577715.860,0.00,0.000,0.000,0,0,0.1,543.11
1790577716.110,0.00,0.000,0.000,0,0,0.1,543.11
1790577716.360,0.00,0.000,0.000,0,0,0.0,543.11
1790577716.610,0.00,0.000,0.000,0,0,0.1,543.11
1790577716.860,0.00,0.000,0.000,0,0,0.0,543.11
1790577717.110,0.00,0.000,0.000,0,0,0.1,543.11
1790577717.360,0.00,0.000,0.000,0,0,0.3,543.11
1790577717.610,0.00,0.000,0.000,0,0,0.0,543.11
1790577717.860,0.00,0.000,0.000,0,0,0.1,543.11
1790577718.110,0.00,0.000,0.000,0,0,0.0,543.11
1790577718.360,0.00,0.000,0.000,0,0,0.1,543.11
1790577718.610,0.00,0.000,0.000,0,0,0.0,543.11
1790577718.860,0.00,0.000,0.000,0,0,0.2,543.11
1790577719.110,0.00,0.000,0.000,0,0,0.0,543.11
1790577719.360,0.00,0.000,0.000,0,0,0.1,543.11
1790577719.610,0.00,0.000,0.000,0,0,0.3,543.11
1790577719.860,0.00,0.000,0.000,0,0,0.4,543.11
1790577720.110,0.00,0.000,0.000,0,0,0.1,543.11
1790577720.360,0.00,0.000,0.000,0,0,0.2,543.12
1790577720.610,0.00,0.000,0.000,0,0,0.1,543.12
1790577720.860,0.00,0.000,0.000,0,0,0.4,543.12
1790577721.110,0.00,0.000,0.000,0,0,0.1,543.12
1790577721.360,0.00,0.000,0.000,0,0,0.0,543.12
1790577721.610,0.00,0.000,0.000,0,0,0.1,543.12
1790577721.860,0.00,0.000,0.000,0,0,0.0,543.12
1790577722.110,0.00,0.000,0.000,0,0,0.1,543.12
1790577722.360,0.00,0.000,0.000,0,0,0.1,543.12
1790577722.610,0.00,0.000,0.000,0,0,0.1,543.12
1790577722.860,0.00,0.000,0.000,0,0,0.2,543.12
1790577723.110,0.00,0.000,0.000,0,0,0.0,543.12
1790577723.360,0.00,0.000,0.000,0,0,0.0,543.12
1790577723.610,0.00,0.000,0.000,0,0,0.0,543.12
1790577723.860,0.00,0.000,0.000,0,0,0.1,543.12
1790577724.110,0.00,0.000,0.000,0,0,0.1,543.12
1790577724.360,0.00,0.000,0.000,0,0,0.0,543.12
1790577724.610,0.00,0.000,0.000,0,0,0.2,543.12
1790577724.860,0.00,0.000,0.000,0,0,0.0,543.12
1790577725.110,0.00,0.000,0.000,0,0,0.0,543.12
1790577725.360,0.00,0.000,0.000,0,0,0.1,543.12
1790577725.610,0.00,0.000,0.000,0,0,0.1,543.12
1790577725.860,0.00,0.000,0.000,0,0,0.2,543.12
1790577726.110,0.00,0.000,0.000,0,0,0.0,543.12
1790577726.360,0.00,0.000,0.000,0,0,0.0,543.12
1790577726.610,0.00,0.000,0.000,0,0,0.0,543.12
1790577726.860,0.00,0.000,0.000,0,0,0.2,543.12
1790577727.110,0.00,0.000,0.000,0,0,0.3,543.12
1790577727.360,0.00,0.000,0.000,0,0,0.4,543.12
1790577727.610,0.00,0.000,0.000,0,0,0.0,543.12
1790577727.860,0.00,0.000,0.000,0,0,0.1,543.12
1790577728.110,0.00,0.000,0.000,0,0,0.0,543.12
1790577728.360,0.00,0.000,0.000,0,0,0.0,543.12
1790577728.610,0.00,0.000,0.000,0,0,0.0,543.12
1790577728.860,0.00,0.000,0.000,0,0,0.1,543.12
1790577729.110,0.00,0.000,0.000,0,0,0.3,543.12
1790577729.360,0.00,0.000,0.000,0,0,0.0,543.12
1790577729.610,0.00,0.000,0.000,0,0,0.1,543.12
1790577729.860,0.00,0.000,0.000,0,0,0.1,543.12
1790577730.110,0.00,0.000,0.000,0,0,0.1,543.12
1790577730.360,0.00,0.000,0.000,0,0,0.2,543.12
1790577730.610,0.00,0.000,0.000,0,0,0.0,543.12
1790577730.860,0.00,0.000,0.000,0,0,0.1,543.12
1790577731.110,0.00,0.000,0.000,0,0,0.0,543.12
1790577731.360,0.00,0.000,0.000,0,0,0.1,543.12
1790577731.610,0.00,0.000,0.000,0,0,0.0,543.12
1790577731.860,0.00,0.000,0.000,0,0,0.0,543.12
1790577732.110,0.00,0.000,0.000,0,0,0.0,543.12
1790577732.360,0.00,0.000,0.000,0,0,0.0,543.12
1790577732.610,0.00,0.000,0.000,0,0,0.0,543.12
1790577732.860,0.00,0.000,0.000,0,0,0.1,543.12
1790577733.110,0.00,0.000,0.000,0,0,0.0,543.12
1790577733.360,0.00,0.000,0.000,0,0,0.1,543.12
1790577733.610,0.00,0.000,0.000,0,0,0.0,543.12
1790577733.860,0.00,0.000,0.000,0,0,0.0,543.12
1790577734.110,0.00,0.000,0.000,0,0,0.0,543.12
1790577734.360,0.00,0.000,0.000,0,0,0.0,543.12
1790577734.610,0.00,0.000,0.000,0,0,0.0,543.12
1790577734.860,0.00,0.000,0.000,0,0,0.0,543.12
1790577735.110,0.00,0.000,0.000,0,0,0.0,543.12
1790577735.360,0.00,0.000,0.000,0,0,0.0,543.12
1790577735.610,0.00,0.000,0.000,0,0,0.0,543.12
1790577735.860,0.00,0.000,0.000,0,0,0.2,543.12
1790577736.110,0.00,0.000,0.000,0,0,0.1,543.12
1790577736.360,0.00,0.000,0.000,0,0,0.0,543.12
1790577736.610,0.00,0.000,0.000,0,0,0.0,543.12
1790577736.860,0.00,0.000,0.000,0,0,0.0,543.12
1790577737.110,0.00,0.000,0.000,0,0,0.0,543.12
1790577737.360,0.00,0.000,0.000,0,0,0.0,543.12
1790577737.610,0.00,0.000,0.000,0,0,0.1,543.12
1790577737.860,0.00,0.000,0.000,0,0,0.0,543.12
1790577738.110,0.00,0.000,0.000,0,0,0.3,543.12
1790577738.360,0.00,0.000,0.000,0,0,0.0,543.12
1790577738.610,0.00,0.000,0.000,0,0,0.1,543.12
1790577738.860,0.00,0.000,0.000,0,0,0.2,543.12
1790577739.110,0.00,0.000,0.000,0,0,0.4,543.12
1790577739.360,0.00,0.000,0.000,0,0,0.0,543.12
1790577739.610,0.00,0.000,0.000,0,0,0.2,543.12
1790577739.860,0.00,0.000,0.000,0,0,0.1,543.12
1790577740.110,0.00,0.000,0.000,0,0,0.0,543.13
1790577740.360,0.00,0.000,0.000,0,0,0.0,543.13
1790577740.610,0.00,0.000,0.000,0,0,0.4,543.13
1790577740.860,0.00,0.000,0.000,0,0,0.0,543.13
1790577741.110,0.00,0.000,0.000,0,0,0.0,543.13
1790577741.360,0.00,0.000,0.000,0,0,0.1,543.13
1790577741.610,0.00,0.000,0.000,0,0,0.1,543.13
1790577741.860,0.00,0.000,0.000,0,0,0.1,543.13
1790577742.110,0.00,0.000,0.000,0,0,0.0,543.13
1790577742.360,0.00,0.000,0.000,0,0,0.0,543.13
1790577742.610,0.00,0.000,0.000,0,0,0.1,543.13
1790577742.860,0.00,0.000,0.000,0,0,0.6,543.13
1790577743.110,0.00,0.000,0.000,0,0,0.0,543.13
1790577743.360,0.00,0.000,0.000,0,0,0.0,543.13
1790577743.610,0.00,0.000,0.000,0,0,0.0,543.13
1790577743.860,0.00,0.000,0.000,0,0,0.2,543.13
1790577744.110,0.00,0.000,0.000,0,0,0.1,543.13
1790577744.360,0.00,0.000,0.000,0,0,0.0,543.13
1790577744.610,0.00,0.000,0.000,0,0,0.0,543.13
1790577744.860,0.00,0.000,0.000,0,0,0.2,543.13
1790577745.110,0.00,0.000,0.000,0,0,0.4,543.13
1790577745.360,0.00,0.000,0.000,0,0,0.4,543.12
1790577745.610,0.00,0.000,0.000,0,0,0.0,543.12
1790577745.860,0.00,0.000,0.000,0,0,0.0,543.12
1790577746.110,0.00,0.000,0.000,0,0,0.1,543.12
1790577746.360,0.00,0.000,0.000,0,0,0.1,543.12
1790577746.610,0.00,0.000,0.000,0,0,0.1,543.12
1790577746.860,0.00,0.000,0.000,0,0,0.1,543.12
1790577747.110,0.00,0.000,0.000,0,0,0.4,543.12
1790577747.360,0.00,0.000,0.000,0,0,0.0,543.12
1790577747.610,0.00,0.000,0.000,0,0,0.2,543.12
1790577747.860,0.00,0.000,0.000,0,0,0.0,543.12
1790577748.110,0.00,0.000,0.000,0,0,0.1,543.12
1790577748.360,0.00,0.000,0.000,0,0,0.1,543.12
1790577748.610,0.00,0.000,0.000,0,0,0.1,543.12
1790577748.860,0.00,0.000,0.000,0,0,0.0,543.12
1790577749.110,0.00,0.000,0.000,0,0,0.1,543.12
1790577749.360,0.00,0.000,0.000,0,0,0.0,543.12
1790577749.610,0.00,0.000,0.000,0,0,0.0,543.12
1790577749.860,0.00,0.000,0.000,0,0,0.4,543.12
1790577750.110,0.00,0.000,0.000,0,0,0.1,543.12
1790577750.360,0.00,0.000,0.000,0,0,0.2,543.12
1790577750.610,0.00,0.000,0.000,0,0,0.1,543.12
1790577750.860,0.00,0.000,0.000,0,0,0.0,543.12
1790577751.110,0.00,0.000,0.000,0,0,0.0,543.12
1790577751.360,0.00,0.000,0.000,0,0,0.0,543.12
1790577751.610,0.00,0.000,0.000,0,0,0.1,543.12
1790577751.860,0.00,0.000,0.000,0,0,0.0,543.12
1790577752.110,0.00,0.000,0.000,0,0,0.1,543.12
1790577752.360,0.00,0.000,0.000,0,0,0.0,543.12
1790577752.610,0.00,0.000,0.000,0,0,0.0,543.12
1790577752.860,0.00,0.000,0.000,0,0,0.2,543.12
1790577753.110,0.00,0.000,0.000,0,0,0.0,543.12
1790577753.360,0.00,0.000,0.000,0,0,0.1,543.12
1790577753.610,0.00,0.000,0.000,0,0,0.1,543.12
1790577753.860,0.00,0.000,0.000,0,0,0.4,543.12
1790577754.110,0.00,0.000,0.000,0,0,0.1,543.12
1790577754.360,0.00,0.000,0.000,0,0,0.1,543.12
1790577754.610,0.00,0.000,0.000,0,0,0.3,543.12
1790577754.860,0.00,0.000,0.000,0,0,0.0,543.12
1790577755.110,0.00,0.000,0.000,0,0,0.0,543.12
1790577755.360,0.00,0.000,0.000,0,0,0.1,543.12
1790577755.610,0.00,0.000,0.000,0,0,0.0,543.12
1790577755.860,0.00,0.000,0.000,0,0,0.1,543.12
1790577756.110,0.00,0.000,0.000,0,0,0.0,543.12
1790577756.360,0.00,0.000,0.000,0,0,0.1,543.12
1790577756.610,0.00,0.000,0.000,0,0,0.1,543.12
1790577756.860,0.00,0.000,0.000,0,0,0.1,543.12
1790577757.110,0.00,0.000,0.000,0,0,0.1,543.12
1790577757.360,0.00,0.000,0.000,0,0,0.0,543.12
1790577757.610,0.00,0.000,0.000,0,0,0.2,543.12
1790577757.860,0.00,0.000,0.000,0,0,0.1,543.12
1790577758.110,0.00,0.000,0.000,0,0,0.1,543.12
1790577758.360,0.00,0.000,0.000,0,0,0.2,543.13
1790577758.610,0.00,0.000,0.000,0,0,0.0,543.13
1790577758.860,0.00,0.000,0.000,0,0,0.1,543.13
1790577759.110,0.00,0.000,0.000,0,0,0.1,543.13
1790577759.360,0.00,0.000,0.000,0,0,0.0,543.13
1790577759.610,0.00,0.000,0.000,0,0,0.1,543.13
1790577759.860,0.00,0.000,0.000,0,0,0.0,543.13
1790577760.110,0.00,0.000,0.000,0,0,0.1,543.13
1790577760.360,0.00,0.000,0.000,0,0,0.0,543.13
1790577760.610,0.00,0.000,0.000,0,0,0.0,543.13
1790577760.860,0.00,0.000,0.000,0,0,0.0,543.13
1790577761.110,0.00,0.000,0.000,0,0,0.2,543.13
1790577761.360,0.00,0.000,0.000,0,0,0.0,543.13
1790577761.610,0.00,0.000,0.000,0,0,0.0,543.13
1790577761.860,0.00,0.000,0.000,0,0,0.0,543.13
1790577762.110,0.00,0.000,0.000,0,0,0.0,543.13
1790577762.360,0.00,0.000,0.000,0,0,0.2,543.13
1790577762.610,0.00,0.000,0.000,0,0,0.1,543.13
1790577762.860,0.00,0.000,0.000,0,0,0.0,543.13
1790577763.110,0.00,0.000,0.000,0,0,0.1,543.13
1790577763.360,0.00,0.000,0.000,0,0,0.1,543.13
1790577763.610,0.00,0.000,0.000,0,0,0.0,543.13
1790577763.860,0.00,0.000,0.000,0,0,0.0,543.13
1790577764.110,0.00,0.000,0.000,0,0,0.0,543.13
1790577764.360,0.00,0.000,0.000,0,0,0.0,543.13
1790577764.610,0.00,0.000,0.000,0,0,0.0,543.13
1790577764.860,0.00,0.000,0.000,0,0,0.0,543.13
1790577765.110,0.00,0.000,0.000,0,0,0.0,543.13
1790577765.360,0.00,0.000,0.000,0,0,0.0,543.13
1790577765.610,0.00,0.000,0.000,0,0,0.0,543.13
1790577765.860,0.00,0.000,0.000,0,0,0.0,543.13
1790577766.110,0.00,0.000,0.000,0,0,0.0,543.13
1790577766.360,0.00,0.000,0.000,0,0,0.0,543.13
1790577766.610,0.00,0.000,0.000,0,0,0.0,543.13
1790577766.860,0.00,0.000,0.000,0,0,0.3,543.13
1790577767.110,0.00,0.000,0.000,0,0,0.0,543.13
1790577767.360,0.00,0.000,0.000,0,0,0.1,543.13
1790577767.610,0.00,0.000,0.000,0,0,0.0,543.13
1790577767.860,0.00,0.000,0.000,0,0,0.1,543.13
1790577768.110,0.00,0.000,0.000,0,0,0.0,543.13
1790577768.360,0.00,0.000,0.000,0,0,0.1,543.13
1790577768.610,0.00,0.000,0.000,0,0,0.0,543.13
1790577768.860,0.00,0.000,0.000,0,0,0.0,543.13
1790577769.110,0.00,0.000,0.000,0,0,0.5,543.13
1790577769.360,0.00,0.000,0.000,0,0,0.6,543.13
1790577769.610,0.00,0.000,0.000,0,0,0.0,543.13
1790577769.860,0.00,0.000,0.000,0,0,0.1,543.13
1790577770.110,0.00,0.000,0.000,0,0,0.0,543.13
1790577770.360,0.00,0.000,0.000,0,0,0.0,543.13
1790577770.610,0.00,0.000,0.000,0,0,0.1,543.13
1790577770.860,0.00,0.000,0.000,0,0,1.0,543.13
1790577771.110,0.00,0.000,0.000,0,0,0.3,543.13
1790577771.360,0.00,0.000,0.000,0,0,0.0,543.13
1790577771.610,0.00,0.000,0.000,0,0,0.1,543.13
1790577771.860,0.00,0.000,0.000,0,0,0.0,543.13
1790577772.110,0.00,0.000,0.000,0,0,0.1,543.13
1790577772.360,0.00,0.000,0.000,0,0,0.0,543.13
1790577772.610,0.00,0.000,0.000,0,0,0.0,543.13
1790577772.860,0.00,0.000,0.000,0,0,21.1,543.13
1790577773.110,0.00,0.000,0.000,0,0,0.0,543.13
1790577773.360,0.00,0.000,0.000,0,0,0.0,543.13
1790577773.610,0.00,0.000,0.000,0,0,0.0,543.13
1790577773.860,0.00,0.000,0.000,0,0,0.0,543.13
1790577774.110,0.00,0.000,0.000,0,0,0.0,543.13
1790577774.360,0.00,0.000,0.000,0,0,0.0,543.13
1790577774.610,0.00,0.000,0.000,0,0,0.0,543.13
1790577774.860,0.00,0.000,0.000,0,0,0.0,543.13
1790577775.110,0.00,0.000,0.000,0,0,0.0,543.13
1790577775.360,0.00,0.000,0.000,0,0,0.0,543.12
1790577775.610,0.00,0.000,0.000,0,0,0.0,543.12
1790577775.860,0.00,0.000,0.000,0,0,0.0,543.12
1790577776.110,0.00,0.000,0.000,0,0,0.0,543.12
1790577776.360,0.00,0.000,0.000,0,0,0.0,543.12
1790577776.610,0.00,0.000,0.000,0,0,0.0,543.12
1790577776.860,0.00,0.000,0.000,0,0,0.0,543.12
1790577777.110,0.00,0.000,0.000,0,0,0.0,543.12
1790577777.360,0.00,0.000,0.000,0,0,0.0,543.12
1790577777.610,0.00,0.000,0.000,0,0,0.0,543.12
1790577777.860,0.00,0.000,0.000,0,0,0.0,543.12
1790577778.110,0.00,0.000,0.000,0,0,0.0,543.12
1790577778.360,0.00,0.000,0.000,0,0,0.0,543.12
1790577778.610,0.00,0.000,0.000,0,0,0.1,543.12
1790577778.860,0.00,0.000,0.000,0,0,0.0,543.12
1790577779.110,0.00,0.000,0.000,0,0,0.9,543.12
1790577779.360,0.00,0.000,0.000,0,0,0.0,543.12
1790577779.610,0.00,0.000,0.000,0,0,0.0,543.12
1790577779.860,0.00,0.000,0.000,0,0,0.0,543.12
1790577780.110,0.00,0.000,0.000,0,0,0.4,543.12
1790577780.360,0.00,0.000,0.000,0,0,0.1,543.12
1790577780.610,0.00,0.000,0.000,0,0,0.2,543.13
1790577780.860,0.00,0.000,0.000,0,0,0.0,543.13
1790577781.110,0.00,0.000,0.000,0,0,0.6,543.13
1790577781.360,0.00,0.000,0.000,0,0,0.0,543.12
1790577781.610,0.00,0.000,0.000,0,0,0.0,543.12
1790577781.860,0.00,0.000,0.000,0,0,0.0,543.12
1790577782.110,0.00,0.000,0.000,0,0,0.0,543.12
1790577782.360,0.00,0.000,0.000,0,0,0.1,543.12
1790577782.610,0.00,0.000,0.000,0,0,0.0,543.12
1790577782.860,0.00,0.000,0.000,0,0,0.0,543.12
1790577783.110,0.00,0.000,0.000,0,0,0.0,543.13
1790577783.360,0.00,0.000,0.000,0,0,0.0,543.13
1790577783.610,0.00,0.000,0.000,0,0,0.0,543.13
1790577783.860,0.00,0.000,0.000,0,0,0.0,543.13
1790577784.110,0.00,0.000,0.000,0,0,0.2,543.12
1790577784.360,0.00,0.000,0.000,0,0,0.0,543.12
1790577784.610,0.00,0.000,0.000,0,0,0.0,543.13
1790577784.860,0.00,0.000,0.000,0,0,0.0,543.13
1790577785.110,0.00,0.000,0.000,0,0,0.0,543.13
1790577785.360,0.00,0.000,0.000,0,0,0.0,543.13
1790577785.610,0.00,0.000,0.000,0,0,0.0,543.13
1790577785.860,0.00,0.000,0.000,0,0,0.0,543.13
1790577786.110,0.00,0.000,0.000,0,0,0.0,543.13
1790577786.360,0.00,0.000,0.000,0,0,0.0,543.13
1790577786.610,0.00,0.000,0.000,0,0,0.0,543.13
1790577786.860,0.00,0.000,0.000,0,0,0.0,543.13
1790577787.110,0.00,0.000,0.000,0,0,0.0,543.13
1790577787.360,0.00,0.000,0.000,0,0,0.1,543.13
1790577787.610,0.00,0.000,0.000,0,0,0.1,543.13
1790577787.860,0.00,0.000,0.000,0,0,0.1,543.13
1790577788.110,0.00,0.000,0.000,0,0,0.0,543.13
1790577788.360,0.00,0.000,0.000,0,0,0.0,543.13
1790577788.610,0.00,0.000,0.000,0,0,0.1,543.13
1790577788.860,0.00,0.000,0.000,0,0,0.0,543.13
1790577789.110,0.00,0.000,0.000,0,0,0.0,543.13
1790577789.360,0.00,0.000,0.000,0,0,0.9,543.13
1790577789.610,0.00,0.000,0.000,0,0,0.0,543.13
1790577789.860,0.00,0.000,0.000,0,0,0.0,543.13
1790577790.110,0.00,0.000,0.000,0,0,0.0,543.13
1790577790.360,0.00,0.000,0.000,0,0,0.1,543.13
1790577790.610,0.00,0.000,0.000,0,0,0.0,543.13
1790577790.860,0.00,0.000,0.000,0,0,0.0,543.13
1790577791.110,0.00,0.000,0.000,0,0,0.0,543.13
1790577791.360,0.00,0.000,0.000,0,0,0.1,543.13
1790577791.610,0.00,0.000,0.000,0,0,0.0,543.13
1790577791.860,0.00,0.000,0.000,0,0,0.0,543.13
1790577792.110,0.00,0.000,0.000,0,0,0.0,543.13
1790577792.360,0.00,0.000,0.000,0,0,0.0,543.13
1790577792.610,0.00,0.000,0.000,0,0,0.0,543.13
1790577792.860,0.00,0.000,0.000,0,0,0.0,543.13
1790577793.110,0.00,0.000,0.000,0,0,0.0,543.13
1790577793.360,0.00,0.000,0.000,0,0,0.0,543.13
1790577793.610,0.00,0.000,0.000,0,0,0.0,543.13
1790577793.860,0.00,0.000,0.000,0,0,0.0,543.13
1790577794.110,0.00,0.000,0.000,0,0,0.1,543.13
1790577794.360,0.00,0.000,0.000,0,0,0.0,543.13
1790577794.610,0.00,0.000,0.000,0,0,0.1,543.13
1790577794.860,0.00,0.000,0.000,0,0,0.1,543.13
1790577795.110,0.00,0.000,0.000,0,0,0.1,543.13
1790577795.360,0.00,0.000,0.000,0,0,0.1,543.13
1790577795.610,0.00,0.000,0.000,0,0,0.6,543.13
1790577795.860,0.00,0.000,0.000,0,0,0.0,543.13
1790577796.110,0.00,0.000,0.000,0,0,0.0,543.13
1790577796.360,0.00,0.000,0.000,0,0,0.0,543.13
1790577796.610,0.00,0.000,0.000,0,0,0.0,543.13
1790577796.860,0.00,0.000,0.000,0,0,0.0,543.13
1790577797.110,0.00,0.000,0.000,0,0,0.1,543.13
1790577797.360,0.00,0.000,0.000,0,0,0.0,543.13
1790577797.610,0.00,0.000,0.000,0,0,0.0,543.13
1790577797.860,0.00,0.000,0.000,0,0,0.1,543.13
1790577798.110,0.00,0.000,0.000,0,0,0.0,543.13
1790577798.360,0.00,0.000,0.000,0,0,0.0,543.13
1790577798.610,0.00,0.000,0.000,0,0,0.0,543.13
1790577798.860,0.00,0.000,0.000,0,0,0.0,543.13
1790577799.110,0.00,0.000,0.000,0,0,0.0,543.13
1790577799.360,0.00,0.000,0.000,0,0,0.4,543.13
1790577799.610,0.00,0.000,0.000,0,0,0.0,543.13
1790577799.860,0.00,0.000,0.000,0,0,0.0,543.13
1790577800.110,0.00,0.000,0.000,0,0,0.0,543.13
1790577800.360,0.00,0.000,0.000,0,0,0.0,543.13
1790577800.610,0.00,0.000,0.000,0,0,0.1,543.13
1790577800.860,0.00,0.000,0.000,0,0,0.1,543.13
1790577801.110,0.00,0.000,0.000,0,0,0.0,543.13
1790577801.360,0.00,0.000,0.000,0,0,0.0,543.13
1790577801.610,0.00,0.000,0.000,0,0,0.0,543.13
1790577801.860,0.00,0.000,0.000,0,0,0.0,543.13
1790577802.110,0.00,0.000,0.000,0,0,0.1,543.13
1790577802.360,0.00,0.000,0.000,0,0,0.2,543.13
1790577802.610,0.00,0.000,0.000,0,0,0.0,543.13
1790577802.860,0.00,0.000,0.000,0,0,0.0,543.13
1790577803.110,0.00,0.000,0.000,0,0,0.0,543.13
1790577803.360,0.00,0.000,0.000,0,0,0.0,543.13
1790577803.610,0.00,0.000,0.000,0,0,0.0,543.13
1790577803.860,0.00,0.000,0.000,0,0,0.0,543.13
1790577804.110,0.00,0.000,0.000,0,0,0.2,543.13
1790577804.360,0.00,0.000,0.000,0,0,0.0,543.13
1790577804.610,0.00,0.000,0.000,0,0,0.0,543.13
1790577804.860,0.00,0.000,0.000,0,0,0.1,543.13
1790577805.110,0.00,0.000,0.000,0,0,0.1,543.13
1790577805.360,0.00,0.000,0.000,0,0,0.0,543.13
1790577805.610,0.00,0.000,0.000,0,0,0.0,543.13
1790577805.860,0.00,0.000,0.000,0,0,0.1,543.13
1790577806.110,0.00,0.000,0.000,0,0,0.2,543.13
1790577806.360,0.00,0.000,0.000,0,0,0.0,543.13
1790577806.610,0.00,0.000,0.000,0,0,0.1,543.13
1790577806.860,0.00,0.000,0.000,0,0,0.0,543.13
1790577807.110,0.00,0.000,0.000,0,0,0.0,543.13
1790577807.360,0.00,0.000,0.000,0,0,0.0,543.13
1790577807.610,0.00,0.000,0.000,0,0,0.0,543.13
1790577807.860,0.00,0.000,0.000,0,0,0.0,543.13
1790577808.110,0.00,0.000,0.000,0,0,0.0,543.13
1790577808.360,0.00,0.000,0.000,0,0,0.0,543.13
1790577808.610,0.00,0.000,0.000,0,0,0.0,543.13
1790577808.860,0.00,0.000,0.000,0,0,0.0,543.13
1790577809.110,0.00,0.000,0.000,0,0,0.0,543.13
1790577809.360,0.00,0.000,0.000,0,0,0.0,543.13
1790577809.610,0.00,0.000,0.000,0,0,0.0,543.13
1790577809.860,0.00,0.000,0.000,0,0,0.0,543.13
1790577810.110,0.00,0.000,0.000,0,0,0.4,543.13
1790577810.360,0.00,0.000,0.000,0,0,0.1,543.13
1790577810.610,0.00,0.000,0.000,0,0,0.1,543.13
1790577810.860,0.00,0.000,0.000,0,0,0.0,543.13
1790577811.110,0.00,0.000,0.000,0,0,0.0,543.13
1790577811.360,0.00,0.000,0.000,0,0,0.0,543.13
1790577811.610,0.00,0.000,0.000,0,0,0.0,543.13
1790577811.860,0.00,0.000,0.000,0,0,0.0,543.13
1790577812.110,0.00,0.000,0.000,0,0,0.1,543.13
1790577812.360,0.00,0.000,0.000,0,0,0.1,543.13
1790577812.610,0.00,0.000,0.000,0,0,0.1,543.13
1790577812.860,0.00,0.000,0.000,0,0,0.1,543.13
1790577813.110,0.00,0.000,0.000,0,0,0.0,543.13
1790577813.360,0.00,0.000,0.000,0,0,0.1,543.13
1790577813.610,0.00,0.000,0.000,0,0,0.1,543.13
1790577813.860,0.00,0.000,0.000,0,0,0.1,543.13
1790577814.110,0.00,0.000,0.000,0,0,0.5,543.13
1790577814.360,0.00,0.000,0.000,0,0,0.0,543.13
1790577814.610,0.00,0.000,0.000,0,0,0.0,543.13
1790577814.860,0.00,0.000,0.000,0,0,0.4,543.13
1790577815.110,0.00,0.000,0.000,0,0,0.1,543.13
1790577815.360,0.00,0.000,0.000,0,0,0.4,543.13
1790577815.610,0.00,0.000,0.000,0,0,0.0,543.13
1790577815.860,0.00,0.000,0.000,0,0,0.1,543.13
1790577816.110,0.00,0.000,0.000,0,0,0.0,543.13
1790577816.360,0.00,0.000,0.000,0,0,0.0,543.13
1790577816.610,0.00,0.000,0.000,0,0,0.3,543.13
1790577816.860,0.00,0.000,0.000,0,0,0.1,543.13
1790577817.110,0.00,0.000,0.000,0,0,0.3,543.13
1790577817.360,0.00,0.000,0.000,0,0,0.0,543.13
1790577817.610,0.00,0.000,0.000,0,0,0.2,543.13
1790577817.860,0.00,0.000,0.000,0,0,0.1,543.13
1790577818.110,0.00,0.000,0.000,0,0,0.0,543.13
1790577818.360,0.00,0.000,0.000,0,0,0.0,543.13
1790577818.610,0.00,0.000,0.000,0,0,0.1,543.13
1790577818.860,0.00,0.000,0.000,0,0,0.0,543.13
1790577819.110,0.00,0.000,0.000,0,0,0.2,543.13
1790577819.360,0.00,0.000,0.000,0,0,0.1,543.13
1790577819.610,0.00,0.000,0.000,0,0,0.0,543.13
1790577819.860,0.00,0.000,0.000,0,0,0.1,543.13
1790577820.110,0.00,0.000,0.000,0,0,0.0,543.13
1790577820.360,0.00,0.000,0.000,0,0,0.8,543.13
1790577820.610,0.00,0.000,0.000,0,0,0.1,543.13
1790577820.860,0.00,0.000,0.000,0,0,0.4,543.13
1790577821.110,0.00,0.000,0.000,0,0,0.4,543.13
1790577821.360,0.00,0.000,0.000,0,0,0.1,543.13
1790577821.610,0.00,0.000,0.000,0,0,0.0,543.13
1790577821.860,0.00,0.000,0.000,0,0,0.0,543.13
1790577822.110,0.00,0.000,0.000,0,0,0.1,543.13
1790577822.360,0.00,0.000,0.000,0,0,0.1,543.13
1790577822.610,0.00,0.000,0.000,0,0,0.0,543.13
1790577822.860,0.00,0.000,0.000,0,0,0.0,543.13
1790577823.110,0.00,0.000,0.000,0,0,0.0,543.13
1790577823.360,0.00,0.000,0.000,0,0,0.5,543.13
1790577823.610,0.00,0.000,0.000,0,0,0.1,543.13
1790577823.860,0.00,0.000,0.000,0,0,0.0,543.13
1790577824.110,0.00,0.000,0.000,0,0,0.1,543.13
1790577824.360,0.00,0.000,0.000,0,0,0.5,543.13
1790577824.610,0.00,0.000,0.000,0,0,0.1,543.13
1790577824.860,0.00,0.000,0.000,0,0,0.4,543.13
1790577825.110,0.00,0.000,0.000,0,0,0.4,543.13
1790577825.360,0.00,0.000,0.000,0,0,0.0,543.13
1790577825.610,0.00,0.000,0.000,0,0,0.0,543.13
1790577825.860,0.00,0.000,0.000,0,0,0.1,543.13
1790577826.110,0.00,0.000,0.000,0,0,0.0,543.13
1790577826.360,0.00,0.000,0.000,0,0,0.1,543.13
1790577826.610,0.00,0.000,0.000,0,0,0.0,543.13
1790577826.860,0.00,0.000,0.000,0,0,0.0,543.13
1790577827.110,0.00,0.000,0.000,0,0,0.0,543.13
1790577827.360,0.00,0.000,0.000,0,0,0.2,543.13
1790577827.610,0.00,0.000,0.000,0,0,0.1,543.13
1790577827.860,0.00,0.000,0.000,0,0,0.0,543.13
1790577828.110,0.00,0.000,0.000,0,0,0.1,543.13
1790577828.360,0.00,0.000,0.000,0,0,0.0,543.13
1790577828.610,0.00,0.000,0.000,0,0,0.0,543.13
1790577828.860,0.00,0.000,0.000,0,0,0.0,543.13
1790577829.110,0.00,0.000,0.000,0,0,0.0,543.13
1790577829.360,0.00,0.000,0.000,0,0,0.0,543.13
1790577829.610,0.00,0.000,0.000,0,0,0.1,543.13
1790577829.860,0.00,0.000,0.000,0,0,0.0,543.13
1790577830.110,0.00,0.000,0.000,0,0,0.1,543.13
1790577830.360,0.00,0.000,0.000,0,0,0.0,543.13
1790577830.610,0.00,0.000,0.000,0,0,0.2,543.13
1790577830.860,0.00,0.000,0.000,0,0,0.0,543.13
1790577831.110,0.00,0.000,0.000,0,0,0.1,543.13
1790577831.360,0.00,0.000,0.000,0,0,0.0,543.13
1790577831.610,0.00,0.000,0.000,0,0,0.1,543.13
1790577831.860,0.00,0.000,0.000,0,0,0.2,543.13
1790577832.110,0.00,0.000,0.000,0,0,0.2,543.13
1790577832.360,0.00,0.000,0.000,0,0,0.1,543.13
1790577832.610,0.00,0.000,0.000,0,0,0.4,543.13
1790577832.860,0.00,0.000,0.000,0,0,0.1,543.13
1790577833.110,0.00,0.000,0.000,0,0,0.0,543.13
1790577833.360,0.00,0.000,0.000,0,0,0.0,543.13
1790577833.610,0.00,0.000,0.000,0,0,0.1,543.13
1790577833.860,0.00,0.000,0.000,0,0,0.0,543.13
1790577834.110,0.00,0.000,0.000,0,0,0.0,543.13
1790577834.360,0.00,0.000,0.000,0,0,0.1,543.13
1790577834.610,0.00,0.000,0.000,0,0,0.0,543.13
1790577834.860,0.00,0.000,0.000,0,0,0.1,543.13
1790577835.110,0.00,0.000,0.000,0,0,0.0,543.13
1790577835.360,0.00,0.000,0.000,0,0,0.0,543.13
1790577835.610,0.00,0.000,0.000,0,0,0.0,543.13
1790577835.860,0.00,0.000,0.000,0,0,0.1,543.13
1790577836.110,0.00,0.000,0.000,0,0,0.0,543.13
1790577836.360,0.00,0.000,0.000,0,0,0.0,543.13
1790577836.610,0.00,0.000,0.000,0,0,0.0,543.13
1790577836.860,0.00,0.000,0.000,0,0,0.0,543.13
1790577837.110,0.00,0.000,0.000,0,0,0.0,543.13
1790577837.360,0.00,0.000,0.000,0,0,0.0,543.13
1790577837.610,0.00,0.000,0.000,0,0,0.1,543.13
1790577837.860,0.00,0.000,0.000,0,0,0.0,543.13
1790577838.110,0.00,0.000,0.000,0,0,0.0,543.13
1790577838.360,0.00,0.000,0.000,0,0,0.0,543.13
1790577838.610,0.00,0.000,0.000,0,0,0.0,543.13
1790577838.860,0.00,0.000,0.000,0,0,0.0,543.13
1790577839.110,0.00,0.000,0.000,0,0,0.0,543.13
1790577839.360,0.00,0.000,0.000,0,0,0.0,543.13
1790577839.610,0.00,0.000,0.000,0,0,0.0,543.13
1790577839.860,0.00,0.000,0.000,0,0,0.0,543.13
1790577840.110,0.00,0.000,0.000,0,0,0.0,543.13
1790577840.360,0.00,0.000,0.000,0,0,0.3,543.13
1790577840.610,0.00,0.000,0.000,0,0,0.0,543.13
1790577840.860,0.00,0.000,0.000,0,0,0.0,543.13
1790577841.110,0.00,0.000,0.000,0,0,0.4,543.13
1790577841.360,0.00,0.000,0.000,0,0,0.0,543.13
1790577841.610,0.00,0.000,0.000,0,0,0.1,543.13
1790577841.860,0.00,0.000,0.000,0,0,0.0,543.13
1790577842.110,0.00,0.000,0.000,0,0,0.0,543.13
1790577842.360,0.00,0.000,0.000,0,0,0.1,543.13
1790577842.610,0.00,0.000,0.000,0,0,0.0,543.13
1790577842.860,0.00,0.000,0.000,0,0,0.1,543.13
1790577843.110,0.00,0.000,0.000,0,0,0.1,543.13
1790577843.360,0.00,0.000,0.000,0,0,0.0,543.13
1790577843.610,0.00,0.000,0.000,0,0,0.0,543.13
1790577843.860,0.00,0.000,0.000,0,0,0.0,543.13
1790577844.110,0.00,0.000,0.000,0,0,0.0,543.13
1790577844.360,0.00,0.000,0.000,0,0,0.0,543.13
1790577844.610,0.00,0.000,0.000,0,0,0.1,543.13
1790577844.860,0.00,0.000,0.000,0,0,0.0,543.13
1790577845.110,0.00,0.000,0.000,0,0,0.0,543.13
1790577845.360,0.00,0.000,0.000,0,0,0.0,543.13
1790577845.610,0.00,0.000,0.000,0,0,0.2,543.13
1790577845.860,0.00,0.000,0.000,0,0,0.0,543.13
1790577846.110,0.00,0.000,0.000,0,0,0.0,543.13
1790577846.360,0.00,0.000,0.000,0,0,0.1,543.13
1790577846.610,0.00,0.000,0.000,0,0,0.1,543.13
1790577846.860,0.00,0.000,0.000,0,0,0.0,543.13
1790577847.110,0.00,0.000,0.000,0,0,0.1,543.13
1790577847.360,0.00,0.000,0.000,0,0,0.0,543.13
1790577847.610,0.00,0.000,0.000,0,0,0.1,543.13
1790577847.860,0.00,0.000,0.000,0,0,0.1,543.13
1790577848.110,0.00,0.000,0.000,0,0,0.0,543.13
1790577848.360,0.00,0.000,0.000,0,0,0.0,543.13
1790577848.610,0.00,0.000,0.000,0,0,0.0,543.13
1790577848.860,0.00,0.000,0.000,0,0,0.0,543.13
1790577849.110,0.00,0.000,0.000,0,0,0.8,543.13
1790577849.360,0.00,0.000,0.000,0,0,0.3,543.13
1790577849.610,0.00,0.000,0.000,0,0,0.2,543.13
1790577849.860,0.00,0.000,0.000,0,0,0.0,543.13
1790577850.110,0.00,0.000,0.000,0,0,0.1,543.13
1790577850.360,0.00,0.000,0.000,0,0,0.0,543.13
1790577850.610,0.00,0.000,0.000,0,0,0.0,543.13
1790577850.860,0.00,0.000,0.000,0,0,0.0,543.13
1790577851.110,0.00,0.000,0.000,0,0,0.7,543.13
1790577851.360,0.00,0.000,0.000,0,0,0.0,543.13
1790577851.610,0.00,0.000,0.000,0,0,0.1,543.13
1790577851.860,0.00,0.000,0.000,0,0,0.1,543.13
1790577852.110,0.00,0.000,0.000,0,0,0.1,543.13
1790577852.360,0.00,0.000,0.000,0,0,0.0,543.13
1790577852.610,0.00,0.000,0.000,0,0,0.0,543.13
1790577852.860,0.00,0.000,0.000,0,0,0.0,543.13
1790577853.110,0.00,0.000,0.000,0,0,0.9,543.13
1790577853.360,0.00,0.000,0.000,0,0,0.0,543.13
1790577853.610,0.00,0.000,0.000,0,0,0.0,543.13
1790577853.860,0.00,0.000,0.000,0,0,0.1,543.13
1790577854.110,0.00,0.000,0.000,0,0,0.1,543.13
1790577854.360,0.00,0.000,0.000,0,0,0.0,543.13
1790577854.610,0.00,0.000,0.000,0,0,0.0,543.13
1790577854.860,0.00,0.000,0.000,0,0,0.0,543.13
1790577855.110,0.00,0.000,0.000,0,0,0.1,543.13
1790577855.360,0.00,0.000,0.000,0,0,0.2,543.13
1790577855.610,0.00,0.000,0.000,0,0,0.0,543.13
1790577855.860,0.00,0.000,0.000,0,0,0.1,543.13
1790577856.110,0.00,0.000,0.000,0,0,0.0,543.13
1790577856.360,0.00,0.000,0.000,0,0,0.0,543.13
1790577856.610,0.00,0.000,0.000,0,0,0.1,543.13
1790577856.860,0.00,0.000,0.000,0,0,0.0,543.13
1790577857.110,0.00,0.000,0.000,0,0,0.0,543.13
1790577857.360,0.00,0.000,0.000,0,0,0.0,543.13
1790577857.610,0.00,0.000,0.000,0,0,0.1,543.13
1790577857.860,0.00,0.000,0.000,0,0,0.0,543.13
1790577858.110,0.00,0.000,0.000,0,0,0.3,543.13
1790577858.360,0.00,0.000,0.000,0,0,0.0,543.13
1790577858.610,0.00,0.000,0.000,0,0,0.0,543.13
1790577858.860,0.00,0.000,0.000,0,0,0.0,543.13
1790577859.110,0.00,0.000,0.000,0,0,22.8,543.13
1790577859.360,0.00,0.000,0.000,0,0,0.0,543.13
1790577859.610,0.00,0.000,0.000,0,0,0.0,543.13
1790577859.860,0.00,0.000,0.000,0,0,0.0,543.13
1790577860.110,0.00,0.000,0.000,0,0,0.0,543.13
1790577860.360,0.00,0.000,0.000,0,0,0.0,543.13
1790577860.610,0.00,0.000,0.000,0,0,0.0,543.13
1790577860.860,0.00,0.000,0.000,0,0,0.0,543.13
1790577861.110,0.00,0.000,0.000,0,0,0.0,543.13
1790577861.360,0.00,0.000,0.000,0,0,0.1,543.13
1790577861.610,0.00,0.000,0.000,0,0,0.0,543.13
1790577861.860,0.00,0.000,0.000,0,0,0.0,543.13
1790577862.110,0.00,0.000,0.000,0,0,0.0,543.13
1790577862.360,0.00,0.000,0.000,0,0,0.0,543.13
1790577862.610,0.00,0.000,0.000,0,0,0.0,543.13
1790577862.860,0.00,0.000,0.000,0,0,0.1,543.13
1790577863.110,0.00,0.000,0.000,0,0,0.0,543.13
1790577863.360,0.00,0.000,0.000,0,0,0.0,543.13
1790577863.610,0.00,0.000,0.000,0,0,0.0,543.13
1790577863.860,0.00,0.000,0.000,0,0,0.1,543.13
1790577864.110,0.00,0.000,0.000,0,0,0.0,543.13
1790577864.360,0.00,0.000,0.000,0,0,0.0,543.13
1790577864.610,0.00,0.000,0.000,0,0,0.0,543.13
1790577864.860,0.00,0.000,0.000,0,0,0.1,543.13
1790577865.110,0.00,0.000,0.000,0,0,0.0,543.13
1790577865.360,0.00,0.000,0.000,0,0,0.1,543.13
1790577865.610,0.00,0.000,0.000,0,0,0.0,543.13
1790577865.860,0.00,0.000,0.000,0,0,0.1,543.13
1790577866.110,0.00,0.000,0.000,0,0,0.1,543.13
1790577866.360,0.00,0.000,0.000,0,0,0.1,543.13
1790577866.610,0.00,0.000,0.000,0,0,0.4,543.13
1790577866.860,0.00,0.000,0.000,0,0,0.0,543.13
1790577867.110,0.00,0.000,0.000,0,0,0.0,543.13
1790577867.360,0.00,0.000,0.000,0,0,0.1,543.13
1790577867.610,0.00,0.000,0.000,0,0,0.1,543.13
1790577867.860,0.00,0.000,0.000,0,0,0.1,543.13
1790577868.110,0.00,0.000,0.000,0,0,0.1,543.13
1790577868.360,0.00,0.000,0.000,0,0,0.0,543.13
1790577868.610,0.00,0.000,0.000,0,0,0.0,543.13
1790577868.860,0.00,0.000,0.000,0,0,0.1,543.13
1790577869.110,0.00,0.000,0.000,0,0,0.0,543.13
1790577869.360,0.00,0.000,0.000,0,0,0.0,543.13
1790577869.610,0.00,0.000,0.000,0,0,0.2,543.13
1790577869.860,0.00,0.000,0.000,0,0,0.0,543.13
1790577870.110,0.00,0.000,0.000,0,0,0.0,543.13
1790577870.360,0.00,0.000,0.000,0,0,0.1,543.13
1790577870.610,0.00,0.000,0.000,0,0,0.1,543.13
1790577870.860,0.00,0.000,0.000,0,0,0.4,543.13
1790577871.110,0.00,0.000,0.000,0,0,0.1,543.13
1790577871.360,0.00,0.000,0.000,0,0,0.0,543.13
1790577871.610,0.00,0.000,0.000,0,0,0.2,543.13
1790577871.860,0.00,0.000,0.000,0,0,0.1,543.13
1790577872.110,0.00,0.000,0.000,0,0,0.0,543.13
1790577872.360,0.00,0.000,0.000,0,0,0.4,543.13
1790577872.610,0.00,0.000,0.000,0,0,0.1,543.13
1790577872.860,0.00,0.000,0.000,0,0,0.0,543.13
1790577873.110,0.00,0.000,0.000,0,0,0.3,543.13
1790577873.360,0.00,0.000,0.000,0,0,0.0,543.13
1790577873.610,0.00,0.000,0.000,0,0,0.2,543.13
1790577873.860,0.00,0.000,0.000,0,0,0.1,543.13
1790577874.110,0.00,0.000,0.000,0,0,0.0,543.13
1790577874.360,0.00,0.000,0.000,0,0,0.0,543.13
1790577874.610,0.00,0.000,0.000,0,0,0.1,543.13
1790577874.860,0.00,0.000,0.000,0,0,0.1,543.13
1790577875.110,0.00,0.000,0.000,0,0,0.3,543.13
1790577875.360,0.00,0.000,0.000,0,0,0.0,543.13
1790577875.610,0.00,0.000,0.000,0,0,0.4,543.13
1790577875.860,0.00,0.000,0.000,0,0,0.1,543.13
1790577876.110,0.00,0.000,0.000,0,0,0.1,543.13
1790577876.360,0.00,0.000,0.000,0,0,0.0,543.13
1790577876.610,0.00,0.000,0.000,0,0,0.1,543.13
1790577876.860,0.00,0.000,0.000,0,0,0.0,543.13
1790577877.110,0.00,0.000,0.000,0,0,0.4,543.13
1790577877.360,0.00,0.000,0.000,0,0,0.2,543.13
1790577877.610,0.00,0.000,0.000,0,0,0.2,543.13
1790577877.860,0.00,0.000,0.000,0,0,0.0,543.13
1790577878.110,0.00,0.000,0.000,0,0,0.0,543.13
1790577878.360,0.00,0.000,0.000,0,0,0.1,543.13
1790577878.610,0.00,0.000,0.000,0,0,0.3,543.13
1790577878.860,0.00,0.000,0.000,0,0,0.0,543.13
1790577879.110,0.00,0.000,0.000,0,0,0.4,543.13
1790577879.360,0.00,0.000,0.000,0,0,0.0,543.13
1790577879.610,0.00,0.000,0.000,0,0,0.3,543.13
1790577879.860,0.00,0.000,0.000,0,0,0.0,543.13
1790577880.110,0.00,0.000,0.000,0,0,0.0,543.13
1790577880.360,0.00,0.000,0.000,0,0,0.0,543.13
1790577880.610,0.00,0.000,0.000,0,0,0.1,543.13
1790577880.860,0.00,0.000,0.000,0,0,0.1,543.13
1790577881.110,0.00,0.000,0.000,0,0,0.0,543.13
1790577881.360,0.00,0.000,0.000,0,0,0.0,543.13
1790577881.610,0.00,0.000,0.000,0,0,0.0,543.13
1790577881.860,0.00,0.000,0.000,0,0,0.1,543.13
1790577882.110,0.00,0.000,0.000,0,0,0.0,543.13
1790577882.360,0.00,0.000,0.000,0,0,0.3,543.13
1790577882.610,0.00,0.000,0.000,0,0,0.0,543.13
1790577882.860,0.00,0.000,0.000,0,0,0.7,543.13
1790577883.110,0.00,0.000,0.000,0,0,0.0,543.13
1790577883.360,0.00,0.000,0.000,0,0,0.0,543.13
1790577883.610,0.00,0.000,0.000,0,0,0.1,543.13
1790577883.860,0.00,0.000,0.000,0,0,0.0,543.13
1790577884.110,0.00,0.000,0.000,0,0,0.0,543.13
1790577884.360,0.00,0.000,0.000,0,0,0.0,543.13
1790577884.610,0.00,0.000,0.000,0,0,0.1,543.13
1790577884.860,0.00,0.000,0.000,0,0,0.0,543.13
1790577885.110,0.00,0.000,0.000,0,0,0.4,543.13
1790577885.360,0.00,0.000,0.000,0,0,0.4,543.13
1790577885.610,0.00,0.000,0.000,0,0,0.1,543.13
1790577885.860,0.00,0.000,0.000,0,0,0.0,543.13
1790577886.110,0.00,0.000,0.000,0,0,0.1,543.13
1790577886.360,0.00,0.000,0.000,0,0,0.1,543.13
1790577886.610,0.00,0.000,0.000,0,0,0.0,543.13
1790577886.860,0.00,0.000,0.000,0,0,0.0,543.13
1790577887.110,0.00,0.000,0.000,0,0,0.0,543.13
1790577887.360,0.00,0.000,0.000,0,0,0.1,543.13
1790577887.610,0.00,0.000,0.000,0,0,0.1,543.13
1790577887.860,0.00,0.000,0.000,0,0,0.1,543.13
1790577888.110,0.00,0.000,0.000,0,0,0.1,543.13
1790577888.360,0.00,0.000,0.000,0,0,0.4,543.13
1790577888.610,0.00,0.000,0.000,0,0,0.0,543.13
1790577888.860,0.00,0.000,0.000,0,0,0.0,543.13
1790577889.110,0.00,0.000,0.000,0,0,0.0,543.13
1790577889.360,0.00,0.000,0.000,0,0,0.2,543.13
1790577889.610,0.00,0.000,0.000,0,0,0.0,543.13
1790577889.860,0.00,0.000,0.000,0,0,0.5,543.13
1790577890.110,0.00,0.000,0.000,0,0,0.0,543.13
1790577890.360,0.00,0.000,0.000,0,0,0.0,543.13
1790577890.610,0.00,0.000,0.000,0,0,0.0,543.13
1790577890.860,0.00,0.000,0.000,0,0,0.0,543.13
1790577891.110,0.00,0.000,0.000,0,0,0.0,543.13
1790577891.360,0.00,0.000,0.000,0,0,0.4,543.13
1790577891.610,0.00,0.000,0.000,0,0,0.0,543.13
1790577891.860,0.00,0.000,0.000,0,0,0.2,543.13
1790577892.110,0.00,0.000,0.000,0,0,0.1,543.13
1790577892.360,0.00,0.000,0.000,0,0,0.0,543.13
1790577892.610,0.00,0.000,0.000,0,0,0.0,543.13
1790577892.860,0.00,0.000,0.000,0,0,0.0,543.13
1790577893.110,0.00,0.000,0.000,0,0,0.0,543.13
1790577893.360,0.00,0.000,0.000,0,0,0.4,543.13
1790577893.610,0.00,0.000,0.000,0,0,0.0,543.13
1790577893.860,0.00,0.000,0.000,0,0,0.0,543.13
1790577894.110,0.00,0.000,0.000,0,0,0.0,543.13
1790577894.360,0.00,0.000,0.000,0,0,0.1,543.13
1790577894.610,0.00,0.000,0.000,0,0,0.1,543.13
1790577894.860,0.00,0.000,0.000,0,0,0.2,543.13
1790577895.110,0.00,0.000,0.000,0,0,0.1,543.13
1790577895.360,0.00,0.000,0.000,0,0,0.0,543.13
1790577895.610,0.00,0.000,0.000,0,0,0.1,543.13
1790577895.860,0.00,0.000,0.000,0,0,0.2,543.13
1790577896.110,0.00,0.000,0.000,0,0,0.1,543.13
1790577896.360,0.00,0.000,0.000,0,0,0.2,543.13
1790577896.610,0.00,0.000,0.000,0,0,0.0,543.13
1790577896.860,0.00,0.000,0.000,0,0,0.0,543.13
1790577897.110,0.00,0.000,0.000,0,0,0.5,543.13
1790577897.360,0.00,0.000,0.000,0,0,0.3,543.13
1790577897.610,0.00,0.000,0.000,0,0,0.1,543.13
1790577897.860,0.00,0.000,0.000,0,0,0.0,543.13
1790577898.110,0.00,0.000,0.000,0,0,0.4,543.13
1790577898.360,0.00,0.000,0.000,0,0,0.1,543.13
1790577898.610,0.00,0.000,0.000,0,0,0.0,543.13
1790577898.860,0.00,0.000,0.000,0,0,0.1,543.13
1790577899.110,0.00,0.000,0.000,0,0,0.3,543.13
1790577899.360,0.00,0.000,0.000,0,0,0.0,543.13
1790577899.610,0.00,0.000,0.000,0,0,0.0,543.13
1790577899.860,0.00,0.000,0.000,0,0,0.2,543.13
1790577900.110,0.00,0.000,0.000,0,0,0.0,543.13
1790577900.360,0.00,0.000,0.000,0,0,0.1,543.13
1790577900.610,0.00,0.000,0.000,0,0,0.8,543.13
1790577900.860,0.00,0.000,0.000,0,0,0.6,543.13
1790577901.110,0.00,0.000,0.000,0,0,0.0,543.13
1790577901.360,0.00,0.000,0.000,0,0,0.0,543.13
1790577901.610,0.00,0.000,0.000,0,0,0.1,543.13
1790577901.860,0.00,0.000,0.000,0,0,0.0,543.13
1790577902.110,0.00,0.000,0.000,0,0,0.2,543.13
1790577902.360,0.00,0.000,0.000,0,0,0.1,543.13
1790577902.610,0.00,0.000,0.000,0,0,0.1,543.13
1790577902.860,0.00,0.000,0.000,0,0,0.0,543.13
1790577903.110,0.00,0.000,0.000,0,0,0.0,543.13
1790577903.360,0.00,0.000,0.000,0,0,0.1,543.13
1790577903.610,0.00,0.000,0.000,0,0,0.1,543.13
1790577903.860,0.00,0.000,0.000,0,0,0.0,543.13
1790577904.110,0.00,0.000,0.000,0,0,0.2,543.13
1790577904.360,0.00,0.000,0.000,0,0,0.5,543.13
1790577904.610,0.00,0.000,0.000,0,0,0.0,543.13
1790577904.860,0.00,0.000,0.000,0,0,0.0,543.13
1790577905.110,0.00,0.000,0.000,0,0,0.0,543.13
1790577905.360,0.00,0.000,0.000,0,0,0.1,543.13
1790577905.610,0.00,0.000,0.000,0,0,0.0,543.13
1790577905.860,0.00,0.000,0.000,0,0,0.0,543.13
1790577906.110,0.00,0.000,0.000,0,0,0.1,543.13
1790577906.360,0.00,0.000,0.000,0,0,0.0,543.13
1790577906.610,0.00,0.000,0.000,0,0,0.0,543.13
1790577906.860,0.00,0.000,0.000,0,0,0.0,543.13
1790577907.110,0.00,0.000,0.000,0,0,0.1,543.13
1790577907.360,0.00,0.000,0.000,0,0,0.0,543.13
1790577907.610,0.00,0.000,0.000,0,0,0.0,543.13
1790577907.860,0.00,0.000,0.000,0,0,0.0,543.13
1790577908.110,0.00,0.000,0.000,0,0,0.1,543.13
1790577908.360,0.00,0.000,0.000,0,0,0.0,543.13
1790577908.610,0.00,0.000,0.000,0,0,0.1,543.13
1790577908.860,0.00,0.000,0.000,0,0,0.0,543.13
1790577909.110,0.00,0.000,0.000,0,0,0.1,543.13
1790577909.360,0.00,0.000,0.000,0,0,0.1,543.13
1790577909.610,0.00,0.000,0.000,0,0,0.1,543.13
1790577909.860,0.00,0.000,0.000,0,0,0.1,543.13
1790577910.110,0.00,0.000,0.000,0,0,0.1,543.13
1790577910.360,0.00,0.000,0.000,0,0,0.1,543.13
1790577910.610,0.00,0.000,0.000,0,0,0.0,543.13
1790577910.860,0.00,0.000,0.000,0,0,0.0,543.13
1790577911.110,0.00,0.000,0.000,0,0,0.1,543.13
1790577911.360,0.00,0.000,0.000,0,0,0.0,543.13
1790577911.610,0.00,0.000,0.000,0,0,0.1,543.13
1790577911.860,0.00,0.000,0.000,0,0,0.5,543.13
1790577912.110,0.00,0.000,0.000,0,0,0.1,543.13
1790577912.360,0.00,0.000,0.000,0,0,0.1,543.13
1790577912.610,0.00,0.000,0.000,0,0,0.1,543.13
1790577912.860,0.00,0.000,0.000,0,0,1.0,543.13
1790577913.110,0.00,0.000,0.000,0,0,0.1,543.13
1790577913.360,0.00,0.000,0.000,0,0,0.0,543.13
1790577913.610,0.00,0.000,0.000,0,0,0.0,543.13
1790577913.860,0.00,0.000,0.000,0,0,0.0,543.13
1790577914.110,0.00,0.000,0.000,0,0,0.0,543.13
1790577914.360,0.00,0.000,0.000,0,0,0.1,543.13
1790577914.610,0.00,0.000,0.000,0,0,0.0,543.13
1790577914.860,0.00,0.000,0.000,0,0,0.4,543.13
1790577915.110,0.00,0.000,0.000,0,0,0.3,543.13
1790577915.360,0.00,0.000,0.000,0,0,0.1,543.13
1790577915.610,0.00,0.000,0.000,0,0,0.0,543.13
1790577915.860,0.00,0.000,0.000,0,0,0.0,543.13
1790577916.110,0.00,0.000,0.000,0,0,0.3,543.13
1790577916.360,0.00,0.000,0.000,0,0,0.2,543.13
1790577916.610,0.00,0.000,0.000,0,0,0.0,543.13
1790577916.860,0.00,0.000,0.000,0,0,0.0,543.13
1790577917.110,0.00,0.000,0.000,0,0,0.1,543.13
1790577917.360,0.00,0.000,0.000,0,0,0.1,543.13
1790577917.610,0.00,0.000,0.000,0,0,0.1,543.13
1790577917.860,0.00,0.000,0.000,0,0,0.1,543.13
1790577918.110,0.00,0.000,0.000,0,0,0.0,543.13
1790577918.360,0.00,0.000,0.000,0,0,0.0,543.13
1790577918.610,0.00,0.000,0.000,0,0,0.0,543.13
1790577918.860,0.00,0.000,0.000,0,0,0.2,543.13
1790577919.110,0.00,0.000,0.000,0,0,0.0,543.13
1790577919.360,0.00,0.000,0.000,0,0,0.0,543.13
1790577919.610,0.00,0.000,0.000,0,0,0.0,543.13
1790577919.860,0.00,0.000,0.000,0,0,0.0,543.13
1790577920.110,0.00,0.000,0.000,0,0,0.0,543.13
1790577920.360,0.00,0.000,0.000,0,0,0.0,543.13
1790577920.610,0.00,0.000,0.000,0,0,0.2,543.13
1790577920.860,0.00,0.000,0.000,0,0,0.0,543.13
1790577921.110,0.00,0.000,0.000,0,0,0.0,543.13
1790577921.360,0.00,0.000,0.000,0,0,0.0,543.13
1790577921.610,0.00,0.000,0.000,0,0,0.0,543.13
1790577921.860,0.00,0.000,0.000,0,0,0.0,543.13
1790577922.110,0.00,0.000,0.000,0,0,0.0,543.13
1790577922.360,0.00,0.000,0.000,0,0,0.0,543.13
1790577922.610,0.00,0.000,0.000,0,0,0.0,543.13
1790577922.860,0.00,0.000,0.000,0,0,0.1,543.13
1790577923.110,0.00,0.000,0.000,0,0,0.7,543.13
1790577923.360,0.00,0.000,0.000,0,0,0.0,543.13
1790577923.610,0.00,0.000,0.000,0,0,0.0,543.13
1790577923.860,0.00,0.000,0.000,0,0,0.0,543.13
1790577924.110,0.00,0.000,0.000,0,0,0.0,543.13
1790577924.360,0.00,0.000,0.000,0,0,0.1,543.13
1790577924.610,0.00,0.000,0.000,0,0,0.0,543.13
1790577924.860,0.00,0.000,0.000,0,0,0.1,543.13
1790577925.110,0.00,0.000,0.000,0,0,0.7,543.13
1790577925.360,0.00,0.000,0.000,0,0,0.3,543.13
1790577925.610,0.00,0.000,0.000,0,0,0.1,543.13
1790577925.860,0.00,0.000,0.000,0,0,0.0,543.13
1790577926.110,0.00,0.000,0.000,0,0,0.1,543.13
1790577926.360,0.00,0.000,0.000,0,0,0.0,543.13
1790577926.610,0.00,0.000,0.000,0,0,0.0,543.13
1790577926.860,0.00,0.000,0.000,0,0,0.2,543.13
1790577927.110,0.00,0.000,0.000,0,0,0.1,543.13
1790577927.360,0.00,0.000,0.000,0,0,0.0,543.13
1790577927.610,0.00,0.000,0.000,0,0,0.0,543.13
1790577927.860,0.00,0.000,0.000,0,0,0.0,543.13
1790577928.110,0.00,0.000,0.000,0,0,0.1,543.13
1790577928.360,0.00,0.000,0.000,0,0,0.2,543.13
1790577928.610,0.00,0.000,0.000,0,0,0.4,543.14
1790577928.860,0.00,0.000,0.000,0,0,0.0,543.15
1790577929.110,0.00,0.000,0.000,0,0,0.1,543.13
1790577929.360,0.00,0.000,0.000,0,0,0.1,543.13
1790577929.610,0.00,0.000,0.000,0,0,1.0,543.13
1790577929.860,0.00,0.000,0.000,0,0,0.0,543.13
1790577930.110,0.00,0.000,0.000,0,0,0.0,543.13
1790577930.360,0.00,0.000,0.000,0,0,0.0,543.13
1790577930.610,0.00,0.000,0.000,0,0,0.0,543.13
1790577930.860,0.00,0.000,0.000,0,0,0.1,543.13
1790577931.110,0.00,0.000,0.000,0,0,0.0,543.13
1790577931.360,0.00,0.000,0.000,0,0,0.0,543.13
1790577931.610,0.00,0.000,0.000,0,0,0.1,543.13
1790577931.860,0.00,0.000,0.000,0,0,0.0,543.13
1790577932.110,0.00,0.000,0.000,0,0,0.0,543.13
1790577932.360,0.00,0.000,0.000,0,0,0.2,543.12
1790577932.610,0.00,0.000,0.000,0,0,0.0,543.12
1790577932.860,0.00,0.000,0.000,0,0,0.0,543.12
1790577933.110,0.00,0.000,0.000,0,0,0.1,543.13
1790577933.360,0.00,0.000,0.000,0,0,0.0,543.12
1790577933.610,0.00,0.000,0.000,0,0,0.0,543.12
1790577933.860,0.00,0.000,0.000,0,0,0.1,543.12
1790577934.110,0.00,0.000,0.000,0,0,0.0,543.12
1790577934.360,0.00,0.000,0.000,0,0,0.0,543.12
1790577934.610,0.00,0.000,0.000,0,0,0.0,543.12
1790577934.860,0.00,0.000,0.000,0,0,0.0,543.12
1790577935.110,0.00,0.000,0.000,0,0,0.0,543.12
1790577935.360,0.00,0.000,0.000,0,0,0.0,543.12
1790577935.610,0.00,0.000,0.000,0,0,0.3,543.12
1790577935.860,0.00,0.000,0.000,0,0,0.1,543.12
1790577936.110,0.00,0.000,0.000,0,0,0.0,543.12
1790577936.360,0.00,0.000,0.000,0,0,0.0,543.12
1790577936.610,0.00,0.000,0.000,0,0,0.0,543.12
1790577936.860,0.00,0.000,0.000,0,0,0.0,543.12
1790577937.110,0.00,0.000,0.000,0,0,0.1,543.12
1790577937.360,0.00,0.000,0.000,0,0,0.0,543.12
1790577937.610,0.00,0.000,0.000,0,0,0.0,543.13
1790577937.860,0.00,0.000,0.000,0,0,0.2,543.13
1790577938.110,0.00,0.000,0.000,0,0,0.1,543.13
1790577938.360,0.00,0.000,0.000,0,0,0.0,543.13
1790577938.610,0.00,0.000,0.000,0,0,0.0,543.13
1790577938.860,0.00,0.000,0.000,0,0,0.0,543.13
1790577939.110,0.00,0.000,0.000,0,0,0.1,543.13
1790577939.360,0.00,0.000,0.000,0,0,0.4,543.13
1790577939.610,0.00,0.000,0.000,0,0,0.0,543.13
1790577939.860,0.00,0.000,0.000,0,0,0.1,543.13
1790577940.110,0.00,0.000,0.000,0,0,0.0,543.13
1790577940.360,0.00,0.000,0.000,0,0,0.0,543.13
1790577940.610,0.00,0.000,0.000,0,0,0.0,543.13
1790577940.860,0.00,0.000,0.000,0,0,0.0,543.13
1790577941.110,0.00,0.000,0.000,0,0,0.0,543.13
1790577941.360,0.00,0.000,0.000,0,0,0.0,543.13
1790577941.610,0.00,0.000,0.000,0,0,0.0,543.13
1790577941.860,0.00,0.000,0.000,0,0,0.1,543.13
1790577942.110,0.00,0.000,0.000,0,0,0.0,543.13
1790577942.360,0.00,0.000,0.000,0,0,0.1,543.13
1790577942.610,0.00,0.000,0.000,0,0,0.0,543.13
1790577942.860,0.00,0.000,0.000,0,0,0.0,543.13
1790577943.110,0.00,0.000,0.000,0,0,0.1,543.13
1790577943.360,0.00,0.000,0.000,0,0,0.1,543.13
1790577943.610,0.00,0.000,0.000,0,0,0.0,543.13
1790577943.860,0.00,0.000,0.000,0,0,0.0,543.13
1790577944.110,0.00,0.000,0.000,0,0,0.0,543.13
1790577944.360,0.00,0.000,0.000,0,0,0.0,543.13
1790577944.610,0.00,0.000,0.000,0,0,0.0,543.13
1790577944.860,0.00,0.000,0.000,0,0,0.0,543.13
1790577945.110,0.00,0.000,0.000,0,0,0.2,543.13
1790577945.360,0.00,0.000,0.000,0,0,25.6,543.13
1790577945.610,0.00,0.000,0.000,0,0,0.0,543.13
1790577945.860,0.00,0.000,0.000,0,0,0.0,543.13
1790577946.110,0.00,0.000,0.000,0,0,0.1,543.13
1790577946.360,0.00,0.000,0.000,0,0,0.1,543.13
1790577946.610,0.00,0.000,0.000,0,0,0.0,543.13
1790577946.860,0.00,0.000,0.000,0,0,0.0,543.13
1790577947.110,0.00,0.000,0.000,0,0,0.1,543.13
1790577947.360,0.00,0.000,0.000,0,0,0.0,543.13
1790577947.610,0.00,0.000,0.000,0,0,0.0,543.13
1790577947.860,0.00,0.000,0.000,0,0,0.0,543.13
1790577948.110,0.00,0.000,0.000,0,0,0.0,543.13
1790577948.360,0.00,0.000,0.000,0,0,0.4,543.13
1790577948.610,0.00,0.000,0.000,0,0,0.0,543.13
1790577948.860,0.00,0.000,0.000,0,0,0.0,543.13
1790577949.110,0.00,0.000,0.000,0,0,0.0,543.13
1790577949.360,0.00,0.000,0.000,0,0,0.4,543.13
1790577949.610,0.00,0.000,0.000,0,0,0.0,543.13
1790577949.860,0.00,0.000,0.000,0,0,0.0,543.13
1790577950.110,0.00,0.000,0.000,0,0,0.4,543.13
1790577950.360,0.00,0.000,0.000,0,0,0.0,543.13
1790577950.610,0.00,0.000,0.000,0,0,0.0,543.13
1790577950.860,0.00,0.000,0.000,0,0,1.2,543.13
1790577951.110,0.00,0.000,0.000,0,0,0.0,543.12
1790577951.360,0.00,0.000,0.000,0,0,0.1,543.12
1790577951.610,0.00,0.000,0.000,0,0,0.0,543.12
1790577951.860,0.00,0.000,0.000,0,0,0.0,543.12
1790577952.110,0.00,0.000,0.000,0,0,0.0,543.12
1790577952.360,0.00,0.000,0.000,0,0,0.0,543.12
1790577952.610,0.00,0.000,0.000,0,0,0.0,543.12
1790577952.860,0.00,0.000,0.000,0,0,0.0,543.12
1790577953.110,0.00,0.000,0.000,0,0,0.0,543.12
1790577953.360,0.00,0.000,0.000,0,0,0.0,543.12
1790577953.610,0.00,0.000,0.000,0,0,0.0,543.12
1790577953.860,0.00,0.000,0.000,0,0,0.0,543.12
1790577954.110,0.00,0.000,0.000,0,0,0.0,543.12
1790577954.360,0.00,0.000,0.000,0,0,0.1,543.12
1790577954.610,0.00,0.000,0.000,0,0,0.0,543.12
1790577954.860,0.00,0.000,0.000,0,0,0.0,543.12
1790577955.110,0.00,0.000,0.000,0,0,0.0,543.12
1790577955.360,0.00,0.000,0.000,0,0,0.0,543.12
1790577955.610,0.00,0.000,0.000,0,0,0.0,543.12
1790577955.860,0.00,0.000,0.000,0,0,0.0,543.12
1790577956.110,0.00,0.000,0.000,0,0,0.0,543.12
1790577956.360,0.00,0.000,0.000,0,0,0.1,543.12
1790577956.610,0.00,0.000,0.000,0,0,0.0,543.12
1790577956.860,0.00,0.000,0.000,0,0,0.2,543.12
1790577957.110,0.00,0.000,0.000,0,0,0.0,543.12
1790577957.360,0.00,0.000,0.000,0,0,0.0,543.12
1790577957.610,0.00,0.000,0.000,0,0,0.1,543.12
1790577957.860,0.00,0.000,0.000,0,0,0.0,543.12
1790577958.110,0.00,0.000,0.000,0,0,0.0,543.12
1790577958.360,0.00,0.000,0.000,0,0,0.0,543.12
1790577958.610,0.00,0.000,0.000,0,0,0.0,543.12
1790577958.860,0.00,0.000,0.000,0,0,0.0,543.12
1790577959.110,0.00,0.000,0.000,0,0,0.0,543.12
1790577959.360,0.00,0.000,0.000,0,0,0.1,543.12
1790577959.610,0.00,0.000,0.000,0,0,0.0,543.12
1790577959.860,0.00,0.000,0.000,0,0,0.0,543.12
1790577960.110,0.00,0.000,0.000,0,0,0.2,543.12
1790577960.360,0.00,0.000,0.000,0,0,0.3,543.12
1790577960.610,0.00,0.000,0.000,0,0,0.0,543.12
1790577960.860,0.00,0.000,0.000,0,0,0.0,543.12
1790577961.110,0.00,0.000,0.000,0,0,0.0,543.12
1790577961.360,0.00,0.000,0.000,0,0,0.0,543.12
1790577961.610,0.00,0.000,0.000,0,0,0.0,543.12
1790577961.860,0.00,0.000,0.000,0,0,0.1,543.12
1790577962.110,0.00,0.000,0.000,0,0,0.0,543.12
1790577962.360,0.00,0.000,0.000,0,0,0.0,543.12
1790577962.610,0.00,0.000,0.000,0,0,0.1,543.12
1790577962.860,0.00,0.000,0.000,0,0,0.0,543.12
1790577963.110,0.00,0.000,0.000,0,0,0.0,543.12
1790577963.360,0.00,0.000,0.000,0,0,0.0,543.12
1790577963.610,0.00,0.000,0.000,0,0,0.1,543.12
1790577963.860,0.00,0.000,0.000,0,0,0.0,543.12
1790577964.110,0.00,0.000,0.000,0,0,0.0,543.12
1790577964.360,0.00,0.000,0.000,0,0,0.0,543.12
1790577964.610,0.00,0.000,0.000,0,0,0.1,543.12
1790577964.860,0.00,0.000,0.000,0,0,0.1,543.12
1790577965.110,0.00,0.000,0.000,0,0,0.4,543.12
1790577965.360,0.00,0.000,0.000,0,0,0.0,543.12
1790577965.610,0.00,0.000,0.000,0,0,0.0,543.12
1790577965.860,0.00,0.000,0.000,0,0,0.0,543.12
1790577966.110,0.00,0.000,0.000,0,0,0.0,543.12
1790577966.360,0.00,0.000,0.000,0,0,0.1,543.12
1790577966.610,0.00,0.000,0.000,0,0,0.0,543.12
1790577966.860,0.00,0.000,0.000,0,0,0.0,543.12
1790577967.110,0.00,0.000,0.000,0,0,0.1,543.12
1790577967.360,0.00,0.000,0.000,0,0,0.1,543.12
1790577967.610,0.00,0.000,0.000,0,0,0.0,543.12
1790577967.860,0.00,0.000,0.000,0,0,0.0,543.12
1790577968.110,0.00,0.000,0.000,0,0,0.0,543.12
1790577968.360,0.00,0.000,0.000,0,0,0.1,543.12
1790577968.610,0.00,0.000,0.000,0,0,0.0,543.12
1790577968.860,0.00,0.000,0.000,0,0,0.0,543.12
1790577969.110,0.00,0.000,0.000,0,0,0.0,543.12
1790577969.360,0.00,0.000,0.000,0,0,0.1,543.12
1790577969.610,0.00,0.000,0.000,0,0,0.0,543.12
1790577969.860,0.00,0.000,0.000,0,0,0.0,543.12
1790577970.110,0.00,0.000,0.000,0,0,0.0,543.12
1790577970.360,0.00,0.000,0.000,0,0,0.1,543.12
1790577970.610,0.00,0.000,0.000,0,0,0.0,543.12
1790577970.860,0.00,0.000,0.000,0,0,0.0,543.12
1790577971.110,0.00,0.000,0.000,0,0,0.0,543.12
1790577971.360,0.00,0.000,0.000,0,0,0.1,543.12
1790577971.610,0.00,0.000,0.000,0,0,0.0,543.12
1790577971.860,0.00,0.000,0.000,0,0,0.0,543.12
1790577972.110,0.00,0.000,0.000,0,0,0.1,543.12
1790577972.360,0.00,0.000,0.000,0,0,0.2,543.12
1790577972.610,0.00,0.000,0.000,0,0,0.0,543.12
1790577972.860,0.00,0.000,0.000,0,0,0.0,543.12
1790577973.110,0.00,0.000,0.000,0,0,0.0,543.12
1790577973.360,0.00,0.000,0.000,0,0,0.1,543.12
1790577973.610,0.00,0.000,0.000,0,0,0.0,543.12
1790577973.860,0.00,0.000,0.000,0,0,0.0,543.12
1790577974.110,0.00,0.000,0.000,0,0,0.0,543.12
1790577974.360,0.00,0.000,0.000,0,0,0.0,543.12
1790577974.610,0.00,0.000,0.000,0,0,0.0,543.12
1790577974.860,0.00,0.000,0.000,0,0,0.0,543.12
1790577975.110,0.00,0.000,0.000,0,0,0.1,543.12
1790577975.360,0.00,0.000,0.000,0,0,0.0,543.12
1790577975.610,0.00,0.000,0.000,0,0,0.0,543.12
1790577975.860,0.00,0.000,0.000,0,0,0.1,543.12
1790577976.110,0.00,0.000,0.000,0,0,0.0,543.12
1790577976.360,0.00,0.000,0.000,0,0,0.0,543.12
1790577976.610,0.00,0.000,0.000,0,0,0.1,543.12
1790577976.860,0.00,0.000,0.000,0,0,0.0,543.12
1790577977.110,0.00,0.000,0.000,0,0,0.1,543.12
1790577977.360,0.00,0.000,0.000,0,0,0.0,543.12
1790577977.610,0.00,0.000,0.000,0,0,0.0,543.12
1790577977.860,0.00,0.000,0.000,0,0,0.0,543.12
1790577978.110,0.00,0.000,0.000,0,0,0.0,543.12
1790577978.360,0.00,0.000,0.000,0,0,0.0,543.12
1790577978.610,0.00,0.000,0.000,0,0,0.0,543.12
1790577978.860,0.00,0.000,0.000,0,0,0.0,543.12
1790577979.110,0.00,0.000,0.000,0,0,0.0,543.12
1790577979.360,0.00,0.000,0.000,0,0,0.0,543.12
1790577979.610,0.00,0.000,0.000,0,0,0.0,543.12
1790577979.860,0.00,0.000,0.000,0,0,0.0,543.12
1790577980.110,0.00,0.000,0.000,0,0,0.0,543.12
1790577980.360,0.00,0.000,0.000,0,0,0.0,543.12
1790577980.610,0.00,0.000,0.000,0,0,0.0,543.12
1790577980.860,0.00,0.000,0.000,0,0,1.1,543.12
1790577981.110,0.00,0.000,0.000,0,0,0.0,543.12
1790577981.360,0.00,0.000,0.000,0,0,0.0,543.12
1790577981.610,0.00,0.000,0.000,0,0,0.0,543.12
1790577981.860,0.00,0.000,0.000,0,0,0.0,543.12
1790577982.110,0.00,0.000,0.000,0,0,0.0,543.12
1790577982.360,0.00,0.000,0.000,0,0,0.0,543.12
1790577982.610,0.00,0.000,0.000,0,0,0.0,543.12
1790577982.860,0.00,0.000,0.000,0,0,0.1,543.12
1790577983.110,0.00,0.000,0.000,0,0,0.0,543.12
1790577983.360,0.00,0.000,0.000,0,0,0.0,543.12
1790577983.610,0.00,0.000,0.000,0,0,0.0,543.12
1790577983.860,0.00,0.000,0.000,0,0,0.1,543.12
1790577984.110,0.00,0.000,0.000,0,0,0.1,543.12
1790577984.360,0.00,0.000,0.000,0,0,0.0,543.12
1790577984.610,0.00,0.000,0.000,0,0,0.0,543.12
1790577984.860,0.00,0.000,0.000,0,0,0.0,543.12
1790577985.110,0.00,0.000,0.000,0,0,0.1,543.12
1790577985.360,0.00,0.000,0.000,0,0,0.0,543.12
1790577985.610,0.00,0.000,0.000,0,0,0.1,543.12
1790577985.860,0.00,0.000,0.000,0,0,0.1,543.12
1790577986.110,0.00,0.000,0.000,0,0,0.0,543.12
1790577986.360,0.00,0.000,0.000,0,0,0.1,543.12
1790577986.610,0.00,0.000,0.000,0,0,0.1,543.12
1790577986.860,0.00,0.000,0.000,0,0,0.1,543.12
1790577987.115,0.00,0.000,0.000,0,0,19.2,543.12
1790577987.360,0.00,0.000,0.000,0,0,0.0,543.12
1790577987.610,0.00,0.000,0.000,0,0,0.1,543.12
1790577987.860,0.00,0.000,0.000,0,0,0.0,543.12
1790577988.110,0.00,0.000,0.000,0,0,0.0,543.12
1790577988.360,0.00,0.000,0.000,0,0,0.0,543.12
1790577988.610,0.00,0.000,0.000,0,0,0.0,543.12
1790577988.860,0.00,0.000,0.000,0,0,0.1,543.12
1790577989.110,0.00,0.000,0.000,0,0,0.1,543.12
1790577989.360,0.00,0.000,0.000,0,0,0.4,543.12
1790577989.610,0.00,0.000,0.000,0,0,0.1,543.12
1790577989.860,0.00,0.000,0.000,0,0,0.4,543.12
1790577990.110,0.00,0.000,0.000,0,0,0.0,543.12
1790577990.360,0.00,0.000,0.000,0,0,0.0,543.12
1790577990.610,0.00,0.000,0.000,0,0,0.0,543.12
1790577990.860,0.00,0.000,0.000,0,0,0.4,543.12
1790577991.110,0.00,0.000,0.000,0,0,0.1,543.12
1790577991.360,0.00,0.000,0.000,0,0,0.0,543.12
1790577991.610,0.00,0.000,0.000,0,0,0.0,543.12
1790577991.860,0.00,0.000,0.000,0,0,0.1,543.12
1790577992.110,0.00,0.000,0.000,0,0,0.0,543.12
1790577992.360,0.00,0.000,0.000,0,0,0.0,543.12
1790577992.610,0.00,0.000,0.000,0,0,0.0,543.12
1790577992.860,0.00,0.000,0.000,0,0,0.0,543.12
1790577993.110,0.00,0.000,0.000,0,0,0.6,543.13
1790577993.360,0.00,0.000,0.000,0,0,0.0,543.13
1790577993.610,0.00,0.000,0.000,0,0,0.0,543.13
1790577993.860,0.00,0.000,0.000,0,0,0.0,543.12
1790577994.110,0.00,0.000,0.000,0,0,0.0,543.12
1790577994.360,0.00,0.000,0.000,0,0,0.0,543.12
1790577994.610,0.00,0.000,0.000,0,0,0.0,543.12
1790577994.860,0.00,0.000,0.000,0,0,0.0,543.12
1790577995.110,0.00,0.000,0.000,0,0,0.7,543.13
1790577995.360,0.00,0.000,0.000,0,0,0.0,543.12
1790577995.610,0.00,0.000,0.000,0,0,0.0,543.12
1790577995.860,0.00,0.000,0.000,0,0,0.0,543.12
1790577996.110,0.00,0.000,0.000,0,0,0.0,543.12
1790577996.360,0.00,0.000,0.000,0,0,0.1,543.12
1790577996.610,0.00,0.000,0.000,0,0,0.1,543.12
1790577996.860,0.00,0.000,0.000,0,0,0.1,543.12
1790577997.110,0.00,0.000,0.000,0,0,0.4,543.12
1790577997.360,0.00,0.000,0.000,0,0,0.6,543.13
1790577997.610,0.00,0.000,0.000,0,0,0.0,543.13
1790577997.860,0.00,0.000,0.000,0,0,0.1,543.13
1790577998.110,0.00,0.000,0.000,0,0,0.0,543.13
1790577998.360,0.00,0.000,0.000,0,0,0.2,543.13
1790577998.610,0.00,0.000,0.000,0,0,0.0,543.13
1790577998.860,0.00,0.000,0.000,0,0,0.1,543.13
1790577999.110,0.00,0.000,0.000,0,0,0.0,543.13
1790577999.360,0.00,0.000,0.000,0,0,0.0,543.13
1790577999.610,0.00,0.000,0.000,0,0,0.0,543.13
1790577999.860,0.00,0.000,0.000,0,0,0.1,543.13
1790578000.110,0.00,0.000,0.000,0,0,0.0,543.13
1790578000.360,0.00,0.000,0.000,0,0,0.0,543.13
1790578000.610,0.00,0.000,0.000,0,0,0.1,543.13
1790578000.860,0.00,0.000,0.000,0,0,0.0,543.13
1790578001.110,0.00,0.000,0.000,0,0,0.1,543.13
1790578001.360,0.00,0.000,0.000,0,0,0.0,543.13
1790578001.610,0.00,0.000,0.000,0,0,0.0,543.13
1790578001.860,0.00,0.000,0.000,0,0,0.0,543.13
1790578002.110,0.00,0.000,0.000,0,0,0.3,543.13
1790578002.360,0.00,0.000,0.000,0,0,0.1,543.13
1790578002.610,0.00,0.000,0.000,0,0,0.1,543.13
1790578002.860,0.00,0.000,0.000,0,0,0.1,543.13
1790578003.110,0.00,0.000,0.000,0,0,0.0,543.13
1790578003.360,0.00,0.000,0.000,0,0,0.0,543.13
1790578003.610,0.00,0.000,0.000,0,0,0.0,543.13
1790578003.860,0.00,0.000,0.000,0,0,0.0,543.13
1790578004.110,0.00,0.000,0.000,0,0,0.1,543.13
1790578004.360,0.00,0.000,0.000,0,0,0.1,543.13
1790578004.610,0.00,0.000,0.000,0,0,0.0,543.13
1790578004.860,0.00,0.000,0.000,0,0,0.0,543.13
1790578005.110,0.00,0.000,0.000,0,0,0.4,543.13
1790578005.360,0.00,0.000,0.000,0,0,0.0,543.13
1790578005.610,0.00,0.000,0.000,0,0,0.0,543.13
1790578005.860,0.00,0.000,0.000,0,0,0.0,543.13
1790578006.110,0.00,0.000,0.000,0,0,0.0,543.13
1790578006.360,0.00,0.000,0.000,0,0,0.0,543.13
1790578006.610,0.00,0.000,0.000,0,0,0.1,543.13
1790578006.860,0.00,0.000,0.000,0,0,0.0,543.13
1790578007.110,0.00,0.000,0.000,0,0,0.0,543.13
1790578007.360,0.00,0.000,0.000,0,0,0.2,543.13
1790578007.610,0.00,0.000,0.000,0,0,0.1,543.13
1790578007.860,0.00,0.000,0.000,0,0,0.0,543.13
1790578008.110,0.00,0.000,0.000,0,0,0.0,543.13
1790578008.360,0.00,0.000,0.000,0,0,0.0,543.13
1790578008.610,0.00,0.000,0.000,0,0,0.0,543.13
1790578008.860,0.00,0.000,0.000,0,0,0.0,543.13
1790578009.110,0.00,0.000,0.000,0,0,0.2,543.13
1790578009.360,0.00,0.000,0.000,0,0,0.0,543.13
1790578009.610,0.00,0.000,0.000,0,0,0.0,543.13
1790578009.860,0.00,0.000,0.000,0,0,0.0,543.13
1790578010.110,0.00,0.000,0.000,0,0,0.3,543.13
1790578010.360,0.00,0.000,0.000,0,0,0.2,543.13
1790578010.610,0.00,0.000,0.000,0,0,0.0,543.13
1790578010.860,0.00,0.000,0.000,0,0,0.0,543.13
1790578011.110,0.00,0.000,0.000,0,0,0.1,543.13
1790578011.360,0.00,0.000,0.000,0,0,0.3,543.13
1790578011.610,0.00,0.000,0.000,0,0,0.0,543.13
1790578011.860,0.00,0.000,0.000,0,0,0.0,543.13
1790578012.110,0.00,0.000,0.000,0,0,0.0,543.13
1790578012.360,0.00,0.000,0.000,0,0,0.1,543.13
1790578012.610,0.00,0.000,0.000,0,0,0.0,543.13
1790578012.860,0.00,0.000,0.000,0,0,0.0,543.13
1790578013.110,0.00,0.000,0.000,0,0,0.0,543.13
1790578013.360,0.00,0.000,0.000,0,0,0.1,543.13
1790578013.610,0.00,0.000,0.000,0,0,0.0,543.13
1790578013.860,0.00,0.000,0.000,0,0,0.0,543.13
1790578014.110,0.00,0.000,0.000,0,0,0.0,543.13
1790578014.360,0.00,0.000,0.000,0,0,0.3,543.13
1790578014.610,0.00,0.000,0.000,0,0,0.0,543.13
1790578014.860,0.00,0.000,0.000,0,0,0.0,543.13
1790578015.110,0.00,0.000,0.000,0,0,0.0,543.13
1790578015.360,0.00,0.000,0.000,0,0,0.0,543.13
1790578015.610,0.00,0.000,0.000,0,0,0.0,543.13
1790578015.860,0.00,0.000,0.000,0,0,0.0,543.13
1790578016.110,0.00,0.000,0.000,0,0,0.0,543.13
1790578016.360,0.00,0.000,0.000,0,0,0.0,543.13
1790578016.610,0.00,0.000,0.000,0,0,0.0,543.13
1790578016.860,0.00,0.000,0.000,0,0,0.0,543.13
1790578017.110,0.00,0.000,0.000,0,0,0.0,543.13
1790578017.360,0.00,0.000,0.000,0,0,0.0,543.13
1790578017.610,0.00,0.000,0.000,0,0,0.0,543.13
1790578017.860,0.00,0.000,0.000,0,0,0.0,543.13
1790578018.110,0.00,0.000,0.000,0,0,0.0,543.13
1790578018.360,0.00,0.000,0.000,0,0,0.0,543.13
1790578018.610,0.00,0.000,0.000,0,0,0.0,543.13
1790578018.860,0.00,0.000,0.000,0,0,0.0,543.13
1790578019.110,0.00,0.000,0.000,0,0,0.0,543.13
1790578019.360,0.00,0.000,0.000,0,0,0.1,543.13
1790578019.610,0.00,0.000,0.000,0,0,0.0,543.13
1790578019.860,0.00,0.000,0.000,0,0,0.0,543.13
1790578020.110,0.00,0.000,0.000,0,0,0.0,543.13
1790578020.360,0.00,0.000,0.000,0,0,0.0,543.13
1790578020.610,0.00,0.000,0.000,0,0,0.2,543.13
1790578020.860,0.00,0.000,0.000,0,0,0.4,543.13
1790578021.110,0.00,0.000,0.000,0,0,0.0,543.13
1790578021.360,0.00,0.000,0.000,0,0,0.0,543.13
1790578021.610,0.00,0.000,0.000,0,0,0.1,543.13
1790578021.860,0.00,0.000,0.000,0,0,0.0,543.13
1790578022.110,0.00,0.000,0.000,0,0,0.0,543.13
1790578022.360,0.00,0.000,0.000,0,0,0.0,543.13
1790578022.610,0.00,0.000,0.000,0,0,0.3,543.13
1790578022.860,0.00,0.000,0.000,0,0,0.0,543.13
1790578023.110,0.00,0.000,0.000,0,0,0.0,543.13
1790578023.360,0.00,0.000,0.000,0,0,0.0,543.13
1790578023.610,0.00,0.000,0.000,0,0,0.1,543.13
1790578023.860,0.00,0.000,0.000,0,0,0.0,543.13
1790578024.110,0.00,0.000,0.000,0,0,0.0,543.13
1790578024.360,0.00,0.000,0.000,0,0,0.0,543.13
1790578024.610,0.00,0.000,0.000,0,0,0.1,543.13
1790578024.860,0.00,0.000,0.000,0,0,0.0,543.13
1790578025.110,0.00,0.000,0.000,0,0,0.0,543.13
1790578025.360,0.00,0.000,0.000,0,0,0.1,543.13
1790578025.610,0.00,0.000,0.000,0,0,0.0,543.13
1790578025.860,0.00,0.000,0.000,0,0,0.0,543.13
1790578026.110,0.00,0.000,0.000,0,0,0.0,543.13
1790578026.360,0.00,0.000,0.000,0,0,0.0,543.13
1790578026.610,0.00,0.000,0.000,0,0,0.0,543.13
1790578026.860,0.00,0.000,0.000,0,0,0.0,543.13
1790578027.110,0.00,0.000,0.000,0,0,0.0,543.13
1790578027.360,0.00,0.000,0.000,0,0,0.0,543.13
1790578027.610,0.00,0.000,0.000,0,0,0.0,543.13
1790578027.860,0.00,0.000,0.000,0,0,0.0,543.13
1790578028.110,0.00,0.000,0.000,0,0,0.7,543.13
1790578028.360,0.00,0.000,0.000,0,0,0.1,543.13
1790578028.610,0.00,0.000,0.000,0,0,0.0,543.13
1790578028.860,0.00,0.000,0.000,0,0,0.0,543.13
1790578029.110,0.00,0.000,0.000,0,0,0.0,543.13
1790578029.360,0.00,0.000,0.000,0,0,0.1,543.13
1790578029.610,0.00,0.000,0.000,0,0,0.1,543.13
1790578029.860,0.00,0.000,0.000,0,0,0.0,543.13
1790578030.110,0.00,0.000,0.000,0,0,0.0,543.13
1790578030.360,0.00,0.000,0.000,0,0,0.4,543.13
1790578030.610,0.00,0.000,0.000,0,0,0.2,543.13
1790578030.860,0.00,0.000,0.000,0,0,0.4,543.13
1790578031.110,0.00,0.000,0.000,0,0,0.1,543.13
1790578031.360,0.00,0.000,0.000,0,0,0.1,543.13
1790578031.610,0.00,0.000,0.000,0,0,0.0,543.13
1790578031.860,0.00,0.000,0.000,0,0,0.4,543.13
1790578032.110,0.00,0.000,0.000,0,0,0.1,543.13
1790578032.360,0.00,0.000,0.000,0,0,0.0,543.13
1790578032.610,0.00,0.000,0.000,0,0,0.0,543.13
1790578032.860,0.00,0.000,0.000,0,0,0.1,543.13
1790578033.110,0.00,0.000,0.000,0,0,0.1,543.13
1790578033.360,0.00,0.000,0.000,0,0,0.0,543.13
1790578033.610,0.00,0.000,0.000,0,0,0.0,543.13
1790578033.860,0.00,0.000,0.000,0,0,0.1,543.13
1790578034.110,0.00,0.000,0.000,0,0,0.2,543.13
1790578034.360,0.00,0.000,0.000,0,0,0.1,543.13
1790578034.610,0.00,0.000,0.000,0,0,0.1,543.13
1790578034.860,0.00,0.000,0.000,0,0,0.1,543.13
1790578035.110,0.00,0.000,0.000,0,0,0.1,543.13
1790578035.360,0.00,0.000,0.000,0,0,0.0,543.13
1790578035.610,0.00,0.000,0.000,0,0,0.0,543.13
1790578035.860,0.00,0.000,0.000,0,0,0.0,543.13
1790578036.110,0.00,0.000,0.000,0,0,0.0,543.13
1790578036.360,0.00,0.000,0.000,0,0,0.0,543.13
1790578036.610,0.00,0.000,0.000,0,0,0.0,543.13
1790578036.860,0.00,0.000,0.000,0,0,0.0,543.13
1790578037.110,0.00,0.000,0.000,0,0,0.0,543.13
1790578037.360,0.00,0.000,0.000,0,0,0.1,543.13
1790578037.610,0.00,0.000,0.000,0,0,0.0,543.13
1790578037.860,0.00,0.000,0.000,0,0,0.1,543.13
1790578038.110,0.00,0.000,0.000,0,0,0.1,543.13
1790578038.360,0.00,0.000,0.000,0,0,0.0,543.13
1790578038.610,0.00,0.000,0.000,0,0,0.0,543.13
1790578038.860,0.00,0.000,0.000,0,0,0.1,543.13
1790578039.110,0.00,0.000,0.000,0,0,0.2,543.13
1790578039.360,0.00,0.000,0.000,0,0,0.0,543.13
1790578039.610,0.00,0.000,0.000,0,0,0.0,543.13
1790578039.860,0.00,0.000,0.000,0,0,0.1,543.13
1790578040.110,0.00,0.000,0.000,0,0,0.1,543.13
1790578040.360,0.00,0.000,0.000,0,0,0.1,543.13
1790578040.610,0.00,0.000,0.000,0,0,1.7,543.13
1790578040.860,0.00,0.000,0.000,0,0,0.2,543.13
1790578041.110,0.00,0.000,0.000,0,0,0.0,543.13
1790578041.360,0.00,0.000,0.000,0,0,0.1,543.13
1790578041.610,0.00,0.000,0.000,0,0,0.1,543.13
1790578041.860,0.00,0.000,0.000,0,0,0.0,543.13
1790578042.110,0.00,0.000,0.000,0,0,0.0,543.13
1790578042.360,0.00,0.000,0.000,0,0,0.0,543.13
1790578042.610,0.00,0.000,0.000,0,0,0.0,543.14
1790578042.860,0.00,0.000,0.000,0,0,0.0,543.14
1790578043.110,0.00,0.000,0.000,0,0,0.1,543.14
1790578043.360,0.00,0.000,0.000,0,0,0.1,543.14
1790578043.610,0.00,0.000,0.000,0,0,0.0,543.14
1790578043.860,0.00,0.000,0.000,0,0,0.0,543.14
1790578044.110,0.00,0.000,0.000,0,0,0.0,543.14
1790578044.360,0.00,0.000,0.000,0,0,0.0,543.14
1790578044.610,0.00,0.000,0.000,0,0,0.0,543.14
1790578044.860,0.00,0.000,0.000,0,0,0.0,543.14
1790578045.110,0.00,0.000,0.000,0,0,0.0,543.13
1790578045.360,0.00,0.000,0.000,0,0,0.0,543.13
1790578045.610,0.00,0.000,0.000,0,0,0.1,543.13
1790578045.860,0.00,0.000,0.000,0,0,0.1,543.13
1790578046.110,0.00,0.000,0.000,0,0,0.0,543.13
1790578046.360,0.00,0.000,0.000,0,0,0.0,543.13
1790578046.610,0.00,0.000,0.000,0,0,0.0,543.13
1790578046.860,0.00,0.000,0.000,0,0,0.0,543.13
1790578047.110,0.00,0.000,0.000,0,0,0.0,543.13
1790578047.360,0.00,0.000,0.000,0,0,0.1,543.13
1790578047.610,0.00,0.000,0.000,0,0,0.0,543.13
1790578047.860,0.00,0.000,0.000,0,0,0.0,543.13
1790578048.110,0.00,0.000,0.000,0,0,0.0,543.13
1790578048.360,0.00,0.000,0.000,0,0,0.0,543.13
1790578048.610,0.00,0.000,0.000,0,0,0.1,543.13
1790578048.860,0.00,0.000,0.000,0,0,0.0,543.13
1790578049.110,0.00,0.000,0.000,0,0,0.0,543.13
1790578049.360,0.00,0.000,0.000,0,0,0.0,543.13
1790578049.610,0.00,0.000,0.000,0,0,0.0,543.13
1790578049.860,0.00,0.000,0.000,0,0,0.2,543.13
1790578050.110,0.00,0.000,0.000,0,0,0.1,543.13
1790578050.360,0.00,0.000,0.000,0,0,0.0,543.13
1790578050.610,0.00,0.000,0.000,0,0,0.4,543.13
1790578050.860,0.00,0.000,0.000,0,0,0.8,543.13
1790578051.110,0.00,0.000,0.000,0,0,1.0,543.13
1790578051.360,0.00,0.000,0.000,0,0,0.8,543.14
1790578051.610,0.00,0.000,0.000,0,0,0.0,543.14
1790578051.860,0.00,0.000,0.000,0,0,0.0,543.14
1790578052.110,0.00,0.000,0.000,0,0,0.0,543.14
1790578052.360,0.00,0.000,0.000,0,0,0.3,543.14
1790578052.610,0.00,0.000,0.000,0,0,0.0,543.14
1790578052.860,0.00,0.000,0.000,0,0,0.1,543.14
1790578053.110,0.00,0.000,0.000,0,0,0.0,543.13
1790578053.360,0.00,0.000,0.000,0,0,0.1,543.14
1790578053.610,0.00,0.000,0.000,0,0,0.0,543.14
1790578053.860,0.00,0.000,0.000,0,0,0.0,543.14
1790578054.110,0.00,0.000,0.000,0,0,0.0,543.14
1790578054.360,0.00,0.000,0.000,0,0,0.1,543.14
1790578054.610,0.00,0.000,0.000,0,0,0.0,543.14
1790578054.860,0.00,0.000,0.000,0,0,0.1,543.14
1790578055.110,0.00,0.000,0.000,0,0,0.0,543.14
1790578055.360,0.00,0.000,0.000,0,0,0.2,543.14
1790578055.610,0.00,0.000,0.000,0,0,0.0,543.14
1790578055.860,0.00,0.000,0.000,0,0,0.0,543.14
1790578056.110,0.00,0.000,0.000,0,0,0.0,543.14
1790578056.360,0.00,0.000,0.000,0,0,0.1,543.14
1790578056.610,0.00,0.000,0.000,0,0,0.1,543.14
1790578056.860,0.00,0.000,0.000,0,0,0.1,543.14
1790578057.110,0.00,0.000,0.000,0,0,0.0,543.14
1790578057.360,0.00,0.000,0.000,0,0,0.4,543.14
1790578057.610,0.00,0.000,0.000,0,0,0.0,543.14
1790578057.860,0.00,0.000,0.000,0,0,0.0,543.14
1790578058.110,0.00,0.000,0.000,0,0,0.1,543.14
1790578058.360,0.00,0.000,0.000,0,0,0.0,543.14
1790578058.610,0.00,0.000,0.000,0,0,0.0,543.14
1790578058.860,0.00,0.000,0.000,0,0,0.0,543.14
1790578059.110,0.00,0.000,0.000,0,0,0.1,543.14
1790578059.360,0.00,0.000,0.000,0,0,0.0,543.14
1790578059.610,0.00,0.000,0.000,0,0,0.1,543.14
1790578059.860,0.00,0.000,0.000,0,0,0.5,543.14
1790578060.110,0.00,0.000,0.000,0,0,0.0,543.14
1790578060.360,0.00,0.000,0.000,0,0,0.0,543.14
1790578060.610,0.00,0.000,0.000,0,0,0.0,543.14
1790578060.860,0.00,0.000,0.000,0,0,0.0,543.14
1790578061.110,0.00,0.000,0.000,0,0,0.5,543.14
1790578061.360,0.00,0.000,0.000,0,0,0.1,543.14
1790578061.610,0.00,0.000,0.000,0,0,0.0,543.14
1790578061.860,0.00,0.000,0.000,0,0,0.0,543.14
1790578062.110,0.00,0.000,0.000,0,0,0.1,543.14
1790578062.360,0.00,0.000,0.000,0,0,0.1,543.14
1790578062.610,0.00,0.000,0.000,0,0,0.0,543.14
1790578062.860,0.00,0.000,0.000,0,0,0.2,543.14
1790578063.110,0.00,0.000,0.000,0,0,0.6,543.14
1790578063.360,0.00,0.000,0.000,0,0,0.0,543.14
1790578063.610,0.00,0.000,0.000,0,0,0.3,543.14
1790578063.860,0.00,0.000,0.000,0,0,0.1,543.14
1790578064.110,0.00,0.000,0.000,0,0,0.1,543.14
1790578064.360,0.00,0.000,0.000,0,0,0.0,543.14
1790578064.610,0.00,0.000,0.000,0,0,0.0,543.14
1790578064.860,0.00,0.000,0.000,0,0,0.1,543.14
1790578065.110,0.00,0.000,0.000,0,0,0.9,543.14
1790578065.360,0.00,0.000,0.000,0,0,0.1,543.14
1790578065.610,0.00,0.000,0.000,0,0,0.0,543.14
1790578065.860,0.00,0.000,0.000,0,0,0.2,543.14
1790578066.110,0.00,0.000,0.000,0,0,0.0,543.14
1790578066.360,0.00,0.000,0.000,0,0,0.1,543.14
1790578066.610,0.00,0.000,0.000,0,0,0.1,543.14
1790578066.860,0.00,0.000,0.000,0,0,0.2,543.14
1790578067.110,0.00,0.000,0.000,0,0,16.4,543.14
1790578067.360,0.00,0.000,0.000,0,0,0.3,543.14
1790578067.610,0.00,0.000,0.000,0,0,0.0,543.14
1790578067.860,0.00,0.000,0.000,0,0,0.0,543.14
1790578068.110,0.00,0.000,0.000,0,0,0.0,543.14
1790578068.360,0.00,0.000,0.000,0,0,0.1,543.14
1790578068.610,0.00,0.000,0.000,0,0,0.0,543.14
1790578068.860,0.00,0.000,0.000,0,0,0.1,543.14
1790578069.110,0.00,0.000,0.000,0,0,0.0,543.14
1790578069.360,0.00,0.000,0.000,0,0,0.2,543.14
1790578069.610,0.00,0.000,0.000,0,0,0.1,543.14
1790578069.860,0.00,0.000,0.000,0,0,0.2,543.14
1790578070.110,0.00,0.000,0.000,0,0,0.0,543.14
1790578070.360,0.00,0.000,0.000,0,0,0.1,543.14
1790578070.610,0.00,0.000,0.000,0,0,0.0,543.14
1790578070.860,0.00,0.000,0.000,0,0,0.1,543.14
1790578071.110,0.00,0.000,0.000,0,0,0.1,543.14
1790578071.360,0.00,0.000,0.000,0,0,0.9,543.14
1790578071.610,0.00,0.000,0.000,0,0,0.0,543.14
1790578071.860,0.00,0.000,0.000,0,0,0.0,543.14
1790578072.110,0.00,0.000,0.000,0,0,0.0,543.14
1790578072.360,0.00,0.000,0.000,0,0,0.1,543.14
1790578072.610,0.00,0.000,0.000,0,0,0.0,543.14
1790578072.860,0.00,0.000,0.000,0,0,0.2,543.14
1790578073.110,0.00,0.000,0.000,0,0,0.0,543.14
1790578073.360,0.00,0.000,0.000,0,0,0.2,543.14
1790578073.610,0.00,0.000,0.000,0,0,0.0,543.14
1790578073.860,0.00,0.000,0.000,0,0,0.0,543.14
1790578074.110,0.00,0.000,0.000,0,0,0.0,543.14
1790578074.360,0.00,0.000,0.000,0,0,0.0,543.14
1790578074.610,0.00,0.000,0.000,0,0,0.1,543.14
1790578074.860,0.00,0.000,0.000,0,0,0.0,543.14
1790578075.110,0.00,0.000,0.000,0,0,0.0,543.14
1790578075.360,0.00,0.000,0.000,0,0,0.0,543.14
1790578075.610,0.00,0.000,0.000,0,0,0.0,543.14
1790578075.860,0.00,0.000,0.000,0,0,0.0,543.14
1790578076.110,0.00,0.000,0.000,0,0,0.0,543.14
1790578076.360,0.00,0.000,0.000,0,0,0.2,543.14
1790578076.610,0.00,0.000,0.000,0,0,0.0,543.14
1790578076.860,0.00,0.000,0.000,0,0,0.0,543.14
1790578077.110,0.00,0.000,0.000,0,0,0.0,543.14
1790578077.360,0.00,0.000,0.000,0,0,0.1,543.14
1790578077.610,0.00,0.000,0.000,0,0,0.3,543.14
1790578077.860,0.00,0.000,0.000,0,0,0.3,543.14
1790578078.110,0.00,0.000,0.000,0,0,0.0,543.14
1790578078.360,0.00,0.000,0.000,0,0,0.2,543.14
1790578078.610,0.00,0.000,0.000,0,0,0.0,543.14
1790578078.860,0.00,0.000,0.000,0,0,0.0,543.14
1790578079.110,0.00,0.000,0.000,0,0,0.1,543.14
1790578079.360,0.00,0.000,0.000,0,0,0.1,543.14
1790578079.610,0.00,0.000,0.000,0,0,0.0,543.14
1790578079.860,0.00,0.000,0.000,0,0,0.0,543.14
1790578080.110,0.00,0.000,0.000,0,0,0.0,543.14
1790578080.360,0.00,0.000,0.000,0,0,0.1,543.14
1790578080.610,0.00,0.000,0.000,0,0,0.0,543.14
1790578080.860,0.00,0.000,0.000,0,0,0.0,543.14
1790578081.110,0.00,0.000,0.000,0,0,0.2,543.14
1790578081.360,0.00,0.000,0.000,0,0,0.5,543.14
1790578081.610,0.00,0.000,0.000,0,0,0.1,543.14
1790578081.860,0.00,0.000,0.000,0,0,0.0,543.14
1790578082.110,0.00,0.000,0.000,0,0,0.0,543.14
1790578082.360,0.00,0.000,0.000,0,0,0.1,543.14
1790578082.610,0.00,0.000,0.000,0,0,0.0,543.14
1790578082.860,0.00,0.000,0.000,0,0,0.0,543.14
1790578083.110,0.00,0.000,0.000,0,0,0.0,543.14
1790578083.360,0.00,0.000,0.000,0,0,0.1,543.14
1790578083.610,0.00,0.000,0.000,0,0,0.0,543.14
1790578083.860,0.00,0.000,0.000,0,0,0.0,543.14
1790578084.110,0.00,0.000,0.000,0,0,0.0,543.14
1790578084.360,0.00,0.000,0.000,0,0,0.0,543.14
1790578084.610,0.00,0.000,0.000,0,0,0.0,543.14
1790578084.860,0.00,0.000,0.000,0,0,0.1,543.14
1790578085.110,0.00,0.000,0.000,0,0,0.0,543.14
1790578085.360,0.00,0.000,0.000,0,0,0.2,543.14
1790578085.610,0.00,0.000,0.000,0,0,0.4,543.14
1790578085.860,0.00,0.000,0.000,0,0,0.0,543.14
1790578086.110,0.00,0.000,0.000,0,0,0.0,543.14
1790578086.360,0.00,0.000,0.000,0,0,0.0,543.14
1790578086.610,0.00,0.000,0.000,0,0,0.0,543.14
1790578086.860,0.00,0.000,0.000,0,0,0.1,543.14
1790578087.110,0.00,0.000,0.000,0,0,0.0,543.14
1790578087.360,0.00,0.000,0.000,0,0,0.0,543.14
1790578087.610,0.00,0.000,0.000,0,0,0.0,543.14
1790578087.860,0.00,0.000,0.000,0,0,0.1,543.14
1790578088.110,0.00,0.000,0.000,0,0,0.0,543.14
1790578088.360,0.00,0.000,0.000,0,0,0.4,543.14
1790578088.610,0.00,0.000,0.000,0,0,0.0,543.14
1790578088.860,0.00,0.000,0.000,0,0,0.0,543.14
1790578089.110,0.00,0.000,0.000,0,0,0.0,543.14
1790578089.360,0.00,0.000,0.000,0,0,0.0,543.14
1790578089.610,0.00,0.000,0.000,0,0,0.1,543.14
1790578089.860,0.00,0.000,0.000,0,0,0.2,543.14
1790578090.110,0.00,0.000,0.000,0,0,0.0,543.14
1790578090.360,0.00,0.000,0.000,0,0,0.1,543.14
1790578090.610,0.00,0.000,0.000,0,0,0.1,543.14
1790578090.860,0.00,0.000,0.000,0,0,0.1,543.14
1790578091.110,0.00,0.000,0.000,0,0,0.0,543.14
1790578091.360,0.00,0.000,0.000,0,0,0.0,543.14
1790578091.610,0.00,0.000,0.000,0,0,0.1,543.14
1790578091.860,0.00,0.000,0.000,0,0,0.0,543.14
1790578092.110,0.00,0.000,0.000,0,0,0.3,543.14
1790578092.360,0.00,0.000,0.000,0,0,0.0,543.14
1790578092.610,0.00,0.000,0.000,0,0,0.0,543.14
1790578092.860,0.00,0.000,0.000,0,0,0.1,543.14
1790578093.110,0.00,0.000,0.000,0,0,0.0,543.14
1790578093.360,0.00,0.000,0.000,0,0,0.4,543.14
1790578093.610,0.00,0.000,0.000,0,0,0.0,543.14
1790578093.860,0.00,0.000,0.000,0,0,0.0,543.14
1790578094.110,0.00,0.000,0.000,0,0,0.0,543.14
1790578094.360,0.00,0.000,0.000,0,0,0.0,543.14
1790578094.610,0.00,0.000,0.000,0,0,0.0,543.14
1790578094.860,0.00,0.000,0.000,0,0,0.0,543.14
1790578095.110,0.00,0.000,0.000,0,0,0.0,543.14
1790578095.360,0.00,0.000,0.000,0,0,0.0,543.14
1790578095.610,0.00,0.000,0.000,0,0,0.0,543.14
1790578095.860,0.00,0.000,0.000,0,0,0.0,543.14
1790578096.110,0.00,0.000,0.000,0,0,0.0,543.14
1790578096.360,0.00,0.000,0.000,0,0,0.0,543.14
1790578096.610,0.00,0.000,0.000,0,0,0.0,543.14
1790578096.860,0.00,0.000,0.000,0,0,0.0,543.14
1790578097.110,0.00,0.000,0.000,0,0,0.0,543.14
1790578097.360,0.00,0.000,0.000,0,0,0.0,543.14
1790578097.610,0.00,0.000,0.000,0,0,0.0,543.14
1790578097.860,0.00,0.000,0.000,0,0,0.0,543.14
1790578098.110,0.00,0.000,0.000,0,0,0.0,543.14
1790578098.360,0.00,0.000,0.000,0,0,0.0,543.14
1790578098.610,0.00,0.000,0.000,0,0,0.0,543.14
1790578098.860,0.00,0.000,0.000,0,0,0.0,543.14
1790578099.110,0.00,0.000,0.000,0,0,0.0,543.14
1790578099.360,0.00,0.000,0.000,0,0,0.1,543.14
1790578099.610,0.00,0.000,0.000,0,0,0.0,543.14
1790578099.860,0.00,0.000,0.000,0,0,0.0,543.14
1790578100.110,0.00,0.000,0.000,0,0,0.0,543.14
1790578100.360,0.00,0.000,0.000,0,0,0.0,543.14
1790578100.610,0.00,0.000,0.000,0,0,0.0,543.14
1790578100.860,0.00,0.000,0.000,0,0,0.0,543.14
1790578101.110,0.00,0.000,0.000,0,0,0.1,543.14
1790578101.360,0.00,0.000,0.000,0,0,0.0,543.14
1790578101.610,0.00,0.000,0.000,0,0,0.0,543.14
1790578101.860,0.00,0.000,0.000,0,0,0.0,543.14
1790578102.110,0.00,0.000,0.000,0,0,0.2,543.14
1790578102.360,0.00,0.000,0.000,0,0,0.0,543.14
1790578102.610,0.00,0.000,0.000,0,0,0.0,543.14
1790578102.860,0.00,0.000,0.000,0,0,0.0,543.14
1790578103.110,0.00,0.000,0.000,0,0,0.3,543.14
1790578103.360,0.00,0.000,0.000,0,0,0.0,543.14
1790578103.610,0.00,0.000,0.000,0,0,0.0,543.14
1790578103.860,0.00,0.000,0.000,0,0,0.0,543.14
1790578104.110,0.00,0.000,0.000,0,0,0.0,543.14
1790578104.360,0.00,0.000,0.000,0,0,0.0,543.14
1790578104.610,0.00,0.000,0.000,0,0,0.1,543.14
1790578104.860,0.00,0.000,0.000,0,0,0.0,543.14
1790578105.110,0.00,0.000,0.000,0,0,0.0,543.14
1790578105.360,0.00,0.000,0.000,0,0,0.1,543.14
1790578105.610,0.00,0.000,0.000,0,0,0.0,543.14
1790578105.860,0.00,0.000,0.000,0,0,0.1,543.14
1790578106.110,0.00,0.000,0.000,0,0,0.0,543.14
1790578106.360,0.00,0.000,0.000,0,0,0.0,543.14
1790578106.610,0.00,0.000,0.000,0,0,0.0,543.14
1790578106.860,0.00,0.000,0.000,0,0,0.0,543.14
1790578107.110,0.00,0.000,0.000,0,0,0.2,543.14
1790578107.360,0.00,0.000,0.000,0,0,0.0,543.14
1790578107.610,0.00,0.000,0.000,0,0,0.0,543.14
1790578107.860,0.00,0.000,0.000,0,0,0.0,543.14
1790578108.110,0.00,0.000,0.000,0,0,0.0,543.14
1790578108.360,0.00,0.000,0.000,0,0,0.0,543.14
1790578108.610,0.00,0.000,0.000,0,0,0.0,543.14
1790578108.860,0.00,0.000,0.000,0,0,0.1,543.14
1790578109.110,0.00,0.000,0.000,0,0,0.1,543.14
1790578109.360,0.00,0.000,0.000,0,0,0.0,543.14
1790578109.610,0.00,0.000,0.000,0,0,0.0,543.14
1790578109.860,0.00,0.000,0.000,0,0,0.0,543.14
1790578110.110,0.00,0.000,0.000,0,0,0.0,543.14
1790578110.360,0.00,0.000,0.000,0,0,0.1,543.14
1790578110.610,0.00,0.000,0.000,0,0,0.0,543.14
1790578110.860,0.00,0.000,0.000,0,0,0.0,543.14
1790578111.110,0.00,0.000,0.000,0,0,0.0,543.14
1790578111.360,0.00,0.000,0.000,0,0,0.0,543.14
1790578111.610,0.00,0.000,0.000,0,0,0.0,543.14
1790578111.860,0.00,0.000,0.000,0,0,0.0,543.14
1790578112.110,0.00,0.000,0.000,0,0,0.0,543.14
1790578112.360,0.00,0.000,0.000,0,0,0.0,543.14
1790578112.610,0.00,0.000,0.000,0,0,0.0,543.14
1790578112.860,0.00,0.000,0.000,0,0,0.0,543.14
1790578113.110,0.00,0.000,0.000,0,0,0.0,543.14
1790578113.360,0.00,0.000,0.000,0,0,0.0,543.14
1790578113.610,0.00,0.000,0.000,0,0,0.0,543.14
1790578113.860,0.00,0.000,0.000,0,0,0.0,543.14
1790578114.110,0.00,0.000,0.000,0,0,0.0,543.14
1790578114.360,0.00,0.000,0.000,0,0,0.0,543.14
1790578114.610,0.00,0.000,0.000,0,0,0.0,543.14
1790578114.860,0.00,0.000,0.000,0,0,0.0,543.14
1790578115.110,0.00,0.000,0.000,0,0,0.0,543.14
1790578115.360,0.00,0.000,0.000,0,0,0.0,543.14
1790578115.610,0.00,0.000,0.000,0,0,0.0,543.14
1790578115.860,0.00,0.000,0.000,0,0,0.0,543.14
1790578116.110,0.00,0.000,0.000,0,0,0.1,543.14
1790578116.360,0.00,0.000,0.000,0,0,0.0,543.14
1790578116.610,0.00,0.000,0.000,0,0,0.0,543.14
1790578116.860,0.00,0.000,0.000,0,0,0.0,543.14
1790578117.110,0.00,0.000,0.000,0,0,0.0,543.14
1790578117.360,0.00,0.000,0.000,0,0,0.0,543.14
1790578117.610,0.00,0.000,0.000,0,0,0.1,543.14
1790578117.860,0.00,0.000,0.000,0,0,0.1,543.14
1790578118.110,0.00,0.000,0.000,0,0,0.1,543.14
1790578118.360,0.00,0.000,0.000,0,0,0.0,543.14
1790578118.610,0.00,0.000,0.000,0,0,0.1,543.14
1790578118.860,0.00,0.000,0.000,0,0,0.0,543.14
1790578119.110,0.00,0.000,0.000,0,0,0.1,543.14
1790578119.360,0.00,0.000,0.000,0,0,0.5,543.14
1790578119.610,0.00,0.000,0.000,0,0,0.0,543.14
1790578119.860,0.00,0.000,0.000,0,0,0.0,543.14
1790578120.110,0.00,0.000,0.000,0,0,0.2,543.14
1790578120.360,0.00,0.000,0.000,0,0,0.0,543.14
1790578120.610,0.00,0.000,0.000,0,0,0.0,543.14
1790578120.860,0.00,0.000,0.000,0,0,0.0,543.14
1790578121.110,0.00,0.000,0.000,0,0,0.0,543.14
1790578121.360,0.00,0.000,0.000,0,0,0.0,543.14
1790578121.610,0.00,0.000,0.000,0,0,0.1,543.14
1790578121.860,0.00,0.000,0.000,0,0,0.0,543.14
1790578122.110,0.00,0.000,0.000,0,0,0.0,543.14
1790578122.360,0.00,0.000,0.000,0,0,0.0,543.14
1790578122.610,0.00,0.000,0.000,0,0,0.0,543.14
1790578122.860,0.00,0.000,0.000,0,0,0.0,543.14
1790578123.110,0.00,0.000,0.000,0,0,0.0,543.14
1790578123.360,0.00,0.000,0.000,0,0,0.0,543.14
1790578123.610,0.00,0.000,0.000,0,0,0.0,543.14
1790578123.860,0.00,0.000,0.000,0,0,0.0,543.14
1790578124.110,0.00,0.000,0.000,0,0,0.0,543.14
1790578124.360,0.00,0.000,0.000,0,0,0.1,543.14
1790578124.610,0.00,0.000,0.000,0,0,0.0,543.14
1790578124.860,0.00,0.000,0.000,0,0,0.0,543.14
1790578125.110,0.00,0.000,0.000,0,0,0.0,543.14
1790578125.360,0.00,0.000,0.000,0,0,0.0,543.14
1790578125.610,0.00,0.000,0.000,0,0,0.0,543.14
1790578125.860,0.00,0.000,0.000,0,0,0.1,543.14
1790578126.110,0.00,0.000,0.000,0,0,0.0,543.14
1790578126.360,0.00,0.000,0.000,0,0,0.1,543.14
1790578126.610,0.00,0.000,0.000,0,0,0.1,543.14
1790578126.860,0.00,0.000,0.000,0,0,0.1,543.14
1790578127.110,0.00,0.000,0.000,0,0,0.1,543.14
1790578127.360,0.00,0.000,0.000,0,0,0.0,543.14
1790578127.610,0.00,0.000,0.000,0,0,0.0,543.14
1790578127.860,0.00,0.000,0.000,0,0,0.0,543.14
1790578128.110,0.00,0.000,0.000,0,0,0.1,543.14
1790578128.360,0.00,0.000,0.000,0,0,0.0,543.14
1790578128.610,0.00,0.000,0.000,0,0,0.2,543.14
1790578128.860,0.00,0.000,0.000,0,0,0.0,543.14
1790578129.110,0.00,0.000,0.000,0,0,0.3,543.14
1790578129.360,0.00,0.000,0.000,0,0,0.1,543.14
1790578129.610,0.00,0.000,0.000,0,0,0.0,543.14
1790578129.860,0.00,0.000,0.000,0,0,0.0,543.14
1790578130.110,0.00,0.000,0.000,0,0,0.0,543.14
1790578130.360,0.00,0.000,0.000,0,0,0.0,543.14
1790578130.610,0.00,0.000,0.000,0,0,0.0,543.14
1790578130.860,0.00,0.000,0.000,0,0,0.2,543.14
1790578131.110,0.00,0.000,0.000,0,0,0.0,543.14
1790578131.360,0.00,0.000,0.000,0,0,0.2,543.14
1790578131.610,0.00,0.000,0.000,0,0,0.0,543.14
1790578131.860,0.00,0.000,0.000,0,0,0.0,543.14
1790578132.110,0.00,0.000,0.000,0,0,0.0,543.14
1790578132.360,0.00,0.000,0.000,0,0,0.1,543.14
1790578132.610,0.00,0.000,0.000,0,0,0.0,543.14
1790578132.860,0.00,0.000,0.000,0,0,0.0,543.14
1790578133.110,0.00,0.000,0.000,0,0,0.8,543.14
1790578133.360,0.00,0.000,0.000,0,0,0.1,543.14
1790578133.610,0.00,0.000,0.000,0,0,0.0,543.14
1790578133.860,0.00,0.000,0.000,0,0,0.0,543.14
1790578134.110,0.00,0.000,0.000,0,0,0.0,543.14
1790578134.360,0.00,0.000,0.000,0,0,0.1,543.14
1790578134.610,0.00,0.000,0.000,0,0,0.0,543.14
1790578134.860,0.00,0.000,0.000,0,0,0.0,543.14
1790578135.110,0.00,0.000,0.000,0,0,0.7,543.14
1790578135.360,0.00,0.000,0.000,0,0,0.0,543.14
1790578135.610,0.00,0.000,0.000,0,0,0.0,543.14
1790578135.860,0.00,0.000,0.000,0,0,0.0,543.14
1790578136.110,0.00,0.000,0.000,0,0,0.1,543.14
1790578136.360,0.00,0.000,0.000,0,0,0.4,543.14
1790578136.610,0.00,0.000,0.000,0,0,0.1,543.14
1790578136.860,0.00,0.000,0.000,0,0,0.0,543.14
1790578137.110,0.00,0.000,0.000,0,0,0.0,543.14
1790578137.360,0.00,0.000,0.000,0,0,0.1,543.14
1790578137.610,0.00,0.000,0.000,0,0,0.0,543.14
1790578137.860,0.00,0.000,0.000,0,0,0.0,543.14
1790578138.110,0.00,0.000,0.000,0,0,0.0,543.14
1790578138.360,0.00,0.000,0.000,0,0,0.0,543.14
1790578138.610,0.00,0.000,0.000,0,0,0.0,543.14
1790578138.860,0.00,0.000,0.000,0,0,0.0,543.14
1790578139.110,0.00,0.000,0.000,0,0,0.1,543.14
1790578139.360,0.00,0.000,0.000,0,0,0.4,543.14
1790578139.610,0.00,0.000,0.000,0,0,0.0,543.14
1790578139.860,0.00,0.000,0.000,0,0,0.0,543.14
1790578140.110,0.00,0.000,0.000,0,0,0.0,543.14
1790578140.360,0.00,0.000,0.000,0,0,0.0,543.14
1790578140.610,0.00,0.000,0.000,0,0,0.0,543.14
1790578140.860,0.00,0.000,0.000,0,0,0.0,543.14
1790578141.110,0.00,0.000,0.000,0,0,0.0,543.14
1790578141.360,0.00,0.000,0.000,0,0,0.2,543.14
1790578141.610,0.00,0.000,0.000,0,0,0.1,543.14
1790578141.860,0.00,0.000,0.000,0,0,0.0,543.14
1790578142.110,0.00,0.000,0.000,0,0,0.2,543.14
1790578142.360,0.00,0.000,0.000,0,0,0.0,543.14
1790578142.610,0.00,0.000,0.000,0,0,0.0,543.14
1790578142.860,0.00,0.000,0.000,0,0,0.1,543.14
1790578143.110,0.00,0.000,0.000,0,0,0.1,543.14
1790578143.360,0.00,0.000,0.000,0,0,0.0,543.14
1790578143.610,0.00,0.000,0.000,0,0,0.1,543.14
1790578143.860,0.00,0.000,0.000,0,0,0.0,543.14
1790578144.110,0.00,0.000,0.000,0,0,0.0,543.14
1790578144.360,0.00,0.000,0.000,0,0,0.0,543.14
1790578144.610,0.00,0.000,0.000,0,0,0.1,543.14
1790578144.860,0.00,0.000,0.000,0,0,0.5,543.14
1790578145.110,0.00,0.000,0.000,0,0,0.0,543.14
1790578145.360,0.00,0.000,0.000,0,0,0.7,543.14
1790578145.610,0.00,0.000,0.000,0,0,0.1,543.14
1790578145.860,0.00,0.000,0.000,0,0,0.1,543.14
1790578146.110,0.00,0.000,0.000,0,0,0.0,543.14
1790578146.360,0.00,0.000,0.000,0,0,0.0,543.14
1790578146.610,0.00,0.000,0.000,0,0,0.0,543.14
1790578146.860,0.00,0.000,0.000,0,0,0.0,543.14
1790578147.110,0.00,0.000,0.000,0,0,0.3,543.14
1790578147.360,0.00,0.000,0.000,0,0,10.7,543.14
1790578147.610,0.00,0.000,0.000,0,0,0.0,543.14
1790578147.860,0.00,0.000,0.000,0,0,0.1,543.14
1790578148.110,0.00,0.000,0.000,0,0,0.0,543.14
1790578148.360,0.00,0.000,0.000,0,0,0.1,543.14
1790578148.610,0.00,0.000,0.000,0,0,0.0,543.14
1790578148.860,0.00,0.000,0.000,0,0,0.0,543.14
1790578149.110,0.00,0.000,0.000,0,0,0.1,543.14
1790578149.360,0.00,0.000,0.000,0,0,0.0,543.14
1790578149.610,0.00,0.000,0.000,0,0,0.0,543.14
1790578149.860,0.00,0.000,0.000,0,0,0.0,543.14
1790578150.110,0.00,0.000,0.000,0,0,0.0,543.14
1790578150.360,0.00,0.000,0.000,0,0,0.1,543.14
1790578150.610,0.00,0.000,0.000,0,0,0.0,543.14
1790578150.860,0.00,0.000,0.000,0,0,0.4,543.14
1790578151.110,0.00,0.000,0.000,0,0,0.1,543.14
1790578151.360,0.00,0.000,0.000,0,0,0.0,543.14
1790578151.610,0.00,0.000,0.000,0,0,0.5,543.14
1790578151.860,0.00,0.000,0.000,0,0,0.0,543.14
1790578152.110,0.00,0.000,0.000,0,0,0.1,543.14
1790578152.360,0.00,0.000,0.000,0,0,0.4,543.14
1790578152.610,0.00,0.000,0.000,0,0,0.1,543.14
1790578152.860,0.00,0.000,0.000,0,0,0.2,543.14
1790578153.110,0.00,0.000,0.000,0,0,0.4,543.14
1790578153.360,0.00,0.000,0.000,0,0,0.0,543.14
1790578153.610,0.00,0.000,0.000,0,0,0.0,543.14
1790578153.860,0.00,0.000,0.000,0,0,0.3,543.14
1790578154.110,0.00,0.000,0.000,0,0,0.0,543.14
1790578154.360,0.00,0.000,0.000,0,0,0.1,543.14
1790578154.610,0.00,0.000,0.000,0,0,0.1,543.14
1790578154.860,0.00,0.000,0.000,0,0,0.4,543.14
1790578155.110,0.00,0.000,0.000,0,0,0.3,543.14
1790578155.360,0.00,0.000,0.000,0,0,0.0,543.14
1790578155.610,0.00,0.000,0.000,0,0,0.0,543.14
1790578155.860,0.00,0.000,0.000,0,0,0.1,543.14
1790578156.110,0.00,0.000,0.000,0,0,0.1,543.14
1790578156.360,0.00,0.000,0.000,0,0,0.1,543.14
1790578156.610,0.00,0.000,0.000,0,0,0.0,543.14
1790578156.860,0.00,0.000,0.000,0,0,0.1,543.14
1790578157.110,0.00,0.000,0.000,0,0,0.2,543.14
1790578157.360,0.00,0.000,0.000,0,0,0.1,543.14
1790578157.610,0.00,0.000,0.000,0,0,0.1,543.14
1790578157.860,0.00,0.000,0.000,0,0,0.1,543.14
1790578158.110,0.00,0.000,0.000,0,0,0.1,543.14
1790578158.360,0.00,0.000,0.000,0,0,0.0,543.14
1790578158.610,0.00,0.000,0.000,0,0,0.0,543.14
1790578158.860,0.00,0.000,0.000,0,0,0.0,543.14
1790578159.110,0.00,0.000,0.000,0,0,0.1,543.14
1790578159.360,0.00,0.000,0.000,0,0,0.0,543.14
1790578159.610,0.00,0.000,0.000,0,0,0.1,543.14
1790578159.860,0.00,0.000,0.000,0,0,0.1,543.14
1790578160.110,0.00,0.000,0.000,0,0,0.0,543.14
1790578160.360,0.00,0.000,0.000,0,0,0.0,543.14
1790578160.610,0.00,0.000,0.000,0,0,0.1,543.14
1790578160.860,0.00,0.000,0.000,0,0,0.6,543.14
1790578161.110,0.00,0.000,0.000,0,0,0.8,543.14
1790578161.360,0.00,0.000,0.000,0,0,0.1,543.14
1790578161.610,0.00,0.000,0.000,0,0,0.1,543.14
1790578161.860,0.00,0.000,0.000,0,0,0.1,543.14
1790578162.110,0.00,0.000,0.000,0,0,0.0,543.14
1790578162.360,0.00,0.000,0.000,0,0,0.1,543.14
1790578162.610,0.00,0.000,0.000,0,0,0.0,543.14
1790578162.860,0.00,0.000,0.000,0,0,0.0,543.14
1790578163.110,0.00,0.000,0.000,0,0,0.5,543.14
1790578163.360,0.00,0.000,0.000,0,0,0.2,543.14
1790578163.610,0.00,0.000,0.000,0,0,0.0,543.14
1790578163.860,0.00,0.000,0.000,0,0,0.1,543.14
1790578164.110,0.00,0.000,0.000,0,0,0.0,543.14
1790578164.360,0.00,0.000,0.000,0,0,0.0,543.14
1790578164.610,0.00,0.000,0.000,0,0,0.0,543.14
1790578164.860,0.00,0.000,0.000,0,0,0.1,543.14
1790578165.110,0.00,0.000,0.000,0,0,0.1,543.14
1790578165.360,0.00,0.000,0.000,0,0,0.0,543.14
1790578165.610,0.00,0.000,0.000,0,0,0.1,543.14
1790578165.860,0.00,0.000,0.000,0,0,0.1,543.14
1790578166.110,0.00,0.000,0.000,0,0,0.1,543.14
1790578166.360,0.00,0.000,0.000,0,0,0.3,543.14
1790578166.610,0.00,0.000,0.000,0,0,0.0,543.14
1790578166.860,0.00,0.000,0.000,0,0,0.0,543.14
1790578167.110,0.00,0.000,0.000,0,0,0.0,543.14
1790578167.360,0.00,0.000,0.000,0,0,0.0,543.14
1790578167.610,0.00,0.000,0.000,0,0,0.2,543.14
1790578167.860,0.00,0.000,0.000,0,0,0.4,543.14
1790578168.110,0.00,0.000,0.000,0,0,0.6,543.14
1790578168.360,0.00,0.000,0.000,0,0,0.0,543.14
1790578168.610,0.00,0.000,0.000,0,0,0.1,543.14
1790578168.860,0.00,0.000,0.000,0,0,0.0,543.14
1790578169.110,0.00,0.000,0.000,0,0,0.2,543.14
1790578169.360,0.00,0.000,0.000,0,0,0.0,543.14
1790578169.610,0.00,0.000,0.000,0,0,0.0,543.14
1790578169.860,0.00,0.000,0.000,0,0,0.4,543.14
1790578170.110,0.00,0.000,0.000,0,0,0.1,543.14
1790578170.360,0.00,0.000,0.000,0,0,0.2,543.14
1790578170.610,0.00,0.000,0.000,0,0,0.1,543.14
1790578170.860,0.00,0.000,0.000,0,0,0.0,543.14
1790578171.110,0.00,0.000,0.000,0,0,0.3,543.14
1790578171.360,0.00,0.000,0.000,0,0,0.5,543.14
1790578171.610,0.00,0.000,0.000,0,0,0.0,543.14
1790578171.860,0.00,0.000,0.000,0,0,0.4,543.14
1790578172.110,0.00,0.000,0.000,0,0,0.9,543.14
1790578172.360,0.00,0.000,0.000,0,0,0.1,543.14
1790578172.610,0.00,0.000,0.000,0,0,0.0,543.14
1790578172.860,0.00,0.000,0.000,0,0,0.0,543.14
1790578173.110,0.00,0.000,0.000,0,0,0.0,543.14
1790578173.360,0.00,0.000,0.000,0,0,0.1,543.14
1790578173.610,0.00,0.000,0.000,0,0,0.4,543.14
1790578173.860,0.00,0.000,0.000,0,0,0.0,543.14
1790578174.110,0.00,0.000,0.000,0,0,0.0,543.14
1790578174.360,0.00,0.000,0.000,0,0,0.1,543.14
1790578174.610,0.00,0.000,0.000,0,0,0.0,543.14
1790578174.860,0.00,0.000,0.000,0,0,0.1,543.14
1790578175.110,0.00,0.000,0.000,0,0,0.2,543.14
1790578175.360,0.00,0.000,0.000,0,0,0.0,543.14
1790578175.610,0.00,0.000,0.000,0,0,0.0,543.14
1790578175.860,0.00,0.000,0.000,0,0,0.0,543.14
1790578176.110,0.00,0.000,0.000,0,0,0.0,543.14
1790578176.360,0.00,0.000,0.000,0,0,0.1,543.14
1790578176.610,0.00,0.000,0.000,0,0,0.0,543.14
1790578176.860,0.00,0.000,0.000,0,0,0.0,543.14
1790578177.110,0.00,0.000,0.000,0,0,0.1,543.14
1790578177.360,0.00,0.000,0.000,0,0,0.0,543.14
1790578177.610,0.00,0.000,0.000,0,0,0.0,543.14
1790578177.860,0.00,0.000,0.000,0,0,0.0,543.14
1790578178.110,0.00,0.000,0.000,0,0,0.0,543.14
1790578178.360,0.00,0.000,0.000,0,0,0.4,543.14
1790578178.610,0.00,0.000,0.000,0,0,0.3,543.14
1790578178.860,0.00,0.000,0.000,0,0,0.0,543.14
1790578179.110,0.00,0.000,0.000,0,0,0.1,543.14
1790578179.360,0.00,0.000,0.000,0,0,0.0,543.14
1790578179.610,0.00,0.000,0.000,0,0,0.0,543.14
1790578179.860,0.00,0.000,0.000,0,0,0.0,543.14
1790578180.110,0.00,0.000,0.000,0,0,0.3,543.14
1790578180.360,0.00,0.000,0.000,0,0,0.0,543.14
1790578180.610,0.00,0.000,0.000,0,0,0.0,543.14
1790578180.860,0.00,0.000,0.000,0,0,0.0,543.14
1790578181.110,0.00,0.000,0.000,0,0,0.0,543.14
1790578181.360,0.00,0.000,0.000,0,0,0.0,543.14
1790578181.610,0.00,0.000,0.000,0,0,0.0,543.14
1790578181.860,0.00,0.000,0.000,0,0,0.0,543.14
1790578182.110,0.00,0.000,0.000,0,0,0.0,543.14
1790578182.360,0.00,0.000,0.000,0,0,0.1,543.14
1790578182.610,0.00,0.000,0.000,0,0,0.0,543.14
1790578182.860,0.00,0.000,0.000,0,0,0.1,543.14
1790578183.110,0.00,0.000,0.000,0,0,0.1,543.14
1790578183.360,0.00,0.000,0.000,0,0,0.0,543.14
1790578183.610,0.00,0.000,0.000,0,0,0.0,543.14
1790578183.860,0.00,0.000,0.000,0,0,0.1,543.14
1790578184.110,0.00,0.000,0.000,0,0,0.1,543.14
1790578184.360,0.00,0.000,0.000,0,0,0.0,543.14
1790578184.610,0.00,0.000,0.000,0,0,0.1,543.14
1790578184.860,0.00,0.000,0.000,0,0,0.2,543.14
1790578185.110,0.00,0.000,0.000,0,0,0.0,543.14
1790578185.360,0.00,0.000,0.000,0,0,0.0,543.14
1790578185.610,0.00,0.000,0.000,0,0,0.1,543.14
1790578185.860,0.00,0.000,0.000,0,0,0.0,543.14
1790578186.110,0.00,0.000,0.000,0,0,0.3,543.14
1790578186.360,0.00,0.000,0.000,0,0,0.0,543.14
1790578186.610,0.00,0.000,0.000,0,0,0.2,543.14
1790578186.860,0.00,0.000,0.000,0,0,0.0,543.14
1790578187.110,0.00,0.000,0.000,0,0,0.0,543.14
1790578187.360,0.00,0.000,0.000,0,0,0.0,543.14
1790578187.610,0.00,0.000,0.000,0,0,0.0,543.14
1790578187.860,0.00,0.000,0.000,0,0,0.0,543.14
1790578188.110,0.00,0.000,0.000,0,0,0.0,543.14
1790578188.360,0.00,0.000,0.000,0,0,0.0,543.14
1790578188.610,0.00,0.000,0.000,0,0,0.0,543.14
1790578188.860,0.00,0.000,0.000,0,0,0.0,543.14
1790578189.110,0.00,0.000,0.000,0,0,0.0,543.14
1790578189.360,0.00,0.000,0.000,0,0,0.0,543.14
1790578189.610,0.00,0.000,0.000,0,0,0.0,543.14
1790578189.860,0.00,0.000,0.000,0,0,0.0,543.14
1790578190.110,0.00,0.000,0.000,0,0,0.0,543.14
1790578190.360,0.00,0.000,0.000,0,0,0.1,543.14
1790578190.610,0.00,0.000,0.000,0,0,0.0,543.14
1790578190.860,0.00,0.000,0.000,0,0,0.0,543.14
1790578191.110,0.00,0.000,0.000,0,0,0.0,543.14
1790578191.360,0.00,0.000,0.000,0,0,0.1,543.14
1790578191.610,0.00,0.000,0.000,0,0,0.0,543.14
1790578191.860,0.00,0.000,0.000,0,0,0.0,543.14
1790578192.110,0.00,0.000,0.000,0,0,0.0,543.14
1790578192.360,0.00,0.000,0.000,0,0,0.1,543.14
1790578192.610,0.00,0.000,0.000,0,0,0.1,543.14
1790578192.860,0.00,0.000,0.000,0,0,0.2,543.14
1790578193.110,0.00,0.000,0.000,0,0,0.1,543.14
1790578193.360,0.00,0.000,0.000,0,0,0.0,543.14
1790578193.610,0.00,0.000,0.000,0,0,0.0,543.14
1790578193.860,0.00,0.000,0.000,0,0,0.0,543.14
1790578194.110,0.00,0.000,0.000,0,0,0.1,543.14
1790578194.360,0.00,0.000,0.000,0,0,0.1,543.14
1790578194.610,0.00,0.000,0.000,0,0,0.3,543.14
1790578194.860,0.00,0.000,0.000,0,0,0.1,543.14
1790578195.110,0.00,0.000,0.000,0,0,0.1,543.14
1790578195.360,0.00,0.000,0.000,0,0,0.0,543.14
1790578195.610,0.00,0.000,0.000,0,0,0.1,543.14
1790578195.860,0.00,0.000,0.000,0,0,0.0,543.14
1790578196.110,0.00,0.000,0.000,0,0,0.4,543.14
1790578196.360,0.00,0.000,0.000,0,0,0.4,543.14
1790578196.610,0.00,0.000,0.000,0,0,0.0,543.14
1790578196.860,0.00,0.000,0.000,0,0,0.0,543.14
1790578197.110,0.00,0.000,0.000,0,0,0.1,543.14
1790578197.360,0.00,0.000,0.000,0,0,0.0,543.14
1790578197.610,0.00,0.000,0.000,0,0,0.1,543.14
1790578197.860,0.00,0.000,0.000,0,0,0.0,543.14
1790578198.110,0.00,0.000,0.000,0,0,0.0,543.14
1790578198.360,0.00,0.000,0.000,0,0,0.1,543.14
1790578198.610,0.00,0.000,0.000,0,0,0.0,543.14
1790578198.860,0.00,0.000,0.000,0,0,0.2,543.14
1790578199.110,0.00,0.000,0.000,0,0,0.0,543.14
1790578199.360,0.00,0.000,0.000,0,0,0.1,543.14
1790578199.610,0.00,0.000,0.000,0,0,0.2,543.14
1790578199.860,0.00,0.000,0.000,0,0,0.0,543.14
1790578200.110,0.00,0.000,0.000,0,0,0.1,543.14
1790578200.360,0.00,0.000,0.000,0,0,0.1,543.14
1790578200.610,0.00,0.000,0.000,0,0,0.1,543.14
1790578200.860,0.00,0.000,0.000,0,0,0.0,543.14
1790578201.110,0.00,0.000,0.000,0,0,0.0,543.14
1790578201.360,0.00,0.000,0.000,0,0,0.1,543.14
1790578201.610,0.00,0.000,0.000,0,0,0.2,543.14
1790578201.860,0.00,0.000,0.000,0,0,0.2,543.14
1790578202.110,0.00,0.000,0.000,0,0,0.0,543.14
1790578202.360,0.00,0.000,0.000,0,0,0.2,543.14
1790578202.610,0.00,0.000,0.000,0,0,0.0,543.14
1790578202.860,0.00,0.000,0.000,0,0,0.1,543.14
1790578203.110,0.00,0.000,0.000,0,0,0.0,543.14
1790578203.360,0.00,0.000,0.000,0,0,0.0,543.14
1790578203.610,0.00,0.000,0.000,0,0,0.0,543.14
1790578203.860,0.00,0.000,0.000,0,0,0.0,543.14
1790578204.110,0.00,0.000,0.000,0,0,0.1,543.14
1790578204.360,0.00,0.000,0.000,0,0,0.0,543.14
1790578204.610,0.00,0.000,0.000,0,0,0.1,543.14
1790578204.860,0.00,0.000,0.000,0,0,0.1,543.14
1790578205.110,0.00,0.000,0.000,0,0,0.6,543.14
1790578205.360,0.00,0.000,0.000,0,0,0.0,543.14
1790578205.610,0.00,0.000,0.000,0,0,0.0,543.14
1790578205.860,0.00,0.000,0.000,0,0,0.0,543.14
1790578206.110,0.00,0.000,0.000,0,0,0.3,543.14
1790578206.360,0.00,0.000,0.000,0,0,0.1,543.14
1790578206.610,0.00,0.000,0.000,0,0,0.0,543.14
1790578206.860,0.00,0.000,0.000,0,0,0.1,543.14
1790578207.110,0.00,0.000,0.000,0,0,0.0,543.14
1790578207.360,0.00,0.000,0.000,0,0,0.0,543.14
1790578207.610,0.00,0.000,0.000,0,0,0.0,543.14
1790578207.860,0.00,0.000,0.000,0,0,0.0,543.14
1790578208.110,0.00,0.000,0.000,0,0,0.0,543.14
1790578208.360,0.00,0.000,0.000,0,0,0.0,543.14
1790578208.610,0.00,0.000,0.000,0,0,0.0,543.14
1790578208.860,0.00,0.000,0.000,0,0,0.2,543.14
1790578209.110,0.00,0.000,0.000,0,0,0.0,543.14
1790578209.360,0.00,0.000,0.000,0,0,0.1,543.14
1790578209.610,0.00,0.000,0.000,0,0,0.0,543.14
1790578209.860,0.00,0.000,0.000,0,0,0.1,543.14
1790578210.110,0.00,0.000,0.000,0,0,0.1,543.14
1790578210.360,0.00,0.000,0.000,0,0,0.1,543.14
1790578210.610,0.00,0.000,0.000,0,0,0.2,543.14
1790578210.860,0.00,0.000,0.000,0,0,0.0,543.14
1790578211.110,0.00,0.000,0.000,0,0,0.1,543.14
1790578211.360,0.00,0.000,0.000,0,0,0.0,543.14
1790578211.610,0.00,0.000,0.000,0,0,0.1,543.14
1790578211.860,0.00,0.000,0.000,0,0,0.0,543.14
1790578212.110,0.00,0.000,0.000,0,0,0.1,543.14
1790578212.360,0.00,0.000,0.000,0,0,0.1,543.14
1790578212.610,0.00,0.000,0.000,0,0,0.0,543.14
1790578212.860,0.00,0.000,0.000,0,0,0.0,543.14
1790578213.110,0.00,0.000,0.000,0,0,0.0,543.14
1790578213.360,0.00,0.000,0.000,0,0,0.0,543.14
1790578213.610,0.00,0.000,0.000,0,0,0.1,543.14
1790578213.860,0.00,0.000,0.000,0,0,0.0,543.14
1790578214.110,0.00,0.000,0.000,0,0,0.0,543.14
1790578214.360,0.00,0.000,0.000,0,0,0.0,543.14
1790578214.610,0.00,0.000,0.000,0,0,0.1,543.14
1790578214.860,0.00,0.000,0.000,0,0,0.0,543.14
1790578215.110,0.00,0.000,0.000,0,0,0.0,543.14
1790578215.360,0.00,0.000,0.000,0,0,0.1,543.14
1790578215.610,0.00,0.000,0.000,0,0,0.0,543.14
1790578215.860,0.00,0.000,0.000,0,0,0.0,543.14
1790578216.110,0.00,0.000,0.000,0,0,0.1,543.14
1790578216.360,0.00,0.000,0.000,0,0,0.0,543.14
1790578216.610,0.00,0.000,0.000,0,0,0.1,543.14
1790578216.860,0.00,0.000,0.000,0,0,0.1,543.14
1790578217.110,0.00,0.000,0.000,0,0,0.1,543.14
1790578217.360,0.00,0.000,0.000,0,0,0.1,543.14
1790578217.610,0.00,0.000,0.000,0,0,0.1,543.14
1790578217.860,0.00,0.000,0.000,0,0,0.1,543.14
1790578218.110,0.00,0.000,0.000,0,0,0.0,543.14
1790578218.360,0.00,0.000,0.000,0,0,0.0,543.14
1790578218.610,0.00,0.000,0.000,0,0,0.0,543.14
1790578218.860,0.00,0.000,0.000,0,0,0.2,543.14
1790578219.110,0.00,0.000,0.000,0,0,0.0,543.14
1790578219.360,0.00,0.000,0.000,0,0,0.1,543.14
1790578219.610,0.00,0.000,0.000,0,0,0.0,543.14
1790578219.860,0.00,0.000,0.000,0,0,0.1,543.14
1790578220.110,0.00,0.000,0.000,0,0,0.3,543.14
1790578220.360,0.00,0.000,0.000,0,0,0.2,543.14
1790578220.610,0.00,0.000,0.000,0,0,0.1,543.14
1790578220.860,0.00,0.000,0.000,0,0,0.1,543.14
1790578221.110,0.00,0.000,0.000,0,0,0.1,543.14
1790578221.360,0.00,0.000,0.000,0,0,0.2,543.14
1790578221.610,0.00,0.000,0.000,0,0,0.1,543.14
1790578221.860,0.00,0.000,0.000,0,0,0.0,543.14
1790578222.110,0.00,0.000,0.000,0,0,0.0,543.14
1790578222.360,0.00,0.000,0.000,0,0,0.0,543.14
1790578222.610,0.00,0.000,0.000,0,0,0.0,543.14
1790578222.860,0.00,0.000,0.000,0,0,0.1,543.14
1790578223.110,0.00,0.000,0.000,0,0,0.0,543.14
1790578223.360,0.00,0.000,0.000,0,0,0.0,543.14
1790578223.610,0.00,0.000,0.000,0,0,0.0,543.14
1790578223.860,0.00,0.000,0.000,0,0,0.1,543.14
1790578224.110,0.00,0.000,0.000,0,0,0.0,543.14
1790578224.360,0.00,0.000,0.000,0,0,0.1,543.14
1790578224.610,0.00,0.000,0.000,0,0,0.1,543.14
1790578224.860,0.00,0.000,0.000,0,0,0.0,543.14
1790578225.110,0.00,0.000,0.000,0,0,0.0,543.14
1790578225.360,0.00,0.000,0.000,0,0,0.0,543.14
1790578225.610,0.00,0.000,0.000,0,0,0.0,543.14
1790578225.860,0.00,0.000,0.000,0,0,0.0,543.14
1790578226.110,0.00,0.000,0.000,0,0,0.0,543.14
1790578226.360,0.00,0.000,0.000,0,0,0.0,543.14
1790578226.610,0.00,0.000,0.000,0,0,0.0,543.14
1790578226.860,0.00,0.000,0.000,0,0,0.0,543.14
1790578227.110,0.00,0.000,0.000,0,0,0.0,543.14
1790578227.360,0.00,0.000,0.000,0,0,0.0,543.14
1790578227.610,0.00,0.000,0.000,0,0,12.0,543.14
1790578227.860,0.00,0.000,0.000,0,0,0.2,543.14
1790578228.110,0.00,0.000,0.000,0,0,0.1,543.14
1790578228.360,0.00,0.000,0.000,0,0,0.1,543.14
1790578228.610,0.00,0.000,0.000,0,0,0.0,543.14
1790578228.860,0.00,0.000,0.000,0,0,0.0,543.14
1790578229.110,0.00,0.000,0.000,0,0,0.1,543.14
1790578229.360,0.00,0.000,0.000,0,0,0.1,543.14
1790578229.610,0.00,0.000,0.000,0,0,0.0,543.14
1790578229.860,0.00,0.000,0.000,0,0,0.1,543.14
1790578230.110,0.00,0.000,0.000,0,0,0.0,543.14
1790578230.360,0.00,0.000,0.000,0,0,0.0,543.14
1790578230.610,0.00,0.000,0.000,0,0,0.5,543.14
1790578230.860,0.00,0.000,0.000,0,0,0.1,543.14
1790578231.110,0.00,0.000,0.000,0,0,0.0,543.14
1790578231.360,0.00,0.000,0.000,0,0,0.1,543.14
1790578231.610,0.00,0.000,0.000,0,0,0.0,543.14
1790578231.860,0.00,0.000,0.000,0,0,0.0,543.14
1790578232.110,0.00,0.000,0.000,0,0,0.3,543.14
1790578232.360,0.00,0.000,0.000,0,0,0.0,543.14
1790578232.610,0.00,0.000,0.000,0,0,0.3,543.14
1790578232.860,0.00,0.000,0.000,0,0,0.0,543.14
1790578233.110,0.00,0.000,0.000,0,0,0.0,543.14
1790578233.360,0.00,0.000,0.000,0,0,0.3,543.14
1790578233.610,0.00,0.000,0.000,0,0,0.1,543.14
1790578233.860,0.00,0.000,0.000,0,0,0.1,543.14
1790578234.110,0.00,0.000,0.000,0,0,0.0,543.14
1790578234.360,0.00,0.000,0.000,0,0,0.1,543.14
1790578234.610,0.00,0.000,0.000,0,0,0.0,543.14
1790578234.860,0.00,0.000,0.000,0,0,0.2,543.14
1790578235.110,0.00,0.000,0.000,0,0,0.0,543.14
1790578235.360,0.00,0.000,0.000,0,0,0.0,543.14
1790578235.610,0.00,0.000,0.000,0,0,0.0,543.14
1790578235.860,0.00,0.000,0.000,0,0,0.0,543.14
1790578236.110,0.00,0.000,0.000,0,0,0.3,543.14
1790578236.360,0.00,0.000,0.000,0,0,0.1,543.14
1790578236.610,0.00,0.000,0.000,0,0,0.1,543.14
1790578236.860,0.00,0.000,0.000,0,0,0.0,543.14
1790578237.110,0.00,0.000,0.000,0,0,0.0,543.14
1790578237.360,0.00,0.000,0.000,0,0,0.0,543.14
1790578237.610,0.00,0.000,0.000,0,0,0.1,543.14
1790578237.860,0.00,0.000,0.000,0,0,0.1,543.14
1790578238.110,0.00,0.000,0.000,0,0,0.1,543.14
1790578238.360,0.00,0.000,0.000,0,0,0.1,543.14
1790578238.610,0.00,0.000,0.000,0,0,0.1,543.14
1790578238.860,0.00,0.000,0.000,0,0,0.0,543.14
1790578239.110,0.00,0.000,0.000,0,0,0.4,543.14
1790578239.360,0.00,0.000,0.000,0,0,0.1,543.14
1790578239.610,0.00,0.000,0.000,0,0,0.0,543.14
1790578239.860,0.00,0.000,0.000,0,0,0.0,543.14
1790578240.110,0.00,0.000,0.000,0,0,0.8,543.14
1790578240.360,0.00,0.000,0.000,0,0,0.0,543.14
1790578240.610,0.00,0.000,0.000,0,0,0.4,543.14
1790578240.860,0.00,0.000,0.000,0,0,0.2,543.14
1790578241.110,0.00,0.000,0.000,0,0,0.2,543.14
1790578241.360,0.00,0.000,0.000,0,0,0.5,543.14
1790578241.610,0.00,0.000,0.000,0,0,0.1,543.14
1790578241.860,0.00,0.000,0.000,0,0,0.1,543.14
1790578242.110,0.00,0.000,0.000,0,0,0.0,543.14
1790578242.360,0.00,0.000,0.000,0,0,0.0,543.14
1790578242.610,0.00,0.000,0.000,0,0,0.1,543.14
1790578242.860,0.00,0.000,0.000,0,0,0.0,543.14
1790578243.110,0.00,0.000,0.000,0,0,0.2,543.14
1790578243.360,0.00,0.000,0.000,0,0,0.0,543.14
1790578243.610,0.00,0.000,0.000,0,0,0.0,543.14
1790578243.860,0.00,0.000,0.000,0,0,0.2,543.14
1790578244.110,0.00,0.000,0.000,0,0,0.1,543.14
1790578244.360,0.00,0.000,0.000,0,0,0.0,543.14
1790578244.610,0.00,0.000,0.000,0,0,0.3,543.14
1790578244.860,0.00,0.000,0.000,0,0,0.1,543.14
1790578245.110,0.00,0.000,0.000,0,0,0.4,543.14
1790578245.360,0.00,0.000,0.000,0,0,0.0,543.14
1790578245.610,0.00,0.000,0.000,0,0,0.1,543.14
1790578245.860,0.00,0.000,0.000,0,0,0.2,543.14
1790578246.110,0.00,0.000,0.000,0,0,0.0,543.14
1790578246.360,0.00,0.000,0.000,0,0,0.0,543.14
1790578246.610,0.00,0.000,0.000,0,0,0.1,543.14
1790578246.860,0.00,0.000,0.000,0,0,0.1,543.14
1790578247.110,0.00,0.000,0.000,0,0,0.2,543.14
1790578247.360,0.00,0.000,0.000,0,0,0.2,543.14
1790578247.610,0.00,0.000,0.000,0,0,0.2,543.14
1790578247.860,0.00,0.000,0.000,0,0,0.0,543.14
1790578248.110,0.00,0.000,0.000,0,0,0.3,543.14
1790578248.360,0.00,0.000,0.000,0,0,0.0,543.14
1790578248.610,0.00,0.000,0.000,0,0,0.1,543.14
1790578248.860,0.00,0.000,0.000,0,0,0.0,543.14
1790578249.110,0.00,0.000,0.000,0,0,0.5,543.14
1790578249.360,0.00,0.000,0.000,0,0,0.0,543.14
1790578249.610,0.00,0.000,0.000,0,0,0.1,543.14
1790578249.860,0.00,0.000,0.000,0,0,0.1,543.14
1790578250.110,0.00,0.000,0.000,0,0,0.0,543.14
1790578250.360,0.00,0.000,0.000,0,0,0.0,543.14
1790578250.610,0.00,0.000,0.000,0,0,0.1,543.14
1790578250.860,0.00,0.000,0.000,0,0,0.3,543.14
1790578251.110,0.00,0.000,0.000,0,0,0.0,543.14
1790578251.360,0.00,0.000,0.000,0,0,0.1,543.14
1790578251.610,0.00,0.000,0.000,0,0,0.1,543.14
1790578251.860,0.00,0.000,0.000,0,0,0.1,543.14
1790578252.110,0.00,0.000,0.000,0,0,0.0,543.14
1790578252.360,0.00,0.000,0.000,0,0,0.0,543.14
1790578252.610,0.00,0.000,0.000,0,0,0.1,543.14
1790578252.860,0.00,0.000,0.000,0,0,0.0,543.14
1790578253.110,0.00,0.000,0.000,0,0,0.1,543.14
1790578253.360,0.00,0.000,0.000,0,0,0.0,543.14
1790578253.610,0.00,0.000,0.000,0,0,0.0,543.14
1790578253.860,0.00,0.000,0.000,0,0,0.0,543.14
1790578254.110,0.00,0.000,0.000,0,0,0.1,543.14
1790578254.360,0.00,0.000,0.000,0,0,0.0,543.14
1790578254.610,0.00,0.000,0.000,0,0,0.2,543.14
1790578254.860,0.00,0.000,0.000,0,0,0.0,543.14
1790578255.110,0.00,0.000,0.000,0,0,0.1,543.14
1790578255.360,0.00,0.000,0.000,0,0,0.1,543.14
1790578255.610,0.00,0.000,0.000,0,0,0.2,543.14
1790578255.860,0.00,0.000,0.000,0,0,0.1,543.14
1790578256.110,0.00,0.000,0.000,0,0,0.1,543.14
1790578256.360,0.00,0.000,0.000,0,0,0.0,543.14
1790578256.610,0.00,0.000,0.000,0,0,0.1,543.14
1790578256.860,0.00,0.000,0.000,0,0,0.0,543.14
1790578257.110,0.00,0.000,0.000,0,0,0.0,543.14
1790578257.360,0.00,0.000,0.000,0,0,0.5,543.14
1790578257.610,0.00,0.000,0.000,0,0,0.0,543.14
1790578257.860,0.00,0.000,0.000,0,0,0.5,543.14
1790578258.110,0.00,0.000,0.000,0,0,0.0,543.14
1790578258.360,0.00,0.000,0.000,0,0,0.1,543.14
1790578258.610,0.00,0.000,0.000,0,0,0.0,543.14
1790578258.860,0.00,0.000,0.000,0,0,0.0,543.14
1790578259.110,0.00,0.000,0.000,0,0,0.2,543.14
1790578259.360,0.00,0.000,0.000,0,0,0.0,543.14
1790578259.610,0.00,0.000,0.000,0,0,0.3,543.14
1790578259.860,0.00,0.000,0.000,0,0,0.0,543.14
1790578260.110,0.00,0.000,0.000,0,0,0.3,543.14
1790578260.360,0.00,0.000,0.000,0,0,0.2,543.14
1790578260.610,0.00,0.000,0.000,0,0,0.1,543.14
1790578260.860,0.00,0.000,0.000,0,0,0.4,543.14
1790578261.110,0.00,0.000,0.000,0,0,0.0,543.14
1790578261.360,0.00,0.000,0.000,0,0,0.2,543.14
1790578261.610,0.00,0.000,0.000,0,0,0.3,543.14
1790578261.860,0.00,0.000,0.000,0,0,0.1,543.14
1790578262.110,0.00,0.000,0.000,0,0,0.3,543.14
1790578262.360,0.00,0.000,0.000,0,0,0.0,543.14
1790578262.610,0.00,0.000,0.000,0,0,0.0,543.14
1790578262.860,0.00,0.000,0.000,0,0,0.1,543.14
1790578263.110,0.00,0.000,0.000,0,0,0.0,543.14
1790578263.360,0.00,0.000,0.000,0,0,0.0,543.14
1790578263.610,0.00,0.000,0.000,0,0,0.1,543.14
1790578263.860,0.00,0.000,0.000,0,0,0.0,543.14
1790578264.110,0.00,0.000,0.000,0,0,0.2,543.14
1790578264.360,0.00,0.000,0.000,0,0,0.1,543.14
1790578264.610,0.00,0.000,0.000,0,0,0.1,543.14
1790578264.860,0.00,0.000,0.000,0,0,0.0,543.14
1790578265.110,0.00,0.000,0.000,0,0,0.2,543.14
1790578265.360,0.00,0.000,0.000,0,0,0.0,543.14
1790578265.610,0.00,0.000,0.000,0,0,0.0,543.14
1790578265.860,0.00,0.000,0.000,0,0,0.0,543.14
1790578266.110,0.00,0.000,0.000,0,0,0.0,543.14
1790578266.360,0.00,0.000,0.000,0,0,0.0,543.14
1790578266.610,0.00,0.000,0.000,0,0,0.0,543.14
1790578266.860,0.00,0.000,0.000,0,0,0.0,543.14
1790578267.110,0.00,0.000,0.000,0,0,0.0,543.14
1790578267.360,0.00,0.000,0.000,0,0,0.1,543.14
1790578267.610,0.00,0.000,0.000,0,0,0.0,543.14
1790578267.860,0.00,0.000,0.000,0,0,0.0,543.14
1790578268.110,0.00,0.000,0.000,0,0,0.2,543.14
1790578268.360,0.00,0.000,0.000,0,0,0.0,543.14
1790578268.610,0.00,0.000,0.000,0,0,0.1,543.14
1790578268.860,0.00,0.000,0.000,0,0,0.0,543.14
1790578269.110,0.00,0.000,0.000,0,0,0.3,543.14
1790578269.360,0.00,0.000,0.000,0,0,0.1,543.14
1790578269.610,0.00,0.000,0.000,0,0,0.0,543.14
1790578269.860,0.00,0.000,0.000,0,0,0.1,543.14
1790578270.110,0.00,0.000,0.000,0,0,0.3,543.14
1790578270.360,0.00,0.000,0.000,0,0,0.1,543.14
1790578270.610,0.00,0.000,0.000,0,0,0.0,543.14
1790578270.860,0.00,0.000,0.000,0,0,0.0,543.14
1790578271.110,0.00,0.000,0.000,0,0,0.0,543.14
1790578271.360,0.00,0.000,0.000,0,0,0.0,543.14
1790578271.610,0.00,0.000,0.000,0,0,0.0,543.14
1790578271.860,0.00,0.000,0.000,0,0,0.0,543.14
1790578272.110,0.00,0.000,0.000,0,0,0.0,543.14
1790578272.360,0.00,0.000,0.000,0,0,0.0,543.14
1790578272.610,0.00,0.000,0.000,0,0,0.0,543.14
1790578272.860,0.00,0.000,0.000,0,0,0.3,543.14
1790578273.110,0.00,0.000,0.000,0,0,0.0,543.14
1790578273.360,0.00,0.000,0.000,0,0,0.0,543.14
1790578273.610,0.00,0.000,0.000,0,0,0.0,543.14
1790578273.860,0.00,0.000,0.000,0,0,0.0,543.14
1790578274.110,0.00,0.000,0.000,0,0,0.1,543.14
1790578274.360,0.00,0.000,0.000,0,0,0.0,543.14
1790578274.610,0.00,0.000,0.000,0,0,0.1,543.14
1790578274.860,0.00,0.000,0.000,0,0,0.0,543.14
1790578275.110,0.00,0.000,0.000,0,0,0.1,543.14
1790578275.360,0.00,0.000,0.000,0,0,0.0,543.14
1790578275.610,0.00,0.000,0.000,0,0,0.0,543.14
1790578275.860,0.00,0.000,0.000,0,0,0.0,543.14
1790578276.110,0.00,0.000,0.000,0,0,0.0,543.14
1790578276.360,0.00,0.000,0.000,0,0,0.0,543.14
1790578276.610,0.00,0.000,0.000,0,0,0.0,543.14
1790578276.860,0.00,0.000,0.000,0,0,0.0,543.14
1790578277.110,0.00,0.000,0.000,0,0,0.0,543.14
1790578277.360,0.00,0.000,0.000,0,0,0.0,543.14
1790578277.610,0.00,0.000,0.000,0,0,0.0,543.14
1790578277.860,0.00,0.000,0.000,0,0,0.0,543.14
1790578278.110,0.00,0.000,0.000,0,0,0.1,543.14
1790578278.360,0.00,0.000,0.000,0,0,0.0,543.14
1790578278.610,0.00,0.000,0.000,0,0,0.2,543.14
1790578278.860,0.00,0.000,0.000,0,0,0.0,543.14
1790578279.110,0.00,0.000,0.000,0,0,1.0,543.14
1790578279.360,0.00,0.000,0.000,0,0,0.0,543.14
1790578279.610,0.00,0.000,0.000,0,0,0.0,543.14
1790578279.860,0.00,0.000,0.000,0,0,0.0,543.14
1790578280.110,0.00,0.000,0.000,0,0,0.0,543.14
1790578280.360,0.00,0.000,0.000,0,0,0.0,543.14
1790578280.610,0.00,0.000,0.000,0,0,0.2,543.14
1790578280.860,0.00,0.000,0.000,0,0,0.1,543.14
1790578281.110,0.00,0.000,0.000,0,0,0.0,543.14
1790578281.360,0.00,0.000,0.000,0,0,0.0,543.14
1790578281.610,0.00,0.000,0.000,0,0,0.3,543.14
1790578281.860,0.00,0.000,0.000,0,0,0.0,543.14
1790578282.110,0.00,0.000,0.000,0,0,0.0,543.14
1790578282.360,0.00,0.000,0.000,0,0,0.0,543.14
1790578282.610,0.00,0.000,0.000,0,0,0.0,543.14
1790578282.860,0.00,0.000,0.000,0,0,0.0,543.14
1790578283.110,0.00,0.000,0.000,0,0,0.0,543.14
1790578283.360,0.00,0.000,0.000,0,0,0.0,543.14
1790578283.610,0.00,0.000,0.000,0,0,0.0,543.14
1790578283.860,0.00,0.000,0.000,0,0,0.0,543.14
1790578284.110,0.00,0.000,0.000,0,0,0.1,543.14
1790578284.360,0.00,0.000,0.000,0,0,0.1,543.14
1790578284.610,0.00,0.000,0.000,0,0,0.0,543.14
1790578284.860,0.00,0.000,0.000,0,0,0.0,543.14
1790578285.110,0.00,0.000,0.000,0,0,0.0,543.14
1790578285.360,0.00,0.000,0.000,0,0,0.1,543.14
1790578285.610,0.00,0.000,0.000,0,0,0.0,543.14
1790578285.860,0.00,0.000,0.000,0,0,0.0,543.14
1790578286.110,0.00,0.000,0.000,0,0,0.0,543.14
1790578286.360,0.00,0.000,0.000,0,0,0.1,543.14
1790578286.610,0.00,0.000,0.000,0,0,0.0,543.14
1790578286.860,0.00,0.000,0.000,0,0,0.0,543.14
1790578287.110,0.00,0.000,0.000,0,0,20.3,543.14
1790578287.360,0.00,0.000,0.000,0,0,0.1,543.14
1790578287.610,0.00,0.000,0.000,0,0,0.0,543.14
1790578287.860,0.00,0.000,0.000,0,0,0.1,543.14
1790578288.110,0.00,0.000,0.000,0,0,0.0,543.14
1790578288.360,0.00,0.000,0.000,0,0,0.0,543.14
1790578288.610,0.00,0.000,0.000,0,0,0.0,543.14
1790578288.860,0.00,0.000,0.000,0,0,0.0,543.14
1790578289.110,0.00,0.000,0.000,0,0,0.1,543.14
1790578289.360,0.00,0.000,0.000,0,0,0.1,543.14
1790578289.610,0.00,0.000,0.000,0,0,0.0,543.14
1790578289.860,0.00,0.000,0.000,0,0,0.2,543.14
1790578290.110,0.00,0.000,0.000,0,0,0.1,543.14
1790578290.360,0.00,0.000,0.000,0,0,0.5,543.14
1790578290.610,0.00,0.000,0.000,0,0,0.0,543.13
1790578290.860,0.00,0.000,0.000,0,0,0.1,543.13
1790578291.110,0.00,0.000,0.000,0,0,0.1,543.13
1790578291.360,0.00,0.000,0.000,0,0,0.1,543.14
1790578291.610,0.00,0.000,0.000,0,0,0.1,543.13
1790578291.860,0.00,0.000,0.000,0,0,0.2,543.13
1790578292.110,0.00,0.000,0.000,0,0,0.1,543.14
1790578292.360,0.00,0.000,0.000,0,0,0.1,543.14
1790578292.610,0.00,0.000,0.000,0,0,0.0,543.14
1790578292.860,0.00,0.000,0.000,0,0,0.0,543.14
1790578293.110,0.00,0.000,0.000,0,0,0.0,543.14
1790578293.360,0.00,0.000,0.000,0,0,0.0,543.14
1790578293.610,0.00,0.000,0.000,0,0,0.1,543.14
1790578293.860,0.00,0.000,0.000,0,0,0.0,543.14
1790578294.110,0.00,0.000,0.000,0,0,0.3,543.14
1790578294.360,0.00,0.000,0.000,0,0,0.2,543.14
1790578294.610,0.00,0.000,0.000,0,0,0.0,543.14
1790578294.860,0.00,0.000,0.000,0,0,0.1,543.14
1790578295.110,0.00,0.000,0.000,0,0,0.1,543.14
1790578295.360,0.00,0.000,0.000,0,0,0.0,543.14
1790578295.610,0.00,0.000,0.000,0,0,0.0,543.14
1790578295.860,0.00,0.000,0.000,0,0,0.0,543.14
1790578296.110,0.00,0.000,0.000,0,0,0.3,543.14
1790578296.360,0.00,0.000,0.000,0,0,0.1,543.14
1790578296.610,0.00,0.000,0.000,0,0,0.1,543.14
1790578296.860,0.00,0.000,0.000,0,0,0.0,543.14
1790578297.110,0.00,0.000,0.000,0,0,0.4,543.14
1790578297.360,0.00,0.000,0.000,0,0,0.0,543.14
1790578297.610,0.00,0.000,0.000,0,0,0.0,543.14
1790578297.860,0.00,0.000,0.000,0,0,0.0,543.14
1790578298.110,0.00,0.000,0.000,0,0,0.0,543.14
1790578298.360,0.00,0.000,0.000,0,0,0.4,543.14
1790578298.610,0.00,0.000,0.000,0,0,0.0,543.14
1790578298.860,0.00,0.000,0.000,0,0,0.3,543.14
1790578299.110,0.00,0.000,0.000,0,0,0.4,543.14
1790578299.360,0.00,0.000,0.000,0,0,0.1,543.14
1790578299.610,0.00,0.000,0.000,0,0,0.0,543.14
1790578299.860,0.00,0.000,0.000,0,0,0.0,543.14
1790578300.110,0.00,0.000,0.000,0,0,0.2,543.14
1790578300.360,0.00,0.000,0.000,0,0,0.0,543.14
1790578300.610,0.00,0.000,0.000,0,0,0.1,543.14
1790578300.860,0.00,0.000,0.000,0,0,0.0,543.14
1790578301.110,0.00,0.000,0.000,0,0,0.0,543.14
1790578301.360,0.00,0.000,0.000,0,0,0.0,543.14
1790578301.610,0.00,0.000,0.000,0,0,0.0,543.14
1790578301.860,0.00,0.000,0.000,0,0,0.0,543.14
1790578302.110,0.00,0.000,0.000,0,0,0.0,543.14
1790578302.360,0.00,0.000,0.000,0,0,0.0,543.14
1790578302.610,0.00,0.000,0.000,0,0,0.0,543.14
1790578302.860,0.00,0.000,0.000,0,0,0.2,543.14
1790578303.110,0.00,0.000,0.000,0,0,0.0,543.14
1790578303.360,0.00,0.000,0.000,0,0,0.1,543.14
1790578303.610,0.00,0.000,0.000,0,0,0.0,543.14
1790578303.860,0.00,0.000,0.000,0,0,0.0,543.14
1790578304.110,0.00,0.000,0.000,0,0,0.0,543.14
1790578304.360,0.00,0.000,0.000,0,0,0.0,543.14
1790578304.610,0.00,0.000,0.000,0,0,0.1,543.14
1790578304.860,0.00,0.000,0.000,0,0,0.0,543.14
1790578305.110,0.00,0.000,0.000,0,0,0.0,543.14
1790578305.360,0.00,0.000,0.000,0,0,0.0,543.14
1790578305.610,0.00,0.000,0.000,0,0,0.0,543.14
1790578305.860,0.00,0.000,0.000,0,0,0.0,543.14
1790578306.110,0.00,0.000,0.000,0,0,0.1,543.14
1790578306.360,0.00,0.000,0.000,0,0,0.1,543.14
1790578306.610,0.00,0.000,0.000,0,0,0.0,543.14
1790578306.860,0.00,0.000,0.000,0,0,0.1,543.14
1790578307.110,0.00,0.000,0.000,0,0,0.5,543.14
1790578307.360,0.00,0.000,0.000,0,0,0.0,543.14
1790578307.610,0.00,0.000,0.000,0,0,0.0,543.14
1790578307.860,0.00,0.000,0.000,0,0,0.0,543.14
1790578308.110,0.00,0.000,0.000,0,0,0.0,543.14
1790578308.360,0.00,0.000,0.000,0,0,0.0,543.14
1790578308.610,0.00,0.000,0.000,0,0,0.0,543.14
1790578308.860,0.00,0.000,0.000,0,0,0.1,543.14
1790578309.110,0.00,0.000,0.000,0,0,0.1,543.14
1790578309.360,0.00,0.000,0.000,0,0,0.0,543.14
1790578309.610,0.00,0.000,0.000,0,0,0.1,543.14
1790578309.860,0.00,0.000,0.000,0,0,0.4,543.14
1790578310.110,0.00,0.000,0.000,0,0,0.0,543.14
1790578310.360,0.00,0.000,0.000,0,0,0.1,543.14
1790578310.610,0.00,0.000,0.000,0,0,0.0,543.14
1790578310.860,0.00,0.000,0.000,0,0,0.1,543.14
1790578311.110,0.00,0.000,0.000,0,0,0.1,543.14
1790578311.360,0.00,0.000,0.000,0,0,0.1,543.14
1790578311.610,0.00,0.000,0.000,0,0,0.0,543.14
1790578311.860,0.00,0.000,0.000,0,0,0.1,543.14
1790578312.110,0.00,0.000,0.000,0,0,0.0,543.14
1790578312.360,0.00,0.000,0.000,0,0,0.1,543.14
1790578312.610,0.00,0.000,0.000,0,0,0.0,543.14
1790578312.860,0.00,0.000,0.000,0,0,0.1,543.14
1790578313.110,0.00,0.000,0.000,0,0,0.0,543.14
1790578313.360,0.00,0.000,0.000,0,0,0.0,543.14
1790578313.610,0.00,0.000,0.000,0,0,0.0,543.14
1790578313.860,0.00,0.000,0.000,0,0,0.0,543.14
1790578314.110,0.00,0.000,0.000,0,0,0.1,543.14
1790578314.360,0.00,0.000,0.000,0,0,0.0,543.14
1790578314.610,0.00,0.000,0.000,0,0,0.2,543.14
1790578314.860,0.00,0.000,0.000,0,0,0.1,543.14
1790578315.110,0.00,0.000,0.000,0,0,0.0,543.14
1790578315.360,0.00,0.000,0.000,0,0,0.1,543.14
1790578315.610,0.00,0.000,0.000,0,0,0.0,543.14
1790578315.860,0.00,0.000,0.000,0,0,0.3,543.14
1790578316.110,0.00,0.000,0.000,0,0,0.5,543.14
1790578316.360,0.00,0.000,0.000,0,0,0.1,543.14
1790578316.610,0.00,0.000,0.000,0,0,0.0,543.14
1790578316.860,0.00,0.000,0.000,0,0,0.0,543.14
1790578317.110,0.00,0.000,0.000,0,0,0.1,543.14
1790578317.360,0.00,0.000,0.000,0,0,0.0,543.14
1790578317.610,0.00,0.000,0.000,0,0,0.1,543.14
1790578317.860,0.00,0.000,0.000,0,0,0.0,543.14
1790578318.110,0.00,0.000,0.000,0,0,0.3,543.14
1790578318.360,0.00,0.000,0.000,0,0,0.1,543.14
1790578318.610,0.00,0.000,0.000,0,0,0.1,543.14
1790578318.860,0.00,0.000,0.000,0,0,0.1,543.14
1790578319.110,0.00,0.000,0.000,0,0,0.1,543.14
1790578319.360,0.00,0.000,0.000,0,0,0.1,543.14
1790578319.610,0.00,0.000,0.000,0,0,0.1,543.14
1790578319.860,0.00,0.000,0.000,0,0,0.0,543.14
1790578320.110,0.00,0.000,0.000,0,0,0.0,543.14
1790578320.360,0.00,0.000,0.000,0,0,0.4,543.14
1790578320.610,0.00,0.000,0.000,0,0,0.0,543.14
1790578320.860,0.00,0.000,0.000,0,0,0.3,543.14
1790578321.110,0.00,0.000,0.000,0,0,0.0,543.14
1790578321.360,0.00,0.000,0.000,0,0,0.0,543.14
1790578321.610,0.00,0.000,0.000,0,0,0.0,543.14
1790578321.860,0.00,0.000,0.000,0,0,0.2,543.14
1790578322.110,0.00,0.000,0.000,0,0,0.3,543.14
1790578322.360,0.00,0.000,0.000,0,0,0.6,543.14
1790578322.610,0.00,0.000,0.000,0,0,0.1,543.14
1790578322.860,0.00,0.000,0.000,0,0,0.0,543.14
1790578323.110,0.00,0.000,0.000,0,0,0.3,543.14
1790578323.360,0.00,0.000,0.000,0,0,0.0,543.14
1790578323.610,0.00,0.000,0.000,0,0,0.3,543.14
1790578323.860,0.00,0.000,0.000,0,0,0.1,543.14
1790578324.110,0.00,0.000,0.000,0,0,0.1,543.14
1790578324.360,0.00,0.000,0.000,0,0,0.1,543.14
1790578324.610,0.00,0.000,0.000,0,0,0.3,543.14
1790578324.860,0.00,0.000,0.000,0,0,0.2,543.14
1790578325.110,0.00,0.000,0.000,0,0,0.2,543.14
1790578325.360,0.00,0.000,0.000,0,0,0.4,543.14
1790578325.610,0.00,0.000,0.000,0,0,0.1,543.14
1790578325.860,0.00,0.000,0.000,0,0,0.0,543.14
1790578326.110,0.00,0.000,0.000,0,0,0.0,543.14
1790578326.360,0.00,0.000,0.000,0,0,0.0,543.14
1790578326.610,0.00,0.000,0.000,0,0,0.1,543.14
1790578326.860,0.00,0.000,0.000,0,0,0.3,543.14
1790578327.110,0.00,0.000,0.000,0,0,0.0,543.14
1790578327.360,0.00,0.000,0.000,0,0,0.1,543.14
1790578327.610,0.00,0.000,0.000,0,0,0.0,543.14
1790578327.860,0.00,0.000,0.000,0,0,0.0,543.14
1790578328.110,0.00,0.000,0.000,0,0,0.3,543.14
1790578328.360,0.00,0.000,0.000,0,0,0.1,543.14
1790578328.610,0.00,0.000,0.000,0,0,0.0,543.14
1790578328.860,0.00,0.000,0.000,0,0,0.1,543.14
1790578329.110,0.00,0.000,0.000,0,0,0.3,543.14
1790578329.360,0.00,0.000,0.000,0,0,0.0,543.14
1790578329.610,0.00,0.000,0.000,0,0,0.1,543.14
1790578329.860,0.00,0.000,0.000,0,0,0.1,543.14
1790578330.110,0.00,0.000,0.000,0,0,0.0,543.14
1790578330.360,0.00,0.000,0.000,0,0,0.1,543.14
1790578330.610,0.00,0.000,0.000,0,0,0.1,543.14
1790578330.860,0.00,0.000,0.000,0,0,0.0,543.14
1790578331.110,0.00,0.000,0.000,0,0,0.0,543.14
1790578331.360,0.00,0.000,0.000,0,0,0.0,543.14
1790578331.610,0.00,0.000,0.000,0,0,0.1,543.14
1790578331.860,0.00,0.000,0.000,0,0,0.2,543.14
1790578332.110,0.00,0.000,0.000,0,0,0.4,543.14
1790578332.360,0.00,0.000,0.000,0,0,0.0,543.14
1790578332.610,0.00,0.000,0.000,0,0,0.0,543.14
1790578332.860,0.00,0.000,0.000,0,0,0.0,543.14
1790578333.110,0.00,0.000,0.000,0,0,0.0,543.14
1790578333.360,0.00,0.000,0.000,0,0,0.4,543.14
1790578333.610,0.00,0.000,0.000,0,0,0.3,543.14
1790578333.860,0.00,0.000,0.000,0,0,0.1,543.14
1790578334.110,0.00,0.000,0.000,0,0,0.1,543.14
1790578334.360,0.00,0.000,0.000,0,0,0.0,543.14
1790578334.610,0.00,0.000,0.000,0,0,0.1,543.14
1790578334.860,0.00,0.000,0.000,0,0,0.1,543.14
1790578335.110,0.00,0.000,0.000,0,0,0.1,543.14
1790578335.360,0.00,0.000,0.000,0,0,0.0,543.14
1790578335.610,0.00,0.000,0.000,0,0,0.0,543.14
1790578335.860,0.00,0.000,0.000,0,0,0.0,543.14
1790578336.110,0.00,0.000,0.000,0,0,0.1,543.14
1790578336.360,0.00,0.000,0.000,0,0,0.0,543.14
1790578336.610,0.00,0.000,0.000,0,0,0.1,543.14
1790578336.860,0.00,0.000,0.000,0,0,0.1,543.14
1790578337.110,0.00,0.000,0.000,0,0,0.0,543.14
1790578337.360,0.00,0.000,0.000,0,0,0.1,543.14
1790578337.610,0.00,0.000,0.000,0,0,0.0,543.14
1790578337.860,0.00,0.000,0.000,0,0,0.1,543.14
1790578338.110,0.00,0.000,0.000,0,0,0.1,543.14
1790578338.360,0.00,0.000,0.000,0,0,0.0,543.14
1790578338.610,0.00,0.000,0.000,0,0,0.0,543.14
1790578338.860,0.00,0.000,0.000,0,0,0.2,543.14
1790578339.110,0.00,0.000,0.000,0,0,0.1,543.14
1790578339.360,0.00,0.000,0.000,0,0,0.0,543.14
1790578339.610,0.00,0.000,0.000,0,0,0.2,543.14
1790578339.860,0.00,0.000,0.000,0,0,0.1,543.14
1790578340.110,0.00,0.000,0.000,0,0,0.1,543.14
1790578340.360,0.00,0.000,0.000,0,0,0.0,543.14
1790578340.610,0.00,0.000,0.000,0,0,0.1,543.14
1790578340.860,0.00,0.000,0.000,0,0,0.1,543.14
1790578341.110,0.00,0.000,0.000,0,0,0.1,543.14
1790578341.360,0.00,0.000,0.000,0,0,0.1,543.14
1790578341.610,0.00,0.000,0.000,0,0,0.0,543.14
1790578341.860,0.00,0.000,0.000,0,0,0.0,543.14
1790578342.110,0.00,0.000,0.000,0,0,0.0,543.14
1790578342.360,0.00,0.000,0.000,0,0,0.1,543.14
1790578342.610,0.00,0.000,0.000,0,0,0.3,543.14
1790578342.860,0.00,0.000,0.000,0,0,15.1,543.14
1790578343.110,0.00,0.000,0.000,0,0,4.0,543.12
1790578343.360,0.00,0.000,0.000,0,0,0.2,543.12
1790578343.610,0.00,0.000,0.000,0,0,0.0,543.12
1790578343.860,0.00,0.000,0.000,0,0,0.4,543.12
1790578344.110,0.00,0.000,0.000,0,0,0.1,543.12
1790578344.360,0.00,0.000,0.000,0,0,0.0,543.12
1790578344.610,0.00,0.000,0.000,0,0,0.0,543.12
1790578344.860,0.00,0.000,0.000,0,0,0.0,543.12
1790578345.110,0.00,0.000,0.000,0,0,0.6,543.12
1790578345.360,0.00,0.000,0.000,0,0,0.0,543.12
1790578345.610,0.00,0.000,0.000,0,0,0.1,543.12
1790578345.860,0.00,0.000,0.000,0,0,0.0,543.12
1790578346.110,0.00,0.000,0.000,0,0,0.0,543.12
1790578346.360,0.00,0.000,0.000,0,0,0.0,543.12
1790578346.610,0.00,0.000,0.000,0,0,0.0,543.12
1790578346.860,0.00,0.000,0.000,0,0,0.0,543.12
1790578347.110,0.00,0.000,0.000,0,0,0.7,543.12
1790578347.360,0.00,0.000,0.000,0,0,0.0,543.12
1790578347.610,0.00,0.000,0.000,0,0,0.0,543.12
1790578347.860,0.00,0.000,0.000,0,0,0.0,543.12
1790578348.110,0.00,0.000,0.000,0,0,0.1,543.12
1790578348.360,0.00,0.000,0.000,0,0,0.0,543.12
1790578348.610,0.00,0.000,0.000,0,0,0.1,543.12
1790578348.860,0.00,0.000,0.000,0,0,0.0,543.12
1790578349.110,0.00,0.000,0.000,0,0,0.7,543.12
1790578349.360,0.00,0.000,0.000,0,0,0.3,543.12
1790578349.610,0.00,0.000,0.000,0,0,0.0,543.12
1790578349.860,0.00,0.000,0.000,0,0,0.0,543.12
1790578350.110,0.00,0.000,0.000,0,0,0.0,543.12
1790578350.360,0.00,0.000,0.000,0,0,0.0,543.12
1790578350.610,0.00,0.000,0.000,0,0,0.1,543.12
1790578350.860,0.00,0.000,0.000,0,0,0.0,543.12
1790578351.110,0.00,0.000,0.000,0,0,0.2,543.12
1790578351.360,0.00,0.000,0.000,0,0,0.7,543.12
1790578351.610,0.00,0.000,0.000,0,0,0.0,543.12
1790578351.860,0.00,0.000,0.000,0,0,0.0,543.12
1790578352.110,0.00,0.000,0.000,0,0,0.0,543.12
1790578352.360,0.00,0.000,0.000,0,0,0.1,543.12
1790578352.610,0.00,0.000,0.000,0,0,0.1,543.12
1790578352.860,0.00,0.000,0.000,0,0,0.0,543.12
1790578353.110,0.00,0.000,0.000,0,0,0.0,543.12
1790578353.360,0.00,0.000,0.000,0,0,0.0,543.12
1790578353.610,0.00,0.000,0.000,0,0,0.0,543.12
1790578353.860,0.00,0.000,0.000,0,0,0.0,543.12
1790578354.110,0.00,0.000,0.000,0,0,0.0,543.12
1790578354.360,0.00,0.000,0.000,0,0,0.0,543.12
1790578354.610,0.00,0.000,0.000,0,0,0.0,543.12
1790578354.860,0.00,0.000,0.000,0,0,0.0,543.12
1790578355.110,0.00,0.000,0.000,0,0,0.0,543.12
1790578355.360,0.00,0.000,0.000,0,0,0.1,543.12
1790578355.610,0.00,0.000,0.000,0,0,0.0,543.12
1790578355.860,0.00,0.000,0.000,0,0,0.0,543.12
1790578356.110,0.00,0.000,0.000,0,0,0.0,543.12
1790578356.360,0.00,0.000,0.000,0,0,0.0,543.12
1790578356.610,0.00,0.000,0.000,0,0,0.0,543.12
1790578356.860,0.00,0.000,0.000,0,0,0.1,543.12
1790578357.110,0.00,0.000,0.000,0,0,0.0,543.12
1790578357.360,0.00,0.000,0.000,0,0,0.0,543.12
1790578357.610,0.00,0.000,0.000,0,0,0.0,543.12
1790578357.860,0.00,0.000,0.000,0,0,0.0,543.12
1790578358.110,0.00,0.000,0.000,0,0,0.0,543.12
1790578358.360,0.00,0.000,0.000,0,0,0.0,543.12
1790578358.610,0.00,0.000,0.000,0,0,0.0,543.12
1790578358.860,0.00,0.000,0.000,0,0,0.0,543.12
1790578359.110,0.00,0.000,0.000,0,0,0.0,543.12
1790578359.360,0.00,0.000,0.000,0,0,0.0,543.12
1790578359.610,0.00,0.000,0.000,0,0,0.0,543.12
1790578359.860,0.00,0.000,0.000,0,0,0.0,543.12
1790578360.110,0.00,0.000,0.000,0,0,0.0,543.12
1790578360.360,0.00,0.000,0.000,0,0,0.1,543.12
1790578360.610,0.00,0.000,0.000,0,0,0.0,543.12
1790578360.860,0.00,0.000,0.000,0,0,0.1,543.12
1790578361.110,0.00,0.000,0.000,0,0,0.2,543.12
1790578361.360,0.00,0.000,0.000,0,0,0.0,543.12
1790578361.610,0.00,0.000,0.000,0,0,0.4,543.12
1790578361.860,0.00,0.000,0.000,0,0,0.2,543.12
1790578362.110,0.00,0.000,0.000,0,0,0.3,543.12
1790578362.360,0.00,0.000,0.000,0,0,0.0,543.12
1790578362.610,0.00,0.000,0.000,0,0,0.0,543.12
1790578362.860,0.00,0.000,0.000,0,0,0.0,543.12
1790578363.110,0.00,0.000,0.000,0,0,0.1,543.12
1790578363.360,0.00,0.000,0.000,0,0,0.0,543.12
1790578363.610,0.00,0.000,0.000,0,0,0.1,543.12
1790578363.860,0.00,0.000,0.000,0,0,0.0,543.12
1790578364.110,0.00,0.000,0.000,0,0,0.0,543.12
1790578364.360,0.00,0.000,0.000,0,0,0.3,543.12
1790578364.610,0.00,0.000,0.000,0,0,0.0,543.12
1790578364.860,0.00,0.000,0.000,0,0,0.1,543.12
1790578365.110,0.00,0.000,0.000,0,0,0.3,543.12
1790578365.360,0.00,0.000,0.000,0,0,0.0,543.12
1790578365.610,0.00,0.000,0.000,0,0,0.2,543.12
1790578365.860,0.00,0.000,0.000,0,0,0.0,543.12
1790578366.110,0.00,0.000,0.000,0,0,0.0,543.12
1790578366.360,0.00,0.000,0.000,0,0,0.0,543.12
1790578366.610,0.00,0.000,0.000,0,0,0.1,543.12
1790578366.860,0.00,0.000,0.000,0,0,0.1,543.12
1790578367.110,0.00,0.000,0.000,0,0,0.0,543.12
1790578367.360,0.00,0.000,0.000,0,0,0.1,543.12
1790578367.610,0.00,0.000,0.000,0,0,0.0,543.12
1790578367.860,0.00,0.000,0.000,0,0,0.0,543.12
1790578368.110,0.00,0.000,0.000,0,0,0.1,543.12
1790578368.360,0.00,0.000,0.000,0,0,0.0,543.12
1790578368.610,0.00,0.000,0.000,0,0,0.0,543.12
1790578368.860,0.00,0.000,0.000,0,0,0.0,543.12
1790578369.110,0.00,0.000,0.000,0,0,0.1,543.12
1790578369.360,0.00,0.000,0.000,0,0,0.0,543.12
1790578369.610,0.00,0.000,0.000,0,0,0.3,543.12
1790578369.860,0.00,0.000,0.000,0,0,0.0,543.12
1790578370.110,0.00,0.000,0.000,0,0,0.0,543.12
1790578370.360,0.00,0.000,0.000,0,0,0.0,543.12
1790578370.610,0.00,0.000,0.000,0,0,0.1,543.12
1790578370.860,0.00,0.000,0.000,0,0,0.0,543.12
1790578371.110,0.00,0.000,0.000,0,0,0.1,543.12
1790578371.360,0.00,0.000,0.000,0,0,0.0,543.12
1790578371.610,0.00,0.000,0.000,0,0,0.0,543.12
1790578371.860,0.00,0.000,0.000,0,0,0.0,543.12
1790578372.110,0.00,0.000,0.000,0,0,0.0,543.12
1790578372.360,0.00,0.000,0.000,0,0,0.0,543.12
1790578372.610,0.00,0.000,0.000,0,0,0.0,543.12
1790578372.860,0.00,0.000,0.000,0,0,0.0,543.12
1790578373.110,0.00,0.000,0.000,0,0,0.0,543.12
1790578373.360,0.00,0.000,0.000,0,0,0.0,543.12
1790578373.610,0.00,0.000,0.000,0,0,0.0,543.12
1790578373.860,0.00,0.000,0.000,0,0,0.0,543.12
1790578374.110,0.00,0.000,0.000,0,0,0.0,543.12
1790578374.360,0.00,0.000,0.000,0,0,0.0,543.12
1790578374.610,0.00,0.000,0.000,0,0,0.0,543.12
1790578374.860,0.00,0.000,0.000,0,0,0.0,543.12
1790578375.110,0.00,0.000,0.000,0,0,0.0,543.12
1790578375.360,0.00,0.000,0.000,0,0,0.0,543.12
1790578375.610,0.00,0.000,0.000,0,0,0.0,543.12
1790578375.860,0.00,0.000,0.000,0,0,0.1,543.12
1790578376.110,0.00,0.000,0.000,0,0,0.0,543.12
1790578376.360,0.00,0.000,0.000,0,0,0.0,543.12
1790578376.610,0.00,0.000,0.000,0,0,0.0,543.12
1790578376.860,0.00,0.000,0.000,0,0,0.0,543.12
1790578377.110,0.00,0.000,0.000,0,0,0.0,543.12
1790578377.360,0.00,0.000,0.000,0,0,0.2,543.12
1790578377.610,0.00,0.000,0.000,0,0,0.1,543.12
1790578377.860,0.00,0.000,0.000,0,0,0.0,543.12
1790578378.110,0.00,0.000,0.000,0,0,0.1,543.12
1790578378.360,0.00,0.000,0.000,0,0,0.0,543.12
1790578378.610,0.00,0.000,0.000,0,0,0.1,543.12
1790578378.860,0.00,0.000,0.000,0,0,0.0,543.12
1790578379.110,0.00,0.000,0.000,0,0,0.0,543.12
1790578379.360,0.00,0.000,0.000,0,0,0.0,543.12
1790578379.610,0.00,0.000,0.000,0,0,0.2,543.12
1790578379.860,0.00,0.000,0.000,0,0,0.0,543.12
1790578380.110,0.00,0.000,0.000,0,0,0.0,543.12
1790578380.360,0.00,0.000,0.000,0,0,0.1,543.12
1790578380.610,0.00,0.000,0.000,0,0,0.0,543.12
1790578380.860,0.00,0.000,0.000,0,0,0.0,543.12
1790578381.110,0.00,0.000,0.000,0,0,0.1,543.12
1790578381.360,0.00,0.000,0.000,0,0,0.0,543.12
1790578381.610,0.00,0.000,0.000,0,0,0.0,543.12
1790578381.860,0.00,0.000,0.000,0,0,0.0,543.12
1790578382.110,0.00,0.000,0.000,0,0,0.0,543.12
1790578382.360,0.00,0.000,0.000,0,0,0.1,543.12
1790578382.610,0.00,0.000,0.000,0,0,0.3,543.12
1790578382.860,0.00,0.000,0.000,0,0,0.0,543.12
1790578383.110,0.00,0.000,0.000,0,0,0.1,543.12
1790578383.360,0.00,0.000,0.000,0,0,0.0,543.12
1790578383.610,0.00,0.000,0.000,0,0,0.0,543.12
1790578383.860,0.00,0.000,0.000,0,0,0.0,543.12
1790578384.110,0.00,0.000,0.000,0,0,0.0,543.12
1790578384.360,0.00,0.000,0.000,0,0,0.0,543.12
1790578384.610,0.00,0.000,0.000,0,0,0.1,543.12
1790578384.860,0.00,0.000,0.000,0,0,0.2,543.12
1790578385.110,0.00,0.000,0.000,0,0,0.1,543.12
1790578385.360,0.00,0.000,0.000,0,0,0.1,543.12
1790578385.610,0.00,0.000,0.000,0,0,0.0,543.12
1790578385.860,0.00,0.000,0.000,0,0,0.0,543.12
1790578386.110,0.00,0.000,0.000,0,0,0.1,543.12
1790578386.360,0.00,0.000,0.000,0,0,0.1,543.12
1790578386.610,0.00,0.000,0.000,0,0,0.0,543.12
1790578386.860,0.00,0.000,0.000,0,0,0.0,543.12
1790578387.110,0.00,0.000,0.000,0,0,0.0,543.12
1790578387.360,0.00,0.000,0.000,0,0,0.0,543.12
1790578387.610,0.00,0.000,0.000,0,0,0.1,543.12
1790578387.860,0.00,0.000,0.000,0,0,0.0,543.12
1790578388.110,0.00,0.000,0.000,0,0,0.0,543.12
1790578388.360,0.00,0.000,0.000,0,0,0.1,543.12
1790578388.610,0.00,0.000,0.000,0,0,0.1,543.12
1790578388.860,0.00,0.000,0.000,0,0,0.1,543.12
1790578389.110,0.00,0.000,0.000,0,0,0.0,543.12
1790578389.360,0.00,0.000,0.000,0,0,0.0,543.12
1790578389.610,0.00,0.000,0.000,0,0,0.0,543.12
1790578389.860,0.00,0.000,0.000,0,0,0.0,543.12
1790578390.110,0.00,0.000,0.000,0,0,0.0,543.12
1790578390.360,0.00,0.000,0.000,0,0,0.1,543.12
1790578390.610,0.00,0.000,0.000,0,0,0.0,543.12
1790578390.860,0.00,0.000,0.000,0,0,0.0,543.12
1790578391.110,0.00,0.000,0.000,0,0,0.0,543.12
1790578391.360,0.00,0.000,0.000,0,0,0.1,543.12
1790578391.610,0.00,0.000,0.000,0,0,0.0,543.12
1790578391.860,0.00,0.000,0.000,0,0,0.0,543.12
1790578392.110,0.00,0.000,0.000,0,0,0.0,543.12
1790578392.360,0.00,0.000,0.000,0,0,0.0,543.12
1790578392.610,0.00,0.000,0.000,0,0,0.1,543.12
1790578392.860,0.00,0.000,0.000,0,0,0.0,543.12
1790578393.110,0.00,0.000,0.000,0,0,0.1,543.12
1790578393.360,0.00,0.000,0.000,0,0,0.4,543.12
1790578393.610,0.00,0.000,0.000,0,0,0.0,543.12
1790578393.860,0.00,0.000,0.000,0,0,0.0,543.12
1790578394.110,0.00,0.000,0.000,0,0,0.0,543.12
1790578394.360,0.00,0.000,0.000,0,0,0.0,543.12
1790578394.610,0.00,0.000,0.000,0,0,0.0,543.12
1790578394.860,0.00,0.000,0.000,0,0,0.0,543.12
1790578395.110,0.00,0.000,0.000,0,0,0.0,543.12
1790578395.360,0.00,0.000,0.000,0,0,0.0,543.12
1790578395.610,0.00,0.000,0.000,0,0,0.0,543.12
1790578395.860,0.00,0.000,0.000,0,0,0.0,543.12
1790578396.110,0.00,0.000,0.000,0,0,0.0,543.12
1790578396.360,0.00,0.000,0.000,0,0,0.0,543.12
1790578396.610,0.00,0.000,0.000,0,0,0.0,543.12
1790578396.860,0.00,0.000,0.000,0,0,0.0,543.12
1790578397.110,0.00,0.000,0.000,0,0,0.4,543.12
1790578397.360,0.00,0.000,0.000,0,0,0.0,543.12
1790578397.610,0.00,0.000,0.000,0,0,0.0,543.12
1790578397.860,0.00,0.000,0.000,0,0,0.0,543.12
1790578398.110,0.00,0.000,0.000,0,0,0.1,543.12
1790578398.360,0.00,0.000,0.000,0,0,0.0,543.12
1790578398.610,0.00,0.000,0.000,0,0,0.0,543.12
1790578398.860,0.00,0.000,0.000,0,0,0.0,543.12
1790578399.110,0.00,0.000,0.000,0,0,0.0,543.12
1790578399.360,0.00,0.000,0.000,0,0,0.0,543.12
1790578399.610,0.00,0.000,0.000,0,0,0.0,543.12
1790578399.860,0.00,0.000,0.000,0,0,0.0,543.12
1790578400.110,0.00,0.000,0.000,0,0,0.0,543.12
1790578400.360,0.00,0.000,0.000,0,0,0.0,543.12
1790578400.610,0.00,0.000,0.000,0,0,0.0,543.12
1790578400.860,0.00,0.000,0.000,0,0,0.0,543.12
1790578401.110,0.00,0.000,0.000,0,0,0.1,543.12
1790578401.360,0.00,0.000,0.000,0,0,0.0,543.12
1790578401.610,0.00,0.000,0.000,0,0,0.1,543.12
1790578401.860,0.00,0.000,0.000,0,0,0.0,543.12
1790578402.110,0.00,0.000,0.000,0,0,0.0,543.12
1790578402.360,0.00,0.000,0.000,0,0,0.0,543.12
1790578402.610,0.00,0.000,0.000,0,0,0.0,543.12
1790578402.860,0.00,0.000,0.000,0,0,0.0,543.12
1790578403.110,0.00,0.000,0.000,0,0,0.1,543.12
1790578403.360,0.00,0.000,0.000,0,0,0.1,543.12
1790578403.610,0.00,0.000,0.000,0,0,0.4,543.12
1790578403.860,0.00,0.000,0.000,0,0,0.0,543.12
1790578404.110,0.00,0.000,0.000,0,0,0.0,543.12
1790578404.360,0.00,0.000,0.000,0,0,0.1,543.12
1790578404.610,0.00,0.000,0.000,0,0,0.0,543.12
1790578404.860,0.00,0.000,0.000,0,0,0.0,543.12
1790578405.110,0.00,0.000,0.000,0,0,0.0,543.12
1790578405.360,0.00,0.000,0.000,0,0,0.0,543.12
1790578405.610,0.00,0.000,0.000,0,0,0.1,543.12
1790578405.860,0.00,0.000,0.000,0,0,0.0,543.12
1790578406.110,0.00,0.000,0.000,0,0,0.0,543.12
1790578406.360,0.00,0.000,0.000,0,0,0.0,543.12
1790578406.610,0.00,0.000,0.000,0,0,0.0,543.12
1790578406.860,0.00,0.000,0.000,0,0,0.0,543.12
1790578407.110,0.00,0.000,0.000,0,0,0.1,543.12
1790578407.360,0.00,0.000,0.000,0,0,0.1,543.12
1790578407.610,0.00,0.000,0.000,0,0,0.1,543.12
1790578407.860,0.00,0.000,0.000,0,0,0.1,543.12
1790578408.110,0.00,0.000,0.000,0,0,0.0,543.12
1790578408.360,0.00,0.000,0.000,0,0,0.0,543.12
1790578408.610,0.00,0.000,0.000,0,0,0.1,543.12
1790578408.860,0.00,0.000,0.000,0,0,0.0,543.12
1790578409.110,0.00,0.000,0.000,0,0,0.0,543.12
1790578409.360,0.00,0.000,0.000,0,0,0.2,543.12
1790578409.610,0.00,0.000,0.000,0,0,0.0,543.12
1790578409.860,0.00,0.000,0.000,0,0,0.0,543.12
1790578410.110,0.00,0.000,0.000,0,0,0.1,543.12
1790578410.360,0.00,0.000,0.000,0,0,0.0,543.12
1790578410.610,0.00,0.000,0.000,0,0,0.0,543.12
1790578410.860,0.00,0.000,0.000,0,0,0.1,543.12
1790578411.110,0.00,0.000,0.000,0,0,18.7,543.12
1790578411.360,0.00,0.000,0.000,0,0,0.0,543.12
1790578411.610,0.00,0.000,0.000,0,0,0.0,543.12
1790578411.860,0.00,0.000,0.000,0,0,0.0,543.12
1790578412.110,0.00,0.000,0.000,0,0,0.0,543.12
1790578412.360,0.00,0.000,0.000,0,0,0.1,543.12
1790578412.610,0.00,0.000,0.000,0,0,0.0,543.12
1790578412.860,0.00,0.000,0.000,0,0,0.1,543.12
1790578413.110,0.00,0.000,0.000,0,0,0.0,543.12
1790578413.360,0.00,0.000,0.000,0,0,0.1,543.12
1790578413.610,0.00,0.000,0.000,0,0,0.4,543.12
1790578413.860,0.00,0.000,0.000,0,0,0.0,543.12
1790578414.110,0.00,0.000,0.000,0,0,0.0,543.12
1790578414.360,0.00,0.000,0.000,0,0,0.0,543.12
1790578414.610,0.00,0.000,0.000,0,0,0.0,543.12
1790578414.860,0.00,0.000,0.000,0,0,0.0,543.12
1790578415.110,0.00,0.000,0.000,0,0,0.0,543.12
1790578415.360,0.00,0.000,0.000,0,0,0.0,543.12
1790578415.610,0.00,0.000,0.000,0,0,0.0,543.12
1790578415.860,0.00,0.000,0.000,0,0,0.0,543.12
1790578416.110,0.00,0.000,0.000,0,0,0.0,543.12
1790578416.360,0.00,0.000,0.000,0,0,0.0,543.12
1790578416.610,0.00,0.000,0.000,0,0,0.0,543.12
1790578416.860,0.00,0.000,0.000,0,0,0.0,543.12
1790578417.110,0.00,0.000,0.000,0,0,0.0,543.12
1790578417.360,0.00,0.000,0.000,0,0,0.1,543.12
1790578417.610,0.00,0.000,0.000,0,0,0.0,543.12
1790578417.860,0.00,0.000,0.000,0,0,0.0,543.12
1790578418.110,0.00,0.000,0.000,0,0,0.0,543.12
1790578418.360,0.00,0.000,0.000,0,0,0.1,543.12
1790578418.610,0.00,0.000,0.000,0,0,0.1,543.12
1790578418.860,0.00,0.000,0.000,0,0,0.0,543.12
1790578419.110,0.00,0.000,0.000,0,0,0.0,543.12
1790578419.360,0.00,0.000,0.000,0,0,0.1,543.12
1790578419.610,0.00,0.000,0.000,0,0,0.0,543.12
1790578419.860,0.00,0.000,0.000,0,0,0.1,543.12
1790578420.110,0.00,0.000,0.000,0,0,0.1,543.12
1790578420.360,0.00,0.000,0.000,0,0,0.0,543.12
1790578420.610,0.00,0.000,0.000,0,0,0.1,543.12
1790578420.860,0.00,0.000,0.000,0,0,0.0,543.12
1790578421.110,0.00,0.000,0.000,0,0,0.0,543.12
1790578421.360,0.00,0.000,0.000,0,0,0.1,543.12
1790578421.610,0.00,0.000,0.000,0,0,0.0,543.12
1790578421.860,0.00,0.000,0.000,0,0,0.0,543.12
1790578422.110,0.00,0.000,0.000,0,0,0.0,543.12
1790578422.360,0.00,0.000,0.000,0,0,0.4,543.12
1790578422.610,0.00,0.000,0.000,0,0,0.0,543.12
1790578422.860,0.00,0.000,0.000,0,0,0.0,543.12
1790578423.110,0.00,0.000,0.000,0,0,0.0,543.12
1790578423.360,0.00,0.000,0.000,0,0,0.0,543.12
1790578423.610,0.00,0.000,0.000,0,0,0.3,543.12
1790578423.860,0.00,0.000,0.000,0,0,0.0,543.12
1790578424.110,0.00,0.000,0.000,0,0,0.0,543.12
1790578424.360,0.00,0.000,0.000,0,0,0.0,543.12
1790578424.610,0.00,0.000,0.000,0,0,0.1,543.12
1790578424.860,0.00,0.000,0.000,0,0,0.0,543.12
1790578425.110,0.00,0.000,0.000,0,0,0.0,543.12
1790578425.360,0.00,0.000,0.000,0,0,0.0,543.12
1790578425.610,0.00,0.000,0.000,0,0,0.0,543.12
1790578425.860,0.00,0.000,0.000,0,0,0.0,543.12
1790578426.110,0.00,0.000,0.000,0,0,0.0,543.12
1790578426.360,0.00,0.000,0.000,0,0,0.0,543.12
1790578426.610,0.00,0.000,0.000,0,0,0.0,543.12
1790578426.860,0.00,0.000,0.000,0,0,0.0,543.12
1790578427.110,0.00,0.000,0.000,0,0,0.0,543.12
1790578427.360,0.00,0.000,0.000,0,0,0.0,543.12
1790578427.610,0.00,0.000,0.000,0,0,0.0,543.12
1790578427.860,0.00,0.000,0.000,0,0,0.1,543.12
1790578428.110,0.00,0.000,0.000,0,0,0.0,543.12
1790578428.360,0.00,0.000,0.000,0,0,0.1,543.12
1790578428.610,0.00,0.000,0.000,0,0,0.1,543.12
1790578428.860,0.00,0.000,0.000,0,0,0.0,543.12
1790578429.110,0.00,0.000,0.000,0,0,0.0,543.12
1790578429.360,0.00,0.000,0.000,0,0,0.0,543.12
1790578429.610,0.00,0.000,0.000,0,0,0.1,543.12
1790578429.860,0.00,0.000,0.000,0,0,0.0,543.12
1790578430.110,0.00,0.000,0.000,0,0,0.0,543.12
1790578430.360,0.00,0.000,0.000,0,0,0.0,543.12
1790578430.610,0.00,0.000,0.000,0,0,0.1,543.12
1790578430.860,0.00,0.000,0.000,0,0,0.0,543.12
1790578431.110,0.00,0.000,0.000,0,0,0.0,543.12
1790578431.360,0.00,0.000,0.000,0,0,0.0,543.12
1790578431.610,0.00,0.000,0.000,0,0,0.0,543.12
1790578431.860,0.00,0.000,0.000,0,0,0.0,543.12
1790578432.110,0.00,0.000,0.000,0,0,0.3,543.12
1790578432.360,0.00,0.000,0.000,0,0,0.0,543.12
1790578432.610,0.00,0.000,0.000,0,0,0.1,543.12
1790578432.860,0.00,0.000,0.000,0,0,0.0,543.12
1790578433.110,0.00,0.000,0.000,0,0,0.0,543.12
1790578433.360,0.00,0.000,0.000,0,0,0.0,543.12
1790578433.610,0.00,0.000,0.000,0,0,0.0,543.12
1790578433.860,0.00,0.000,0.000,0,0,0.0,543.12
1790578434.110,0.00,0.000,0.000,0,0,0.0,543.12
1790578434.360,0.00,0.000,0.000,0,0,0.0,543.12
1790578434.610,0.00,0.000,0.000,0,0,0.0,543.12
1790578434.860,0.00,0.000,0.000,0,0,0.0,543.12
1790578435.110,0.00,0.000,0.000,0,0,0.0,543.12
1790578435.360,0.00,0.000,0.000,0,0,0.0,543.12
1790578435.610,0.00,0.000,0.000,0,0,0.0,543.12
1790578435.860,0.00,0.000,0.000,0,0,0.0,543.12
1790578436.110,0.00,0.000,0.000,0,0,0.0,543.12
1790578436.360,0.00,0.000,0.000,0,0,0.0,543.12
1790578436.610,0.00,0.000,0.000,0,0,0.1,543.12
1790578436.860,0.00,0.000,0.000,0,0,0.0,543.12
1790578437.110,0.00,0.000,0.000,0,0,0.0,543.12
1790578437.360,0.00,0.000,0.000,0,0,0.0,543.12
1790578437.610,0.00,0.000,0.000,0,0,0.0,543.12
1790578437.860,0.00,0.000,0.000,0,0,0.0,543.12
1790578438.110,0.00,0.000,0.000,0,0,0.0,543.12
1790578438.360,0.00,0.000,0.000,0,0,0.0,543.12
1790578438.610,0.00,0.000,0.000,0,0,0.0,543.12
1790578438.860,0.00,0.000,0.000,0,0,0.0,543.12
1790578439.110,0.00,0.000,0.000,0,0,0.0,543.12
1790578439.360,0.00,0.000,0.000,0,0,0.0,543.12
1790578439.610,0.00,0.000,0.000,0,0,0.0,543.12
1790578439.860,0.00,0.000,0.000,0,0,0.0,543.12
1790578440.110,0.00,0.000,0.000,0,0,0.0,543.12
1790578440.360,0.00,0.000,0.000,0,0,0.0,543.12
1790578440.610,0.00,0.000,0.000,0,0,0.1,543.12
1790578440.860,0.00,0.000,0.000,0,0,0.3,543.12
1790578441.110,0.00,0.000,0.000,0,0,0.0,543.12
1790578441.360,0.00,0.000,0.000,0,0,0.0,543.12
1790578441.610,0.00,0.000,0.000,0,0,0.1,543.12
1790578441.860,0.00,0.000,0.000,0,0,0.0,543.12
1790578442.110,0.00,0.000,0.000,0,0,0.0,543.12
1790578442.360,0.00,0.000,0.000,0,0,0.0,543.12
1790578442.610,0.00,0.000,0.000,0,0,0.3,543.12
1790578442.860,0.00,0.000,0.000,0,0,0.2,543.12
1790578443.110,0.00,0.000,0.000,0,0,0.0,543.12
1790578443.360,0.00,0.000,0.000,0,0,0.1,543.12
1790578443.610,0.00,0.000,0.000,0,0,0.0,543.12
1790578443.860,0.00,0.000,0.000,0,0,0.0,543.12
1790578444.110,0.00,0.000,0.000,0,0,0.3,543.12
1790578444.360,0.00,0.000,0.000,0,0,0.0,543.12
1790578444.610,0.00,0.000,0.000,0,0,0.3,543.12
1790578444.860,0.00,0.000,0.000,0,0,0.1,543.12
1790578445.110,0.00,0.000,0.000,0,0,0.0,543.12
1790578445.360,0.00,0.000,0.000,0,0,0.0,543.12
1790578445.610,0.00,0.000,0.000,0,0,0.1,543.12
1790578445.860,0.00,0.000,0.000,0,0,0.0,543.12
1790578446.110,0.00,0.000,0.000,0,0,0.1,543.12
1790578446.360,0.00,0.000,0.000,0,0,0.0,543.12
1790578446.610,0.00,0.000,0.000,0,0,0.0,543.12
1790578446.860,0.00,0.000,0.000,0,0,0.1,543.12
1790578447.110,0.00,0.000,0.000,0,0,0.0,543.12
1790578447.360,0.00,0.000,0.000,0,0,0.1,543.12
1790578447.610,0.00,0.000,0.000,0,0,0.0,543.12
1790578447.860,0.00,0.000,0.000,0,0,0.0,543.12
1790578448.110,0.00,0.000,0.000,0,0,0.1,543.12
1790578448.360,0.00,0.000,0.000,0,0,0.4,543.12
1790578448.610,0.00,0.000,0.000,0,0,0.4,543.12
1790578448.860,0.00,0.000,0.000,0,0,0.2,543.12
1790578449.110,0.00,0.000,0.000,0,0,0.0,543.12
1790578449.360,0.00,0.000,0.000,0,0,0.5,543.12
1790578449.610,0.00,0.000,0.000,0,0,0.1,543.12
1790578449.860,0.00,0.000,0.000,0,0,0.0,543.12
1790578450.110,0.00,0.000,0.000,0,0,0.0,543.12
1790578450.360,0.00,0.000,0.000,0,0,0.2,543.12
1790578450.610,0.00,0.000,0.000,0,0,0.1,543.12
1790578450.860,0.00,0.000,0.000,0,0,0.1,543.12
1790578451.110,0.00,0.000,0.000,0,0,0.3,543.12
1790578451.360,0.00,0.000,0.000,0,0,0.0,543.12
1790578451.610,0.00,0.000,0.000,0,0,0.3,543.12
1790578451.860,0.00,0.000,0.000,0,0,0.0,543.12
1790578452.110,0.00,0.000,0.000,0,0,0.2,543.12
1790578452.360,0.00,0.000,0.000,0,0,0.1,543.12
1790578452.610,0.00,0.000,0.000,0,0,0.0,543.12
1790578452.860,0.00,0.000,0.000,0,0,0.1,543.12
1790578453.110,0.00,0.000,0.000,0,0,0.0,543.12
1790578453.360,0.00,0.000,0.000,0,0,0.0,543.12
1790578453.610,0.00,0.000,0.000,0,0,0.0,543.12
1790578453.860,0.00,0.000,0.000,0,0,0.0,543.12
1790578454.110,0.00,0.000,0.000,0,0,0.1,543.12
1790578454.360,0.00,0.000,0.000,0,0,0.1,543.12
1790578454.610,0.00,0.000,0.000,0,0,0.1,543.12
1790578454.860,0.00,0.000,0.000,0,0,0.1,543.12
1790578455.110,0.00,0.000,0.000,0,0,0.1,543.12
1790578455.360,0.00,0.000,0.000,0,0,0.0,543.12
1790578455.610,0.00,0.000,0.000,0,0,0.1,543.12
1790578455.860,0.00,0.000,0.000,0,0,0.1,543.12
1790578456.110,0.00,0.000,0.000,0,0,0.1,543.12
1790578456.360,0.00,0.000,0.000,0,0,0.1,543.12
1790578456.610,0.00,0.000,0.000,0,0,0.0,543.12
1790578456.860,0.00,0.000,0.000,0,0,0.4,543.12
1790578457.110,0.00,0.000,0.000,0,0,0.0,543.12
1790578457.360,0.00,0.000,0.000,0,0,0.0,543.12
1790578457.610,0.00,0.000,0.000,0,0,0.3,543.12
1790578457.860,0.00,0.000,0.000,0,0,0.0,543.12
1790578458.110,0.00,0.000,0.000,0,0,0.0,543.12
1790578458.360,0.00,0.000,0.000,0,0,0.0,543.13
1790578458.610,0.00,0.000,0.000,0,0,0.0,543.13
1790578458.860,0.00,0.000,0.000,0,0,0.1,543.13
1790578459.110,0.00,0.000,0.000,0,0,0.0,543.13
1790578459.360,0.00,0.000,0.000,0,0,0.2,543.13
1790578459.610,0.00,0.000,0.000,0,0,0.1,543.13
1790578459.860,0.00,0.000,0.000,0,0,0.1,543.13
1790578460.110,0.00,0.000,0.000,0,0,0.1,543.13
1790578460.360,0.00,0.000,0.000,0,0,0.0,543.13
1790578460.610,0.00,0.000,0.000,0,0,0.0,543.13
1790578460.860,0.00,0.000,0.000,0,0,0.0,543.13
1790578461.110,0.00,0.000,0.000,0,0,0.3,543.13
1790578461.360,0.00,0.000,0.000,0,0,0.0,543.13
1790578461.610,0.00,0.000,0.000,0,0,0.0,543.13
1790578461.860,0.00,0.000,0.000,0,0,0.1,543.13
1790578462.110,0.00,0.000,0.000,0,0,0.0,543.13
1790578462.360,0.00,0.000,0.000,0,0,0.0,543.13
1790578462.610,0.00,0.000,0.000,0,0,0.1,543.13
1790578462.860,0.00,0.000,0.000,0,0,0.1,543.13
1790578463.110,0.00,0.000,0.000,0,0,0.1,543.13
1790578463.360,0.00,0.000,0.000,0,0,0.0,543.13
1790578463.610,0.00,0.000,0.000,0,0,0.0,543.13
1790578463.860,0.00,0.000,0.000,0,0,0.0,543.13
1790578464.110,0.00,0.000,0.000,0,0,0.0,543.13
1790578464.360,0.00,0.000,0.000,0,0,0.0,543.13
1790578464.610,0.00,0.000,0.000,0,0,0.0,543.13
1790578464.860,0.00,0.000,0.000,0,0,0.2,543.13
1790578465.110,0.00,0.000,0.000,0,0,0.0,543.13
1790578465.360,0.00,0.000,0.000,0,0,0.0,543.13
1790578465.610,0.00,0.000,0.000,0,0,0.1,543.13
1790578465.860,0.00,0.000,0.000,0,0,0.4,543.13
1790578466.110,0.00,0.000,0.000,0,0,0.4,543.13
1790578466.360,0.00,0.000,0.000,0,0,0.0,543.13
1790578466.610,0.00,0.000,0.000,0,0,0.0,543.13
1790578466.860,0.00,0.000,0.000,0,0,0.1,543.13
1790578467.110,0.00,0.000,0.000,0,0,0.1,543.13
1790578467.360,0.00,0.000,0.000,0,0,0.0,543.13
1790578467.610,0.00,0.000,0.000,0,0,0.3,543.13
1790578467.860,0.00,0.000,0.000,0,0,0.2,543.13
1790578468.110,0.00,0.000,0.000,0,0,0.0,543.13
1790578468.360,0.00,0.000,0.000,0,0,0.2,543.13
1790578468.610,0.00,0.000,0.000,0,0,0.1,543.13
1790578468.860,0.00,0.000,0.000,0,0,0.1,543.13
1790578469.110,0.00,0.000,0.000,0,0,0.0,543.13
1790578469.360,0.00,0.000,0.000,0,0,11.6,543.13
1790578469.610,0.00,0.000,0.000,0,0,0.0,543.13
1790578469.860,0.00,0.000,0.000,0,0,0.0,543.13
1790578470.110,0.00,0.000,0.000,0,0,0.0,543.13
1790578470.360,0.00,0.000,0.000,0,0,0.0,543.13
1790578470.610,0.00,0.000,0.000,0,0,0.0,543.13
1790578470.860,0.00,0.000,0.000,0,0,0.0,543.13
1790578471.110,0.00,0.000,0.000,0,0,0.1,543.13
1790578471.360,0.00,0.000,0.000,0,0,0.0,543.13
1790578471.610,0.00,0.000,0.000,0,0,0.1,543.13
1790578471.860,0.00,0.000,0.000,0,0,0.0,543.13
1790578472.110,0.00,0.000,0.000,0,0,0.0,543.13
1790578472.360,0.00,0.000,0.000,0,0,0.0,543.13
1790578472.610,0.00,0.000,0.000,0,0,0.1,543.13
1790578472.860,0.00,0.000,0.000,0,0,0.0,543.13
1790578473.110,0.00,0.000,0.000,0,0,0.1,543.13
1790578473.360,0.00,0.000,0.000,0,0,0.1,543.13
1790578473.610,0.00,0.000,0.000,0,0,0.1,543.13
1790578473.860,0.00,0.000,0.000,0,0,0.0,543.13
1790578474.110,0.00,0.000,0.000,0,0,0.1,543.13
1790578474.360,0.00,0.000,0.000,0,0,0.2,543.13
1790578474.610,0.00,0.000,0.000,0,0,0.0,543.13
1790578474.860,0.00,0.000,0.000,0,0,0.3,543.13
1790578475.110,0.00,0.000,0.000,0,0,0.1,543.13
1790578475.360,0.00,0.000,0.000,0,0,0.0,543.13
1790578475.610,0.00,0.000,0.000,0,0,0.1,543.13
1790578475.860,0.00,0.000,0.000,0,0,0.0,543.13
1790578476.110,0.00,0.000,0.000,0,0,0.0,543.13
1790578476.360,0.00,0.000,0.000,0,0,0.1,543.13
1790578476.610,0.00,0.000,0.000,0,0,0.1,543.13
1790578476.860,0.00,0.000,0.000,0,0,0.1,543.13
1790578477.110,0.00,0.000,0.000,0,0,0.0,543.13
1790578477.360,0.00,0.000,0.000,0,0,0.0,543.13
1790578477.610,0.00,0.000,0.000,0,0,0.0,543.13
1790578477.860,0.00,0.000,0.000,0,0,0.2,543.13
1790578478.110,0.00,0.000,0.000,0,0,0.0,543.13
1790578478.360,0.00,0.000,0.000,0,0,0.0,543.13
1790578478.610,0.00,0.000,0.000,0,0,0.0,543.13
1790578478.860,0.00,0.000,0.000,0,0,0.0,543.13
1790578479.110,0.00,0.000,0.000,0,0,0.2,543.13
1790578479.360,0.00,0.000,0.000,0,0,0.0,543.13
1790578479.610,0.00,0.000,0.000,0,0,0.0,543.13
1790578479.860,0.00,0.000,0.000,0,0,0.0,543.13
1790578480.110,0.00,0.000,0.000,0,0,0.0,543.13
1790578480.360,0.00,0.000,0.000,0,0,0.0,543.13
1790578480.610,0.00,0.000,0.000,0,0,0.1,543.13
1790578480.860,0.00,0.000,0.000,0,0,0.1,543.13
1790578481.110,0.00,0.000,0.000,0,0,0.3,543.13
1790578481.360,0.00,0.000,0.000,0,0,0.2,543.13
1790578481.610,0.00,0.000,0.000,0,0,0.0,543.13
1790578481.860,0.00,0.000,0.000,0,0,0.0,543.13
1790578482.110,0.00,0.000,0.000,0,0,0.0,543.13
1790578482.360,0.00,0.000,0.000,0,0,0.0,543.13
1790578482.610,0.00,0.000,0.000,0,0,0.3,543.13
1790578482.860,0.00,0.000,0.000,0,0,0.4,543.13
1790578483.110,0.00,0.000,0.000,0,0,0.0,543.13
1790578483.360,0.00,0.000,0.000,0,0,0.1,543.13
1790578483.610,0.00,0.000,0.000,0,0,0.1,543.13
1790578483.860,0.00,0.000,0.000,0,0,0.0,543.13
1790578484.110,0.00,0.000,0.000,0,0,0.1,543.13
1790578484.360,0.00,0.000,0.000,0,0,0.0,543.13
1790578484.610,0.00,0.000,0.000,0,0,0.2,543.13
1790578484.860,0.00,0.000,0.000,0,0,0.0,543.13
1790578485.110,0.00,0.000,0.000,0,0,0.1,543.13
1790578485.360,0.00,0.000,0.000,0,0,0.1,543.13
1790578485.610,0.00,0.000,0.000,0,0,0.0,543.13
1790578485.860,0.00,0.000,0.000,0,0,0.0,543.13
1790578486.110,0.00,0.000,0.000,0,0,0.0,543.13
1790578486.360,0.00,0.000,0.000,0,0,0.0,543.13
1790578486.610,0.00,0.000,0.000,0,0,0.0,543.13
1790578486.860,0.00,0.000,0.000,0,0,0.1,543.13
1790578487.110,0.00,0.000,0.000,0,0,0.0,543.13
1790578487.360,0.00,0.000,0.000,0,0,0.3,543.13
1790578487.610,0.00,0.000,0.000,0,0,0.1,543.13
1790578487.860,0.00,0.000,0.000,0,0,0.0,543.13
1790578488.110,0.00,0.000,0.000,0,0,0.1,543.13
1790578488.360,0.00,0.000,0.000,0,0,0.0,543.13
1790578488.610,0.00,0.000,0.000,0,0,0.0,543.13
1790578488.860,0.00,0.000,0.000,0,0,0.0,543.13
1790578489.110,0.00,0.000,0.000,0,0,0.1,543.13
1790578489.360,0.00,0.000,0.000,0,0,0.0,543.13
1790578489.610,0.00,0.000,0.000,0,0,0.1,543.13
1790578489.860,0.00,0.000,0.000,0,0,0.0,543.13
1790578490.110,0.00,0.000,0.000,0,0,0.1,543.13
1790578490.360,0.00,0.000,0.000,0,0,0.5,543.13
1790578490.610,0.00,0.000,0.000,0,0,0.2,543.13
1790578490.860,0.00,0.000,0.000,0,0,0.0,543.13
1790578491.110,0.00,0.000,0.000,0,0,0.0,543.13
1790578491.360,0.00,0.000,0.000,0,0,0.1,543.13
1790578491.610,0.00,0.000,0.000,0,0,0.0,543.13
1790578491.860,0.00,0.000,0.000,0,0,0.0,543.13
1790578492.110,0.00,0.000,0.000,0,0,0.0,543.13
1790578492.360,0.00,0.000,0.000,0,0,0.0,543.13
1790578492.610,0.00,0.000,0.000,0,0,0.3,543.13
1790578492.860,0.00,0.000,0.000,0,0,0.0,543.13
1790578493.110,0.00,0.000,0.000,0,0,0.0,543.13
1790578493.360,0.00,0.000,0.000,0,0,0.0,543.13
1790578493.610,0.00,0.000,0.000,0,0,0.1,543.13
1790578493.860,0.00,0.000,0.000,0,0,0.0,543.13
1790578494.110,0.00,0.000,0.000,0,0,0.2,543.13
1790578494.360,0.00,0.000,0.000,0,0,0.0,543.13
1790578494.610,0.00,0.000,0.000,0,0,0.1,543.13
1790578494.860,0.00,0.000,0.000,0,0,0.0,543.13
1790578495.110,0.00,0.000,0.000,0,0,0.2,543.13
1790578495.360,0.00,0.000,0.000,0,0,0.0,543.13
1790578495.610,0.00,0.000,0.000,0,0,0.0,543.13
1790578495.860,0.00,0.000,0.000,0,0,0.0,543.13
1790578496.110,0.00,0.000,0.000,0,0,0.1,543.13
1790578496.360,0.00,0.000,0.000,0,0,0.0,543.13
1790578496.610,0.00,0.000,0.000,0,0,0.0,543.13
1790578496.860,0.00,0.000,0.000,0,0,0.1,543.13
1790578497.110,0.00,0.000,0.000,0,0,0.1,543.13
1790578497.360,0.00,0.000,0.000,0,0,0.0,543.13
1790578497.610,0.00,0.000,0.000,0,0,0.2,543.13
1790578497.860,0.00,0.000,0.000,0,0,0.0,543.13
1790578498.110,0.00,0.000,0.000,0,0,0.1,543.13
1790578498.360,0.00,0.000,0.000,0,0,0.0,543.13
1790578498.610,0.00,0.000,0.000,0,0,0.0,543.13
1790578498.860,0.00,0.000,0.000,0,0,0.4,543.13
1790578499.110,0.00,0.000,0.000,0,0,0.3,543.13
1790578499.360,0.00,0.000,0.000,0,0,0.1,543.13
1790578499.610,0.00,0.000,0.000,0,0,0.1,543.13
1790578499.860,0.00,0.000,0.000,0,0,0.0,543.13
1790578500.110,0.00,0.000,0.000,0,0,0.1,543.13
1790578500.360,0.00,0.000,0.000,0,0,0.0,543.13
1790578500.610,0.00,0.000,0.000,0,0,0.3,543.13
1790578500.860,0.00,0.000,0.000,0,0,0.4,543.13
1790578501.110,0.00,0.000,0.000,0,0,0.0,543.13
1790578501.360,0.00,0.000,0.000,0,0,0.0,543.13
1790578501.610,0.00,0.000,0.000,0,0,0.1,543.13
1790578501.860,0.00,0.000,0.000,0,0,0.0,543.13
1790578502.110,0.00,0.000,0.000,0,0,0.0,543.13
1790578502.360,0.00,0.000,0.000,0,0,0.0,543.13
1790578502.610,0.00,0.000,0.000,0,0,0.4,543.13
1790578502.860,0.00,0.000,0.000,0,0,0.1,543.13
1790578503.110,0.00,0.000,0.000,0,0,0.0,543.13
1790578503.360,0.00,0.000,0.000,0,0,0.0,543.13
1790578503.610,0.00,0.000,0.000,0,0,0.1,543.13
1790578503.860,0.00,0.000,0.000,0,0,0.0,543.13
1790578504.110,0.00,0.000,0.000,0,0,0.0,543.13
1790578504.360,0.00,0.000,0.000,0,0,0.0,543.13
1790578504.610,0.00,0.000,0.000,0,0,0.0,543.13
1790578504.860,0.00,0.000,0.000,0,0,0.0,543.13
1790578505.110,0.00,0.000,0.000,0,0,0.1,543.13
1790578505.360,0.00,0.000,0.000,0,0,0.0,543.13
1790578505.610,0.00,0.000,0.000,0,0,0.0,543.13
1790578505.860,0.00,0.000,0.000,0,0,0.0,543.13
1790578506.110,0.00,0.000,0.000,0,0,0.0,543.13
1790578506.360,0.00,0.000,0.000,0,0,0.0,543.13
1790578506.610,0.00,0.000,0.000,0,0,0.1,543.13
1790578506.860,0.00,0.000,0.000,0,0,0.0,543.13
1790578507.110,0.00,0.000,0.000,0,0,0.2,543.13
1790578507.360,0.00,0.000,0.000,0,0,0.0,543.13
1790578507.610,0.00,0.000,0.000,0,0,0.4,543.13
1790578507.860,0.00,0.000,0.000,0,0,0.0,543.13
1790578508.110,0.00,0.000,0.000,0,0,0.0,543.13
1790578508.360,0.00,0.000,0.000,0,0,0.0,543.13
1790578508.610,0.00,0.000,0.000,0,0,0.1,543.13
1790578508.860,0.00,0.000,0.000,0,0,0.0,543.13
1790578509.110,0.00,0.000,0.000,0,0,0.0,543.13
1790578509.360,0.00,0.000,0.000,0,0,0.0,543.13
1790578509.610,0.00,0.000,0.000,0,0,0.1,543.13
1790578509.860,0.00,0.000,0.000,0,0,0.1,543.13
1790578510.110,0.00,0.000,0.000,0,0,0.0,543.13
1790578510.360,0.00,0.000,0.000,0,0,0.0,543.13
1790578510.610,0.00,0.000,0.000,0,0,0.0,543.13
1790578510.860,0.00,0.000,0.000,0,0,0.1,543.13
1790578511.110,0.00,0.000,0.000,0,0,0.1,543.13
1790578511.360,0.00,0.000,0.000,0,0,0.0,543.13
1790578511.610,0.00,0.000,0.000,0,0,0.1,543.13
1790578511.860,0.00,0.000,0.000,0,0,0.0,543.13
1790578512.110,0.00,0.000,0.000,0,0,0.0,543.13
1790578512.360,0.00,0.000,0.000,0,0,0.0,543.13
1790578512.610,0.00,0.000,0.000,0,0,0.1,543.13
1790578512.860,0.00,0.000,0.000,0,0,0.0,543.13
1790578513.110,0.00,0.000,0.000,0,0,0.1,543.13
1790578513.360,0.00,0.000,0.000,0,0,0.0,543.13
1790578513.610,0.00,0.000,0.000,0,0,0.0,543.13
1790578513.860,0.00,0.000,0.000,0,0,0.0,543.13
1790578514.110,0.00,0.000,0.000,0,0,0.0,543.13
1790578514.360,0.00,0.000,0.000,0,0,0.0,543.13
1790578514.610,0.00,0.000,0.000,0,0,0.0,543.13
1790578514.860,0.00,0.000,0.000,0,0,0.0,543.13
1790578515.110,0.00,0.000,0.000,0,0,0.1,543.13
1790578515.360,0.00,0.000,0.000,0,0,0.0,543.13
1790578515.610,0.00,0.000,0.000,0,0,0.0,543.13
1790578515.860,0.00,0.000,0.000,0,0,0.0,543.13
1790578516.110,0.00,0.000,0.000,0,0,0.1,543.13
1790578516.360,0.00,0.000,0.000,0,0,0.0,543.13
1790578516.610,0.00,0.000,0.000,0,0,0.0,543.13
1790578516.860,0.00,0.000,0.000,0,0,0.4,543.13
1790578517.110,0.00,0.000,0.000,0,0,0.1,543.13
1790578517.360,0.00,0.000,0.000,0,0,0.0,543.13
1790578517.610,0.00,0.000,0.000,0,0,0.0,543.13
1790578517.860,0.00,0.000,0.000,0,0,0.0,543.13
1790578518.110,0.00,0.000,0.000,0,0,0.0,543.13
1790578518.360,0.00,0.000,0.000,0,0,0.0,543.13
1790578518.610,0.00,0.000,0.000,0,0,0.0,543.13
1790578518.860,0.00,0.000,0.000,0,0,0.0,543.13
1790578519.110,0.00,0.000,0.000,0,0,0.0,543.13
1790578519.360,0.00,0.000,0.000,0,0,0.0,543.13
1790578519.610,0.00,0.000,0.000,0,0,0.1,543.13
1790578519.860,0.00,0.000,0.000,0,0,0.0,543.13
1790578520.110,0.00,0.000,0.000,0,0,0.1,543.13
1790578520.360,0.00,0.000,0.000,0,0,0.1,543.13
1790578520.610,0.00,0.000,0.000,0,0,0.4,543.13
1790578520.860,0.00,0.000,0.000,0,0,0.1,543.13
1790578521.110,0.00,0.000,0.000,0,0,0.1,543.13
1790578521.360,0.00,0.000,0.000,0,0,0.0,543.13
1790578521.610,0.00,0.000,0.000,0,0,0.1,543.13
1790578521.860,0.00,0.000,0.000,0,0,0.1,543.13
1790578522.110,0.00,0.000,0.000,0,0,0.1,543.13
1790578522.360,0.00,0.000,0.000,0,0,0.0,543.13
1790578522.610,0.00,0.000,0.000,0,0,0.0,543.13
1790578522.860,0.00,0.000,0.000,0,0,0.1,543.13
1790578523.110,0.00,0.000,0.000,0,0,0.0,543.13
1790578523.360,0.00,0.000,0.000,0,0,0.1,543.13
1790578523.610,0.00,0.000,0.000,0,0,0.0,543.13
1790578523.860,0.00,0.000,0.000,0,0,0.0,543.13
1790578524.110,0.00,0.000,0.000,0,0,0.1,543.13
1790578524.360,0.00,0.000,0.000,0,0,0.3,543.13
1790578524.610,0.00,0.000,0.000,0,0,0.0,543.13
1790578524.860,0.00,0.000,0.000,0,0,0.0,543.13
1790578525.110,0.00,0.000,0.000,0,0,0.0,543.13
1790578525.360,0.00,0.000,0.000,0,0,0.1,543.13
1790578525.610,0.00,0.000,0.000,0,0,0.0,543.13
1790578525.860,0.00,0.000,0.000,0,0,0.0,543.13
1790578526.110,0.00,0.000,0.000,0,0,0.0,543.13
1790578526.360,0.00,0.000,0.000,0,0,0.0,543.13
1790578526.610,0.00,0.000,0.000,0,0,0.0,543.13
1790578526.860,0.00,0.000,0.000,0,0,0.0,543.13
1790578527.110,0.00,0.000,0.000,0,0,0.0,543.13
1790578527.360,0.00,0.000,0.000,0,0,0.1,543.13
1790578527.610,0.00,0.000,0.000,0,0,0.1,543.13
1790578527.860,0.00,0.000,0.000,0,0,0.0,543.13
1790578528.110,0.00,0.000,0.000,0,0,0.0,543.13
1790578528.360,0.00,0.000,0.000,0,0,0.0,543.13
1790578528.610,0.00,0.000,0.000,0,0,0.0,543.13
1790578528.860,0.00,0.000,0.000,0,0,0.0,543.13
1790578529.110,0.00,0.000,0.000,0,0,0.0,543.13
1790578529.360,0.00,0.000,0.000,0,0,0.0,543.13
1790578529.610,0.00,0.000,0.000,0,0,0.1,543.13
1790578529.860,0.00,0.000,0.000,0,0,0.0,543.13
1790578530.110,0.00,0.000,0.000,0,0,0.0,543.13
1790578530.360,0.00,0.000,0.000,0,0,0.1,543.13
1790578530.610,0.00,0.000,0.000,0,0,0.0,543.13
1790578530.860,0.00,0.000,0.000,0,0,0.4,543.13
1790578531.110,0.00,0.000,0.000,0,0,0.0,543.13
1790578531.360,0.00,0.000,0.000,0,0,0.0,543.13
1790578531.610,0.00,0.000,0.000,0,0,0.0,543.13
1790578531.860,0.00,0.000,0.000,0,0,0.1,543.13
1790578532.110,0.00,0.000,0.000,0,0,0.1,543.13
1790578532.360,0.00,0.000,0.000,0,0,0.1,543.13
1790578532.610,0.00,0.000,0.000,0,0,0.0,543.13
1790578532.860,0.00,0.000,0.000,0,0,0.1,543.13
1790578533.110,0.00,0.000,0.000,0,0,0.0,543.13
1790578533.360,0.00,0.000,0.000,0,0,0.1,543.13
1790578533.610,0.00,0.000,0.000,0,0,0.0,543.13
1790578533.860,0.00,0.000,0.000,0,0,0.0,543.13
1790578534.110,0.00,0.000,0.000,0,0,0.0,543.13
1790578534.360,0.00,0.000,0.000,0,0,0.0,543.13
1790578534.610,0.00,0.000,0.000,0,0,0.0,543.13
1790578534.860,0.00,0.000,0.000,0,0,0.2,543.13
1790578535.110,0.00,0.000,0.000,0,0,0.1,543.13
1790578535.360,0.00,0.000,0.000,0,0,0.0,543.13
1790578535.610,0.00,0.000,0.000,0,0,0.0,543.13
1790578535.860,0.00,0.000,0.000,0,0,0.1,543.13
1790578536.110,0.00,0.000,0.000,0,0,0.1,543.13
1790578536.360,0.00,0.000,0.000,0,0,0.1,543.13
1790578536.610,0.00,0.000,0.000,0,0,0.0,543.13
1790578536.860,0.00,0.000,0.000,0,0,0.0,543.13
1790578537.110,0.00,0.000,0.000,0,0,0.0,543.13
1790578537.360,0.00,0.000,0.000,0,0,0.1,543.13
1790578537.610,0.00,0.000,0.000,0,0,0.2,543.13
1790578537.860,0.00,0.000,0.000,0,0,0.0,543.13
1790578538.110,0.00,0.000,0.000,0,0,0.1,543.13
1790578538.360,0.00,0.000,0.000,0,0,0.1,543.13
1790578538.610,0.00,0.000,0.000,0,0,0.0,543.13
1790578538.860,0.00,0.000,0.000,0,0,0.0,543.13
1790578539.110,0.00,0.000,0.000,0,0,21.1,543.13
1790578539.360,0.00,0.000,0.000,0,0,0.0,543.12
1790578539.610,0.00,0.000,0.000,0,0,0.0,543.12
1790578539.860,0.00,0.000,0.000,0,0,0.1,543.12
1790578540.110,0.00,0.000,0.000,0,0,0.0,543.12
1790578540.360,0.00,0.000,0.000,0,0,0.0,543.12
1790578540.610,0.00,0.000,0.000,0,0,0.4,543.12
1790578540.860,0.00,0.000,0.000,0,0,0.3,543.12
1790578541.110,0.00,0.000,0.000,0,0,0.0,543.12
1790578541.360,0.00,0.000,0.000,0,0,0.0,543.12
1790578541.610,0.00,0.000,0.000,0,0,0.0,543.12
1790578541.860,0.00,0.000,0.000,0,0,0.0,543.12
1790578542.110,0.00,0.000,0.000,0,0,0.0,543.12
1790578542.360,0.00,0.000,0.000,0,0,0.0,543.12
1790578542.610,0.00,0.000,0.000,0,0,0.1,543.12
1790578542.860,0.00,0.000,0.000,0,0,0.0,543.12
1790578543.110,0.00,0.000,0.000,0,0,0.0,543.12
1790578543.360,0.00,0.000,0.000,0,0,0.0,543.12
1790578543.610,0.00,0.000,0.000,0,0,0.0,543.12
1790578543.860,0.00,0.000,0.000,0,0,0.0,543.12
1790578544.110,0.00,0.000,0.000,0,0,0.0,543.12
1790578544.360,0.00,0.000,0.000,0,0,0.0,543.12
1790578544.610,0.00,0.000,0.000,0,0,0.1,543.12
1790578544.860,0.00,0.000,0.000,0,0,0.0,543.12
1790578545.110,0.00,0.000,0.000,0,0,0.0,543.12
1790578545.360,0.00,0.000,0.000,0,0,0.0,543.12
1790578545.610,0.00,0.000,0.000,0,0,0.0,543.12
1790578545.860,0.00,0.000,0.000,0,0,0.0,543.12
1790578546.110,0.00,0.000,0.000,0,0,0.1,543.12
1790578546.360,0.00,0.000,0.000,0,0,0.4,543.12
1790578546.610,0.00,0.000,0.000,0,0,0.0,543.12
1790578546.860,0.00,0.000,0.000,0,0,0.0,543.12
1790578547.110,0.00,0.000,0.000,0,0,0.0,543.12
1790578547.360,0.00,0.000,0.000,0,0,0.1,543.12
1790578547.610,0.00,0.000,0.000,0,0,0.1,543.12
1790578547.860,0.00,0.000,0.000,0,0,0.0,543.12
1790578548.110,0.00,0.000,0.000,0,0,0.0,543.12
1790578548.360,0.00,0.000,0.000,0,0,0.1,543.12
1790578548.610,0.00,0.000,0.000,0,0,0.0,543.12
1790578548.860,0.00,0.000,0.000,0,0,0.0,543.12
1790578549.110,0.00,0.000,0.000,0,0,0.0,543.12
1790578549.360,0.00,0.000,0.000,0,0,0.0,543.12
1790578549.610,0.00,0.000,0.000,0,0,0.0,543.12
1790578549.860,0.00,0.000,0.000,0,0,0.0,543.12
1790578550.110,0.00,0.000,0.000,0,0,0.0,543.12
1790578550.360,0.00,0.000,0.000,0,0,0.0,543.12
1790578550.610,0.00,0.000,0.000,0,0,0.1,543.12
1790578550.860,0.00,0.000,0.000,0,0,0.0,543.12
1790578551.110,0.00,0.000,0.000,0,0,0.0,543.12
1790578551.360,0.00,0.000,0.000,0,0,0.0,543.12
1790578551.610,0.00,0.000,0.000,0,0,0.1,543.12
1790578551.860,0.00,0.000,0.000,0,0,0.0,543.12
1790578552.110,0.00,0.000,0.000,0,0,0.0,543.12
1790578552.360,0.00,0.000,0.000,0,0,0.0,543.12
1790578552.610,0.00,0.000,0.000,0,0,0.0,543.12
1790578552.860,0.00,0.000,0.000,0,0,0.0,543.12
1790578553.110,0.00,0.000,0.000,0,0,0.0,543.12
1790578553.360,0.00,0.000,0.000,0,0,0.0,543.12
1790578553.610,0.00,0.000,0.000,0,0,0.1,543.12
1790578553.860,0.00,0.000,0.000,0,0,0.0,543.12
1790578554.110,0.00,0.000,0.000,0,0,0.0,543.12
1790578554.360,0.00,0.000,0.000,0,0,0.3,543.12
1790578554.610,0.00,0.000,0.000,0,0,0.0,543.12
1790578554.860,0.00,0.000,0.000,0,0,0.0,543.12
1790578555.110,0.00,0.000,0.000,0,0,0.0,543.12
1790578555.360,0.00,0.000,0.000,0,0,0.1,543.12
1790578555.610,0.00,0.000,0.000,0,0,0.1,543.12
1790578555.860,0.00,0.000,0.000,0,0,0.0,543.12
1790578556.110,0.00,0.000,0.000,0,0,0.1,543.12
1790578556.360,0.00,0.000,0.000,0,0,0.0,543.12
1790578556.610,0.00,0.000,0.000,0,0,0.0,543.12
1790578556.860,0.00,0.000,0.000,0,0,0.1,543.12
1790578557.110,0.00,0.000,0.000,0,0,0.0,543.12
1790578557.360,0.00,0.000,0.000,0,0,0.1,543.12
1790578557.610,0.00,0.000,0.000,0,0,0.3,543.12
1790578557.860,0.00,0.000,0.000,0,0,0.1,543.12
1790578558.110,0.00,0.000,0.000,0,0,0.0,543.12
1790578558.360,0.00,0.000,0.000,0,0,0.1,543.12
1790578558.610,0.00,0.000,0.000,0,0,0.0,543.12
1790578558.860,0.00,0.000,0.000,0,0,0.0,543.12
1790578559.110,0.00,0.000,0.000,0,0,0.5,543.12
1790578559.360,0.00,0.000,0.000,0,0,0.0,543.12
1790578559.610,0.00,0.000,0.000,0,0,0.1,543.12
1790578559.860,0.00,0.000,0.000,0,0,0.0,543.12
1790578560.110,0.00,0.000,0.000,0,0,0.0,543.12
1790578560.360,0.00,0.000,0.000,0,0,0.1,543.12
1790578560.610,0.00,0.000,0.000,0,0,0.2,543.12
1790578560.860,0.00,0.000,0.000,0,0,0.0,543.12
1790578561.110,0.00,0.000,0.000,0,0,0.0,543.12
1790578561.360,0.00,0.000,0.000,0,0,0.0,543.12
1790578561.610,0.00,0.000,0.000,0,0,0.1,543.12
1790578561.860,0.00,0.000,0.000,0,0,0.1,543.12
1790578562.110,0.00,0.000,0.000,0,0,0.4,543.12
1790578562.360,0.00,0.000,0.000,0,0,0.0,543.12
1790578562.610,0.00,0.000,0.000,0,0,0.1,543.12
1790578562.860,0.00,0.000,0.000,0,0,0.1,543.12
1790578563.110,0.00,0.000,0.000,0,0,0.2,543.12
1790578563.360,0.00,0.000,0.000,0,0,0.1,543.12
1790578563.610,0.00,0.000,0.000,0,0,0.1,543.12
1790578563.860,0.00,0.000,0.000,0,0,0.0,543.12
1790578564.110,0.00,0.000,0.000,0,0,0.0,543.12
1790578564.360,0.00,0.000,0.000,0,0,0.2,543.12
1790578564.610,0.00,0.000,0.000,0,0,0.0,543.12
1790578564.860,0.00,0.000,0.000,0,0,0.3,543.12
1790578565.110,0.00,0.000,0.000,0,0,0.4,543.12
1790578565.360,0.00,0.000,0.000,0,0,0.1,543.12
1790578565.610,0.00,0.000,0.000,0,0,0.1,543.12
1790578565.860,0.00,0.000,0.000,0,0,0.0,543.12
1790578566.110,0.00,0.000,0.000,0,0,0.0,543.12
1790578566.360,0.00,0.000,0.000,0,0,0.0,543.12
1790578566.610,0.00,0.000,0.000,0,0,0.1,543.12
1790578566.860,0.00,0.000,0.000,0,0,0.2,543.12
1790578567.110,0.00,0.000,0.000,0,0,0.1,543.12
1790578567.360,0.00,0.000,0.000,0,0,0.0,543.12
1790578567.610,0.00,0.000,0.000,0,0,0.0,543.12
1790578567.860,0.00,0.000,0.000,0,0,0.1,543.12
1790578568.110,0.00,0.000,0.000,0,0,0.1,543.12
1790578568.360,0.00,0.000,0.000,0,0,0.1,543.12
1790578568.610,0.00,0.000,0.000,0,0,0.1,543.12
1790578568.860,0.00,0.000,0.000,0,0,0.0,543.12
1790578569.110,0.00,0.000,0.000,0,0,0.2,543.12
1790578569.360,0.00,0.000,0.000,0,0,0.0,543.12
1790578569.610,0.00,0.000,0.000,0,0,0.1,543.12
1790578569.860,0.00,0.000,0.000,0,0,0.5,543.12
1790578570.110,0.00,0.000,0.000,0,0,0.1,543.12
1790578570.360,0.00,0.000,0.000,0,0,0.0,543.12
1790578570.610,0.00,0.000,0.000,0,0,0.3,543.12
1790578570.860,0.00,0.000,0.000,0,0,0.1,543.12
1790578571.110,0.00,0.000,0.000,0,0,0.1,543.12
1790578571.360,0.00,0.000,0.000,0,0,0.0,543.12
1790578571.610,0.00,0.000,0.000,0,0,0.1,543.12
1790578571.860,0.00,0.000,0.000,0,0,0.1,543.12
1790578572.110,0.00,0.000,0.000,0,0,0.0,543.12
1790578572.360,0.00,0.000,0.000,0,0,0.0,543.12
1790578572.610,0.00,0.000,0.000,0,0,0.0,543.12
1790578572.860,0.00,0.000,0.000,0,0,0.1,543.12
1790578573.110,0.00,0.000,0.000,0,0,0.8,543.12
1790578573.360,0.00,0.000,0.000,0,0,0.2,543.13
1790578573.610,0.00,0.000,0.000,0,0,0.0,543.13
1790578573.860,0.00,0.000,0.000,0,0,0.0,543.13
1790578574.110,0.00,0.000,0.000,0,0,0.0,543.13
1790578574.360,0.00,0.000,0.000,0,0,0.1,543.13
1790578574.610,0.00,0.000,0.000,0,0,0.1,543.13
1790578574.860,0.00,0.000,0.000,0,0,0.0,543.13
1790578575.110,0.00,0.000,0.000,0,0,0.1,543.13
1790578575.360,0.00,0.000,0.000,0,0,0.0,543.13
1790578575.610,0.00,0.000,0.000,0,0,0.1,543.13
1790578575.860,0.00,0.000,0.000,0,0,0.1,543.13
1790578576.110,0.00,0.000,0.000,0,0,0.0,543.13
1790578576.360,0.00,0.000,0.000,0,0,0.0,543.13
1790578576.610,0.00,0.000,0.000,0,0,0.0,543.13
1790578576.860,0.00,0.000,0.000,0,0,0.0,543.13
1790578577.110,0.00,0.000,0.000,0,0,0.1,543.13
1790578577.360,0.00,0.000,0.000,0,0,0.0,543.13
1790578577.610,0.00,0.000,0.000,0,0,0.0,543.13
1790578577.860,0.00,0.000,0.000,0,0,0.0,543.13
1790578578.110,0.00,0.000,0.000,0,0,0.0,543.13
1790578578.360,0.00,0.000,0.000,0,0,0.0,543.13
1790578578.610,0.00,0.000,0.000,0,0,0.0,543.13
1790578578.860,0.00,0.000,0.000,0,0,0.3,543.13
1790578579.110,0.00,0.000,0.000,0,0,0.0,543.13
1790578579.360,0.00,0.000,0.000,0,0,0.0,543.13
1790578579.610,0.00,0.000,0.000,0,0,0.1,543.13
1790578579.860,0.00,0.000,0.000,0,0,0.1,543.13
1790578580.110,0.00,0.000,0.000,0,0,0.1,543.13
1790578580.360,0.00,0.000,0.000,0,0,0.0,543.13
1790578580.610,0.00,0.000,0.000,0,0,0.2,543.13
1790578580.860,0.00,0.000,0.000,0,0,0.2,543.13
1790578581.110,0.00,0.000,0.000,0,0,0.1,543.13
1790578581.360,0.00,0.000,0.000,0,0,0.0,543.13
1790578581.610,0.00,0.000,0.000,0,0,0.1,543.13
1790578581.860,0.00,0.000,0.000,0,0,0.0,543.13
1790578582.110,0.00,0.000,0.000,0,0,0.1,543.13
1790578582.360,0.00,0.000,0.000,0,0,0.0,543.13
1790578582.610,0.00,0.000,0.000,0,0,0.0,543.13
1790578582.860,0.00,0.000,0.000,0,0,0.1,543.13
1790578583.110,0.00,0.000,0.000,0,0,0.4,543.13
1790578583.360,0.00,0.000,0.000,0,0,0.0,543.13
1790578583.610,0.00,0.000,0.000,0,0,0.0,543.13
1790578583.860,0.00,0.000,0.000,0,0,0.1,543.13
1790578584.110,0.00,0.000,0.000,0,0,0.0,543.13
1790578584.360,0.00,0.000,0.000,0,0,0.2,543.13
1790578584.610,0.00,0.000,0.000,0,0,0.4,543.13
1790578584.860,0.00,0.000,0.000,0,0,0.0,543.13
1790578585.110,0.00,0.000,0.000,0,0,0.1,543.13
1790578585.360,0.00,0.000,0.000,0,0,0.0,543.13
1790578585.610,0.00,0.000,0.000,0,0,0.1,543.13
1790578585.860,0.00,0.000,0.000,0,0,0.0,543.13
1790578586.110,0.00,0.000,0.000,0,0,0.1,543.13
1790578586.360,0.00,0.000,0.000,0,0,0.0,543.13
1790578586.610,0.00,0.000,0.000,0,0,0.0,543.13
1790578586.860,0.00,0.000,0.000,0,0,0.0,543.13
1790578587.110,0.00,0.000,0.000,0,0,18.7,543.13
1790578587.360,0.00,0.000,0.000,0,0,0.0,543.13
1790578587.610,0.00,0.000,0.000,0,0,0.0,543.13
1790578587.860,0.00,0.000,0.000,0,0,0.0,543.13
1790578588.110,0.00,0.000,0.000,0,0,0.0,543.13
1790578588.360,0.00,0.000,0.000,0,0,0.1,543.13
1790578588.610,0.00,0.000,0.000,0,0,0.0,543.13
1790578588.860,0.00,0.000,0.000,0,0,0.1,543.13
1790578589.110,0.00,0.000,0.000,0,0,0.4,543.13
1790578589.360,0.00,0.000,0.000,0,0,0.5,543.13
1790578589.610,0.00,0.000,0.000,0,0,0.0,543.13
1790578589.860,0.00,0.000,0.000,0,0,0.2,543.13
1790578590.110,0.00,0.000,0.000,0,0,0.0,543.13
1790578590.360,0.00,0.000,0.000,0,0,0.1,543.13
1790578590.610,0.00,0.000,0.000,0,0,0.1,543.13
1790578590.860,0.00,0.000,0.000,0,0,0.1,543.13
1790578591.110,0.00,0.000,0.000,0,0,0.1,543.13
1790578591.360,0.00,0.000,0.000,0,0,0.1,543.13
1790578591.610,0.00,0.000,0.000,0,0,0.0,543.13
1790578591.860,0.00,0.000,0.000,0,0,0.1,543.13
1790578592.110,0.00,0.000,0.000,0,0,0.0,543.13
1790578592.360,0.00,0.000,0.000,0,0,0.0,543.13
1790578592.610,0.00,0.000,0.000,0,0,0.2,543.13
1790578592.860,0.00,0.000,0.000,0,0,0.0,543.13
1790578593.110,0.00,0.000,0.000,0,0,0.0,543.13
1790578593.360,0.00,0.000,0.000,0,0,0.0,543.13
1790578593.610,0.00,0.000,0.000,0,0,0.0,543.13
1790578593.860,0.00,0.000,0.000,0,0,0.1,543.13
1790578594.110,0.00,0.000,0.000,0,0,0.0,543.13
1790578594.360,0.00,0.000,0.000,0,0,0.0,543.13
1790578594.610,0.00,0.000,0.000,0,0,0.0,543.13
1790578594.860,0.00,0.000,0.000,0,0,0.0,543.13
1790578595.110,0.00,0.000,0.000,0,0,0.1,543.13
1790578595.360,0.00,0.000,0.000,0,0,0.0,543.13
1790578595.610,0.00,0.000,0.000,0,0,0.0,543.13
1790578595.860,0.00,0.000,0.000,0,0,0.0,543.13
1790578596.110,0.00,0.000,0.000,0,0,0.7,543.13
1790578596.360,0.00,0.000,0.000,0,0,0.0,543.13
1790578596.610,0.00,0.000,0.000,0,0,0.1,543.13
1790578596.860,0.00,0.000,0.000,0,0,0.0,543.13
1790578597.110,0.00,0.000,0.000,0,0,0.1,543.13
1790578597.360,0.00,0.000,0.000,0,0,0.0,543.13
1790578597.610,0.00,0.000,0.000,0,0,0.0,543.13
1790578597.860,0.00,0.000,0.000,0,0,0.0,543.13
1790578598.110,0.00,0.000,0.000,0,0,0.7,543.13
1790578598.360,0.00,0.000,0.000,0,0,0.0,543.13
1790578598.610,0.00,0.000,0.000,0,0,0.0,543.13
1790578598.860,0.00,0.000,0.000,0,0,0.0,543.13
1790578599.110,0.00,0.000,0.000,0,0,0.4,543.13
1790578599.360,0.00,0.000,0.000,0,0,0.0,543.13
1790578599.610,0.00,0.000,0.000,0,0,0.0,543.13
1790578599.860,0.00,0.000,0.000,0,0,0.0,543.13
1790578600.110,0.00,0.000,0.000,0,0,0.0,543.13
1790578600.360,0.00,0.000,0.000,0,0,0.0,543.13
1790578600.610,0.00,0.000,0.000,0,0,0.1,543.13
1790578600.860,0.00,0.000,0.000,0,0,0.0,543.13
1790578601.110,0.00,0.000,0.000,0,0,0.0,543.13
1790578601.360,0.00,0.000,0.000,0,0,0.0,543.13
1790578601.610,0.00,0.000,0.000,0,0,0.0,543.13
1790578601.860,0.00,0.000,0.000,0,0,0.0,543.13
1790578602.110,0.00,0.000,0.000,0,0,0.0,543.13
1790578602.360,0.00,0.000,0.000,0,0,0.0,543.13
1790578602.610,0.00,0.000,0.000,0,0,0.0,543.13
1790578602.860,0.00,0.000,0.000,0,0,0.0,543.13
1790578603.110,0.00,0.000,0.000,0,0,0.0,543.13
1790578603.360,0.00,0.000,0.000,0,0,0.1,543.13
1790578603.610,0.00,0.000,0.000,0,0,0.0,543.13
1790578603.860,0.00,0.000,0.000,0,0,0.0,543.13
1790578604.110,0.00,0.000,0.000,0,0,0.1,543.13
1790578604.360,0.00,0.000,0.000,0,0,0.0,543.13
1790578604.610,0.00,0.000,0.000,0,0,0.2,543.13
1790578604.860,0.00,0.000,0.000,0,0,0.1,543.13
1790578605.110,0.00,0.000,0.000,0,0,0.1,543.13
1790578605.360,0.00,0.000,0.000,0,0,0.0,543.13
1790578605.610,0.00,0.000,0.000,0,0,0.0,543.13
1790578605.860,0.00,0.000,0.000,0,0,0.0,543.13
1790578606.110,0.00,0.000,0.000,0,0,0.0,543.13
1790578606.360,0.00,0.000,0.000,0,0,0.0,543.13
1790578606.610,0.00,0.000,0.000,0,0,0.5,543.15
1790578606.860,0.00,0.000,0.000,0,0,2.8,543.22
1790578607.110,0.00,0.000,0.000,0,0,0.0,543.22
1790578607.360,0.00,0.000,0.000,0,0,0.0,543.22
1790578607.610,0.00,0.000,0.000,0,0,0.0,543.22
1790578607.860,0.00,0.000,0.000,0,0,0.0,543.21
1790578608.110,0.00,0.000,0.000,0,0,0.1,543.21
1790578608.360,0.00,0.000,0.000,0,0,0.1,543.21
1790578608.610,0.00,0.000,0.000,0,0,0.1,543.22
1790578608.860,0.00,0.000,0.000,0,0,0.0,543.22
1790578609.110,0.00,0.000,0.000,0,0,0.1,543.22
1790578609.360,0.00,0.000,0.000,0,0,0.1,543.22
1790578609.610,0.00,0.000,0.000,0,0,0.2,543.22
1790578609.860,0.00,0.000,0.000,0,0,0.0,543.22
1790578610.110,0.00,0.000,0.000,0,0,1.2,543.27
1790578610.360,0.00,0.000,0.000,0,0,0.4,543.27
1790578610.610,0.00,0.000,0.000,0,0,0.1,543.27
1790578610.860,0.00,0.000,0.000,0,0,0.1,543.27
1790578611.110,0.00,0.000,0.000,0,0,0.1,543.26
1790578611.360,0.00,0.000,0.000,0,0,0.0,543.26
1790578611.610,0.00,0.000,0.000,0,0,0.1,543.26
1790578611.860,0.00,0.000,0.000,0,0,0.0,543.26
1790578612.110,0.00,0.000,0.000,0,0,0.3,543.26
1790578612.360,0.00,0.000,0.000,0,0,0.0,543.26
1790578612.610,0.00,0.000,0.000,0,0,0.2,543.26
1790578612.860,0.00,0.000,0.000,0,0,0.0,543.26
1790578613.110,0.00,0.000,0.000,0,0,0.1,543.26
1790578613.360,0.00,0.000,0.000,0,0,0.0,543.26
1790578613.610,0.00,0.000,0.000,0,0,0.1,543.26
1790578613.860,0.00,0.000,0.000,0,0,0.0,543.26
1790578614.110,0.00,0.000,0.000,0,0,0.1,543.26
1790578614.360,0.00,0.000,0.000,0,0,0.2,543.26
1790578614.610,0.00,0.000,0.000,0,0,0.1,543.26
1790578614.860,0.00,0.000,0.000,0,0,0.2,543.26
1790578615.110,0.00,0.000,0.000,0,0,0.0,543.26
1790578615.360,0.00,0.000,0.000,0,0,0.1,543.26
1790578615.610,0.00,0.000,0.000,0,0,0.1,543.26
1790578615.860,0.00,0.000,0.000,0,0,0.1,543.26
1790578616.110,0.00,0.000,0.000,0,0,0.0,543.26
1790578616.360,0.00,0.000,0.000,0,0,0.0,543.26
1790578616.610,0.00,0.000,0.000,0,0,0.2,543.26
1790578616.860,0.00,0.000,0.000,0,0,0.1,543.26
1790578617.110,0.00,0.000,0.000,0,0,0.5,543.26
1790578617.360,0.00,0.000,0.000,0,0,0.0,543.26
1790578617.610,0.00,0.000,0.000,0,0,0.0,543.26
1790578617.860,0.00,0.000,0.000,0,0,0.1,543.26
1790578618.110,0.00,0.000,0.000,0,0,0.0,543.26
1790578618.360,0.00,0.000,0.000,0,0,0.0,543.26
1790578618.610,0.00,0.000,0.000,0,0,0.0,543.26
1790578618.860,0.00,0.000,0.000,0,0,0.0,543.26
1790578619.110,0.00,0.000,0.000,0,0,0.1,543.26
1790578619.360,0.00,0.000,0.000,0,0,0.2,543.26
1790578619.610,0.00,0.000,0.000,0,0,0.0,543.26
1790578619.860,0.00,0.000,0.000,0,0,0.0,543.26
1790578620.110,0.00,0.000,0.000,0,0,0.0,543.26
1790578620.360,0.00,0.000,0.000,0,0,0.0,543.26
1790578620.610,0.00,0.000,0.000,0,0,0.0,543.26
1790578620.860,0.00,0.000,0.000,0,0,0.0,543.26
1790578621.110,0.00,0.000,0.000,0,0,0.0,543.26
1790578621.360,0.00,0.000,0.000,0,0,0.0,543.26
1790578621.610,0.00,0.000,0.000,0,0,0.3,543.26
1790578621.860,0.00,0.000,0.000,0,0,0.0,543.26
1790578622.110,0.00,0.000,0.000,0,0,0.1,543.26
1790578622.360,0.00,0.000,0.000,0,0,0.0,543.26
1790578622.610,0.00,0.000,0.000,0,0,0.1,543.26
1790578622.860,0.00,0.000,0.000,0,0,0.1,543.26
1790578623.110,0.00,0.000,0.000,0,0,0.0,543.26
1790578623.360,0.00,0.000,0.000,0,0,0.1,543.26
1790578623.610,0.00,0.000,0.000,0,0,0.1,543.26
1790578623.860,0.00,0.000,0.000,0,0,0.7,543.27
1790578624.110,0.00,0.000,0.000,0,0,0.1,543.27
1790578624.360,0.00,0.000,0.000,0,0,0.0,543.27
1790578624.610,0.00,0.000,0.000,0,0,0.1,543.27
1790578624.860,0.00,0.000,0.000,0,0,0.0,543.27
1790578625.110,0.00,0.000,0.000,0,0,0.1,543.28
1790578625.360,0.00,0.000,0.000,0,0,0.1,543.28
1790578625.610,0.00,0.000,0.000,0,0,0.0,543.28
1790578625.860,0.00,0.000,0.000,0,0,0.5,543.28
1790578626.110,0.00,0.000,0.000,0,0,0.0,543.28
1790578626.360,0.00,0.000,0.000,0,0,0.1,543.28
1790578626.610,0.00,0.000,0.000,0,0,0.3,543.28
1790578626.860,0.00,0.000,0.000,0,0,0.2,543.28
1790578627.110,0.00,0.000,0.000,0,0,0.4,543.29
1790578627.360,0.00,0.000,0.000,0,0,0.2,543.29
1790578627.610,0.00,0.000,0.000,0,0,0.2,543.29
1790578627.860,0.00,0.000,0.000,0,0,0.1,543.29
1790578628.110,0.00,0.000,0.000,0,0,0.0,543.29
1790578628.360,0.00,0.000,0.000,0,0,0.1,543.29
1790578628.610,0.00,0.000,0.000,0,0,0.4,543.29
1790578628.860,0.00,0.000,0.000,0,0,0.1,543.29
1790578629.110,0.00,0.000,0.000,0,0,0.8,543.29
1790578629.360,0.00,0.000,0.000,0,0,0.1,543.29
1790578629.610,0.00,0.000,0.000,0,0,1.5,543.30
1790578629.860,0.00,0.000,0.000,0,0,0.3,543.30
1790578630.110,0.00,0.000,0.000,0,0,0.0,543.30
1790578630.360,0.00,0.000,0.000,0,0,0.0,543.30
1790578630.610,0.00,0.000,0.000,0,0,0.1,543.30
1790578630.860,0.00,0.000,0.000,0,0,0.0,543.30
1790578631.110,0.00,0.000,0.000,0,0,0.8,543.30
1790578631.360,0.00,0.000,0.000,0,0,0.1,543.30
1790578631.610,0.00,0.000,0.000,0,0,0.1,543.30
1790578631.860,0.00,0.000,0.000,0,0,0.1,543.30
1790578632.110,0.00,0.000,0.000,0,0,0.1,543.30
1790578632.360,0.00,0.000,0.000,0,0,0.0,543.30
1790578632.610,0.00,0.000,0.000,0,0,0.3,543.30
1790578632.860,0.00,0.000,0.000,0,0,0.6,543.30
1790578633.110,0.00,0.000,0.000,0,0,0.0,543.30
1790578633.360,0.00,0.000,0.000,0,0,0.4,543.31
1790578633.610,0.00,0.000,0.000,0,0,0.1,543.31
1790578633.860,0.00,0.000,0.000,0,0,0.5,543.31
1790578634.110,0.00,0.000,0.000,0,0,0.1,543.31
1790578634.360,0.00,0.000,0.000,0,0,0.2,543.31
1790578634.610,0.00,0.000,0.000,0,0,0.1,543.31
1790578634.860,0.00,0.000,0.000,0,0,0.1,543.31
1790578635.110,0.00,0.000,0.000,0,0,1.2,543.31
